TYPE-1,FAMILY,ID,TYPE-2,COLOR,CAUNTRY,L,W,H,SINGLE,LIFT-1,LIFT-2,EDGE-H-RIGHT,EDGE-H-LEFT,H-GROOVE,H-CALIBRATION,H-ROTATION,EDGE-V-RIGHT,EDGE-V-LEFT,V-GROOVE,V-CALIBRATION,V-ROTATION,R15,R70,RXX,DRILL-1-0000,DRILL-1-0016,DRILL-1-0712,DRILL-1-1318,DRILL-1-1924,DRILL-2-0000,DRILL-2-0016,DRILL-2-0712,DRILL-2-1318,DRILL-2-1924,HOLES,SPLITTER-1,ADITIONAL_TABLE,DRILL-EDGE-1,DRILL-EDGE-2,PLATES,ADITIONAL-HEAD,RIBBING,SPLITTER-2,GROUP-0,GROUP-1,GROUP-2,HEAD-X-1-0016,HEAD-X-1-0712,HEAD-X-1-1318,HEAD-X-1-1924,HEAD-X-2-0016,HEAD-X-2-0712,HEAD-X-2-1318,HEAD-X-2-1924,HEAD-Y-1-0016,HEAD-Y-1-0712,HEAD-Y-1-1318,HEAD-Y-1-1924,HEAD-Y-2-0016,HEAD-Y-2-0712,HEAD-Y-2-1318,HEAD-Y-2-1924,HEAD-1,HEAD-2,DRIL-1-PUT-UP,DRIL-2-PUT-UP,DRIL-1-SET-UP,DRIL-2-SET-UP,LIFT-1-SPEED,LIFT-1-TACT,EDGE-H-SPPED,EDGE-H-TACT,ROTATION-1-IN-SPEED,ROTATION-1-OUT-SPEED,EDGE-V-SPPED,EDGE-V-TACT,FIST,ROTATION-2-IN-SPEED,ROTATION-2-OUT-SPEED
1,SO,S735SOB1101KCHE,K,CH,E,529,375,16,0,1,1,1,1,0,0,1,1,1,0,0,1,0,0,1,1,0,7,0,0,1,5,0,0,0,23,1,0,4,8,0,0,3,0,0,1,8,0,130,0,0,110,0,0,0,0,480,0,0,360,0,0,0,7,5,3,4,9,8,18,14,18,14,18,18,18,18,2,18,18
1,SO,S735SOB1101KWHE,K,WH,E,529,375,16,0,1,1,1,1,0,0,1,1,1,0,0,1,0,0,1,1,0,7,0,0,1,5,0,0,0,23,1,0,4,8,0,0,3,0,0,1,8,0,130,0,0,110,0,0,0,0,480,0,0,360,0,0,0,7,5,3,4,9,8,18,14,18,14,18,18,18,18,2,18,18
1,SO,S735SOB1101DCHE,D,CH,E,529,375,16,0,1,1,1,1,0,0,1,1,1,0,0,1,0,0,1,1,0,7,0,0,1,5,0,0,0,23,1,0,4,8,0,0,3,0,0,1,8,0,130,0,0,110,0,0,0,0,480,0,0,360,0,0,0,7,5,3,4,9,8,18,14,18,14,18,18,18,18,2,18,18
1,SO,S735SOB1101DWHE,D,WH,E,529,375,16,0,1,1,1,1,0,0,1,1,1,0,0,1,0,0,1,1,0,7,0,0,1,5,0,0,0,23,1,0,4,8,0,0,3,0,0,1,8,0,130,0,0,110,0,0,0,0,480,0,0,360,0,0,0,7,5,3,4,9,8,18,14,18,14,18,18,18,18,2,18,18
3,KP,S735KPB1301UBLA,U,BL,A,800,369,18,0,1,1,0,0,0,1,0,0,0,0,0,1,0,0,0,0,2,0,0,0,0,2,0,0,0,24,1,0,8,8,0,0,0,0,0,0,0,80,0,0,0,80,0,0,0,180,0,0,0,180,0,0,0,0,0,3.5,3.5,5,5,18,14,18,14,18,15,15,14,2,15,23
3,KP,S735KPB1301UWHA,U,WH,A,800,369,18,0,1,1,0,0,0,1,0,0,0,0,0,1,0,0,0,0,2,0,0,0,0,2,0,0,0,24,1,0,8,8,0,0,0,0,0,0,0,80,0,0,0,80,0,0,0,180,0,0,0,180,0,0,0,0,0,3.5,3.5,5,5,18,14,18,14,18,15,15,14,2,15,23
3,KP,S735KPB1301UBLE,U,BL,E,800,369,18,0,1,1,0,0,0,1,0,0,0,0,0,1,0,0,0,0,2,0,0,0,0,2,0,0,0,24,1,0,8,8,0,0,0,0,0,0,0,80,0,0,0,80,0,0,0,180,0,0,0,180,0,0,0,0,0,3.5,3.5,5,5,24,20,24,20,24,24,0,0,4,0,0
3,KP,S735KPB1301UWHE,U,WH,E,800,369,18,0,1,1,0,0,0,1,0,0,0,0,0,1,0,0,0,0,2,0,0,0,0,2,0,0,0,24,1,0,8,8,0,0,0,0,0,0,0,80,0,0,0,80,0,0,0,180,0,0,0,180,0,0,0,0,0,3.5,3.5,5,5,24,20,24,20,24,24,0,0,4,0,0
7,KP,S735KPB1702UBLA,U,BL,A,800,334,18,0,1,1,0,0,0,1,0,0,0,0,0,1,0,0,0,0,4,0,0,0,0,0,0,0,0,16,1,0,0,12,0,0,0,0,0,0,0,100,0,0,0,0,0,0,0,300,0,0,0,0,0,0,0,0,0,1.5,3,5,3,23,12,23,12,23,18,18,12,3,18,23
7,KP,S735KPB1702UWHA,U,WH,A,800,334,18,0,1,1,0,0,0,1,0,0,0,0,0,1,0,0,0,0,4,0,0,0,0,0,0,0,0,16,1,0,0,12,0,0,0,0,0,0,0,100,0,0,0,0,0,0,0,300,0,0,0,0,0,0,0,0,0,1.5,3,5,3,23,12,23,12,23,18,18,12,3,18,23
7,KP,S735KPB1702UBLE,U,BL,E,800,334,18,0,1,1,0,0,0,1,0,0,0,0,0,1,0,0,0,0,4,0,0,0,0,0,0,0,0,16,1,0,0,12,0,0,0,0,0,0,0,100,0,0,0,0,0,0,0,300,0,0,0,0,0,0,0,0,0,1.5,3,5,3,23,12,23,12,23,18,18,12,3,18,23
7,KP,S735KPB1702UWHE,U,WH,E,800,334,18,0,1,1,0,0,0,1,0,0,0,0,0,1,0,0,0,0,4,0,0,0,0,0,0,0,0,16,1,0,0,12,0,0,0,0,0,0,0,100,0,0,0,0,0,0,0,300,0,0,0,0,0,0,0,0,0,1.5,3,5,3,23,12,23,12,23,18,18,12,3,18,23
1,SO,S735SOB1102UCHE,U,CH,E,2002,180,22,1,1,1,0,0,0,0,1,0,1,0,0,0,0,0,1,1,0,7,0,0,1,4,0,0,0,34,0,1,4,10,0,0,2,0,0,2,4,0,130,0,0,100,0,0,0,0,480,0,0,300,0,0,0,7,4,3,4,9,7.5,28,12,28,12,28,16,16,12,3,16,35
1,SO,S735SOB1102UWHE,U,WH,E,2002,180,22,1,1,1,0,0,0,0,1,0,1,0,0,0,0,0,1,1,0,7,0,0,1,4,0,0,0,34,0,1,4,10,0,0,2,0,0,2,4,0,130,0,0,100,0,0,0,0,480,0,0,300,0,0,0,7,4,3,4,9,7.5,28,12,28,12,28,16,16,12,3,16,35
1,BR,S735BRB1122UOAA,U,OA,A,566,258,16,1,1,1,1,1,0,0,0,0,1,0,0,0,0,0,1,1,5,0,0,0,1,4,0,0,0,40,0,1,4,8,0,0,2,0,0,2,4,110,0,0,0,100,0,0,0,360,0,0,0,300,0,0,0,5,4,3,3.5,7,7,17,16,17,16,17,16,16,16,2,20,20
1,BR,S735BRB1122UWHA,U,WH,A,566,258,16,1,1,1,1,1,0,0,0,0,1,0,0,0,0,0,1,1,5,0,0,0,1,4,0,0,0,40,0,1,4,8,0,0,2,0,0,2,4,110,0,0,0,100,0,0,0,360,0,0,0,300,0,0,0,5,4,3,3.5,7,7,17,16,17,16,17,16,16,16,2,20,20
1,BR,S735BRB1122UCHE,U,CH,E,566,258,16,1,1,1,1,1,0,0,0,0,1,0,0,0,0,0,1,1,5,0,0,0,1,4,0,0,0,40,0,1,4,8,0,0,2,0,0,2,4,110,0,0,0,100,0,0,0,360,0,0,0,300,0,0,0,5,4,3,3.5,7,7,17,16,17,16,17,16,16,16,2,20,20
1,BR,S735BRB1122UOAE,U,OA,E,566,258,16,1,1,1,1,1,0,0,0,0,1,0,0,0,0,0,1,1,5,0,0,0,1,4,0,0,0,40,0,1,4,8,0,0,2,0,0,2,4,110,0,0,0,100,0,0,0,360,0,0,0,300,0,0,0,5,4,3,3.5,7,7,17,16,17,16,17,16,16,16,2,20,20
1,BR,S735BRB1122UWHE,U,WH,E,566,258,16,1,1,1,1,1,0,0,0,0,1,0,0,0,0,0,1,1,5,0,0,0,1,4,0,0,0,40,0,1,4,8,0,0,2,0,0,2,4,110,0,0,0,100,0,0,0,360,0,0,0,300,0,0,0,5,4,3,3.5,7,7,17,16,17,16,17,16,16,16,2,20,20
1,KP,S735KPB1104KBLA,K,BL,A,688,374,15,1,1,1,0,0,0,1,1,0,0,0,1,1,0,0,0,1,0,7,0,0,1,4,0,0,0,35,0,1,4,10,0,0,2,0,0,2,4,0,130,0,0,100,0,0,0,0,480,0,0,300,0,0,0,7,4,3,4,9,7.5,21.3,18,21.3,18,21.3,18,18,18,2,18,25
1,KP,S735KPB1104KWHA,K,WH,A,688,374,15,1,1,1,0,0,0,1,1,0,0,0,1,1,0,0,0,1,0,7,0,0,1,4,0,0,0,35,0,1,4,10,0,0,2,0,0,2,4,0,130,0,0,100,0,0,0,0,480,0,0,300,0,0,0,7,4,3,4,9,7.5,21.3,18,21.3,18,21.3,18,18,18,2,18,25
1,KP,S735KPB1104KBLE,K,BL,E,688,374,15,1,1,1,0,0,0,1,1,0,0,0,1,1,0,0,0,1,0,7,0,0,1,4,0,0,0,35,0,1,4,10,0,0,2,0,0,2,4,0,130,0,0,100,0,0,0,0,480,0,0,300,0,0,0,7,4,3,4,9,7.5,21.3,18,21.3,18,21.3,18,18,18,2,18,25
1,KP,S735KPB1104KWHE,K,WH,E,688,374,15,1,1,1,0,0,0,1,1,0,0,0,1,1,0,0,0,1,0,7,0,0,1,4,0,0,0,35,0,1,4,10,0,0,2,0,0,2,4,0,130,0,0,100,0,0,0,0,480,0,0,300,0,0,0,7,4,3,4,9,7.5,21.3,18,21.3,18,21.3,18,18,18,2,18,25
1,KP,S735KPB1104DBLA,D,BL,A,688,374,15,1,1,1,0,0,0,1,1,0,0,0,1,1,0,0,0,1,0,7,0,0,1,4,0,0,0,35,0,1,4,10,0,0,2,0,0,2,4,0,130,0,0,100,0,0,0,0,480,0,0,300,0,0,0,7,4,3,4,9,7.5,21.3,18,21.3,18,21.3,18,18,18,2,18,25
1,KP,S735KPB1104DWHA,D,WH,A,688,374,15,1,1,1,0,0,0,1,1,0,0,0,1,1,0,0,0,1,0,7,0,0,1,4,0,0,0,35,0,1,4,10,0,0,2,0,0,2,4,0,130,0,0,100,0,0,0,0,480,0,0,300,0,0,0,7,4,3,4,9,7.5,21.3,18,21.3,18,21.3,18,18,18,2,18,25
1,KP,S735KPB1104DBLE,D,BL,E,688,374,15,1,1,1,0,0,0,1,1,0,0,0,1,1,0,0,0,1,0,7,0,0,1,4,0,0,0,35,0,1,4,10,0,0,2,0,0,2,4,0,130,0,0,100,0,0,0,0,480,0,0,300,0,0,0,7,4,3,4,9,7.5,21.3,18,21.3,18,21.3,18,18,18,2,18,25
1,KP,S735KPB1104DWHE,D,WH,E,688,374,15,1,1,1,0,0,0,1,1,0,0,0,1,1,0,0,0,1,0,7,0,0,1,4,0,0,0,35,0,1,4,10,0,0,2,0,0,2,4,0,130,0,0,100,0,0,0,0,480,0,0,300,0,0,0,7,4,3,4,9,7.5,21.3,18,21.3,18,21.3,18,18,18,2,18,25
1,KP,S735KPB1103KBLA,K,BL,A,1002,374,15,1,1,1,1,1,0,0,1,1,1,0,0,1,0,0,1,3,0,7,0,0,3,0,7,0,0,23,0,0,4,0,0,0,3,0,0,1,10,0,130,0,0,0,130,0,0,0,480,0,0,0,480,0,0,7,7,3,2,9,8,26,18,26,18,26,26,26,18,0,30,30
1,KP,S735KPB1103KWHA,K,WH,A,1002,374,15,1,1,1,1,1,0,0,1,1,1,0,0,1,0,0,1,3,0,7,0,0,3,0,7,0,0,23,0,0,4,0,0,0,3,0,0,1,10,0,130,0,0,0,130,0,0,0,480,0,0,0,480,0,0,7,7,3,2,9,8,26,18,26,18,26,26,26,18,0,30,30
1,KP,S735KPB1103KBLE,K,BL,E,1002,374,15,1,1,1,1,1,0,0,1,1,1,0,0,1,0,0,1,3,0,7,0,0,3,0,7,0,0,23,0,0,4,0,0,0,3,0,0,1,10,0,130,0,0,0,130,0,0,0,480,0,0,0,480,0,0,7,7,3,2,9,8,26,18,26,18,26,17,17,18,2,20,27
1,KP,S735KPB1103KWHE,K,WH,E,1002,374,15,1,1,1,1,1,0,0,1,1,1,0,0,1,0,0,1,3,0,7,0,0,3,0,7,0,0,23,0,0,4,0,0,0,3,0,0,1,10,0,130,0,0,0,130,0,0,0,480,0,0,0,480,0,0,7,7,3,2,9,8,26,18,26,18,26,17,17,18,2,20,27
1,KP,S735KPB1103DBLA,D,BL,A,1002,374,15,1,1,1,1,1,0,0,1,1,1,0,0,1,0,0,1,3,0,7,0,0,3,0,7,0,0,23,0,0,4,0,0,0,3,0,0,1,10,0,130,0,0,0,130,0,0,0,480,0,0,0,480,0,0,7,7,3,2,9,8,26,18,26,18,26,26,26,18,0,30,30
1,KP,S735KPB1103DWHA,D,WH,A,1002,374,15,1,1,1,1,1,0,0,1,1,1,0,0,1,0,0,1,3,0,7,0,0,3,0,7,0,0,23,0,0,4,0,0,0,3,0,0,1,10,0,130,0,0,0,130,0,0,0,480,0,0,0,480,0,0,7,7,3,2,9,8,26,18,26,18,26,26,26,18,0,30,30
1,KP,S735KPB1103DBLE,D,BL,E,1002,374,15,1,1,1,1,1,0,0,1,1,1,0,0,1,0,0,1,3,0,7,0,0,3,0,7,0,0,23,0,0,4,0,0,0,3,0,0,1,10,0,130,0,0,0,130,0,0,0,480,0,0,0,480,0,0,7,7,3,2,9,8,26,18,26,18,26,17,17,18,2,20,27
1,KP,S735KPB1103DWHE,D,WH,E,1002,374,15,1,1,1,1,1,0,0,1,1,1,0,0,1,0,0,1,3,0,7,0,0,3,0,7,0,0,23,0,0,4,0,0,0,3,0,0,1,10,0,130,0,0,0,130,0,0,0,480,0,0,0,480,0,0,7,7,3,2,9,8,26,18,26,18,26,17,17,18,2,20,27
1,KP,S735KPB1106DBLA,D,BL,A,688,394,15,1,1,1,0,1,0,0,1,0,0,0,0,0,0,0,0,0,0,7,0,0,0,4,0,0,0,34,0,1,4,10,0,0,0,0,0,0,0,0,130,0,0,100,0,0,0,0,480,0,0,300,0,0,0,0,0,3,4,9,7.5,21,18,27,21,21,27,21,21,2,21,30
1,KP,S735KPB1106DWHA,D,WH,A,688,394,15,1,1,1,0,1,0,0,1,0,0,0,0,0,0,0,0,0,0,7,0,0,0,4,0,0,0,34,0,1,4,10,0,0,0,0,0,0,0,0,130,0,0,100,0,0,0,0,480,0,0,300,0,0,0,0,0,3,4,9,7.5,21,18,27,21,21,27,21,21,2,21,30
1,KP,S735KPB1106DBLE,D,BL,E,688,394,15,1,1,1,0,1,0,0,1,0,0,0,0,0,0,0,0,0,0,7,0,0,0,4,0,0,0,34,0,1,4,10,0,0,0,0,0,0,0,0,130,0,0,100,0,0,0,0,480,0,0,300,0,0,0,0,0,3,4,9,7.5,21,18,27,21,21,27,21,21,2,21,30
1,KP,S735KPB1106DWHE,D,WH,E,688,394,15,1,1,1,0,1,0,0,1,0,0,0,0,0,0,0,0,0,0,7,0,0,0,4,0,0,0,34,0,1,4,10,0,0,0,0,0,0,0,0,130,0,0,100,0,0,0,0,480,0,0,300,0,0,0,0,0,3,4,9,7.5,21,18,27,21,21,27,21,21,2,21,30
1,KP,S735KPB1106KBLA,K,BL,A,688,394,15,1,1,1,0,1,0,0,1,0,0,0,0,0,0,0,0,0,0,8,0,0,0,4,0,0,0,34,0,1,4,10,0,0,0,0,0,0,0,0,140,0,0,100,0,0,0,0,540,0,0,300,0,0,0,0,0,3.5,4,10,7.5,21,18,27,21,21,27,21,21,2,21,30
1,KP,S735KPB1106KWHA,K,WH,A,688,394,15,1,1,1,0,1,0,0,1,0,0,0,0,0,0,0,0,0,0,8,0,0,0,4,0,0,0,34,0,1,4,10,0,0,0,0,0,0,0,0,140,0,0,100,0,0,0,0,540,0,0,300,0,0,0,0,0,3.5,4,10,7.5,21,18,27,21,21,27,21,21,2,21,30
1,KP,S735KPB1106KBLE,K,BL,E,688,394,15,1,1,1,0,1,0,0,1,0,0,0,0,0,0,0,0,0,0,8,0,0,0,4,0,0,0,34,0,1,4,10,0,0,0,0,0,0,0,0,140,0,0,100,0,0,0,0,540,0,0,300,0,0,0,0,0,3.5,4,10,7.5,21,18,27,21,21,27,21,21,2,21,30
1,KP,S735KPB1106KWHE,K,WH,E,688,394,15,1,1,1,0,1,0,0,1,0,0,0,0,0,0,0,0,0,0,8,0,0,0,4,0,0,0,34,0,1,4,10,0,0,0,0,0,0,0,0,140,0,0,100,0,0,0,0,540,0,0,300,0,0,0,0,0,3.5,4,10,7.5,21,18,27,21,21,27,21,21,2,21,30
1,BR,S735BRB1121UOAA,U,OA,A,566,423,16,1,1,1,0,0,0,0,1,1,0,0,0,0,0,0,0,0,4,0,0,0,0,2,0,0,0,30,0,1,4,2,0,0,0,0,0,0,0,100,0,0,0,80,0,0,0,300,0,0,0,180,0,0,0,4,2,2.5,2,6,3.5,15,13,18,13,18,20,20,13,3,13,13
1,BR,S735BRB1121UWHA,U,WH,A,566,423,16,1,1,1,0,0,0,0,1,1,0,0,0,0,0,0,0,0,4,0,0,0,0,2,0,0,0,30,0,1,4,2,0,0,0,0,0,0,0,100,0,0,0,80,0,0,0,300,0,0,0,180,0,0,0,4,2,2.5,2,6,3.5,15,13,18,13,18,20,20,13,3,13,13
1,BR,S735BRB1121UCHE,U,CH,E,566,423,16,1,1,1,0,0,0,0,1,1,0,0,0,0,0,0,0,0,4,0,0,0,0,2,0,0,0,30,0,1,4,2,0,0,0,0,0,0,0,100,0,0,0,80,0,0,0,300,0,0,0,180,0,0,0,4,2,2.5,2,6,3.5,18,13,18,13,18,20,20,13,3,13,13
1,BR,S735BRB1121UOAE,U,OA,E,566,423,16,1,1,1,0,0,0,0,1,1,0,0,0,0,0,0,0,0,4,0,0,0,0,2,0,0,0,30,0,1,4,2,0,0,0,0,0,0,0,100,0,0,0,80,0,0,0,300,0,0,0,180,0,0,0,4,2,2.5,2,6,3.5,18,13,18,13,18,20,20,13,3,13,13
1,BR,S735BRB1121UWHE,U,WH,E,566,423,16,1,1,1,0,0,0,0,1,1,0,0,0,0,0,0,0,0,4,0,0,0,0,2,0,0,0,30,0,1,4,2,0,0,0,0,0,0,0,100,0,0,0,80,0,0,0,300,0,0,0,180,0,0,0,4,2,2.5,2,6,3.5,18,13,18,13,18,20,20,13,3,13,13
1,BR,S735BRB1120KOAA,K,OA,A,566,423,16,1,1,0,1,1,0,0,1,1,1,0,0,0,0,0,1,0,0,5,0,0,0,0,2,0,0,19,0,0,4,8,0,0,0,0,0,0,0,0,110,0,0,0,80,0,0,0,360,0,0,0,180,0,0,0,0,3,3.5,7,5,18,13,18,13,18,20,20,13,4,13,15
1,BR,S735BRB1120KWHA,K,WH,A,566,423,16,1,1,0,1,1,0,0,1,1,1,0,0,0,0,0,1,0,0,5,0,0,0,0,2,0,0,19,0,0,4,8,0,0,0,0,0,0,0,0,110,0,0,0,80,0,0,0,360,0,0,0,180,0,0,0,0,3,3.5,7,5,18,13,18,13,18,20,20,13,4,13,15
1,BR,S735BRB1120KCHE,K,CH,E,566,423,16,1,1,0,1,1,0,0,1,1,1,0,0,0,0,0,1,0,0,5,0,0,0,0,2,0,0,19,0,0,4,8,0,0,0,0,0,0,0,0,110,0,0,0,80,0,0,0,360,0,0,0,180,0,0,0,0,3,3.5,7,5,18,13,18,13,18,20,20,13,3,20,13
1,BR,S735BRB1120KOAE,K,OA,E,566,423,16,1,1,0,1,1,0,0,1,1,1,0,0,0,0,0,1,0,0,5,0,0,0,0,2,0,0,19,0,0,4,8,0,0,0,0,0,0,0,0,110,0,0,0,80,0,0,0,360,0,0,0,180,0,0,0,0,3,3.5,7,5,18,13,18,13,18,20,20,13,3,20,13
1,BR,S735BRB1120KWHE,K,WH,E,566,423,16,1,1,0,1,1,0,0,1,1,1,0,0,0,0,0,1,0,0,5,0,0,0,0,2,0,0,19,0,0,4,8,0,0,0,0,0,0,0,0,110,0,0,0,80,0,0,0,360,0,0,0,180,0,0,0,0,3,3.5,7,5,18,13,18,13,18,20,20,13,3,20,13
1,BR,S735BRB1120DOAA,D,OA,A,566,423,16,1,1,1,0,0,0,0,1,1,0,0,0,0,0,0,1,1,6,0,0,0,1,2,0,0,0,40,0,1,4,8,0,0,2,0,0,2,4,120,0,0,0,80,0,0,0,420,0,0,0,180,0,0,0,6,2,3,3.5,8,5,18,13,18,13,18,20,20,13,3,20,13
1,BR,S735BRB1120DWHA,D,WH,A,566,423,16,1,1,1,0,0,0,0,1,1,0,0,0,0,0,0,1,1,6,0,0,0,1,2,0,0,0,40,0,1,4,8,0,0,2,0,0,2,4,120,0,0,0,80,0,0,0,420,0,0,0,180,0,0,0,6,2,3,3.5,8,5,18,13,18,13,18,20,20,13,3,20,13
1,BR,S735BRB1120DCHE,D,CH,E,566,423,16,1,1,1,0,0,0,0,1,1,0,0,0,0,0,0,1,1,6,0,0,0,1,2,0,0,0,40,0,1,4,8,0,0,2,0,0,2,4,120,0,0,0,80,0,0,0,420,0,0,0,180,0,0,0,6,2,3,3.5,8,5,18,13,18,13,18,20,20,13,4,13,15
1,BR,S735BRB1120DOAE,D,OA,E,566,423,16,1,1,1,0,0,0,0,1,1,0,0,0,0,0,0,1,1,6,0,0,0,1,2,0,0,0,40,0,1,4,8,0,0,2,0,0,2,4,120,0,0,0,80,0,0,0,420,0,0,0,180,0,0,0,6,2,3,3.5,8,5,18,13,18,13,18,20,20,13,4,13,15
1,BR,S735BRB1120DWHE,D,WH,E,566,423,16,1,1,1,0,0,0,0,1,1,0,0,0,0,0,0,1,1,6,0,0,0,1,2,0,0,0,40,0,1,4,8,0,0,2,0,0,2,4,120,0,0,0,80,0,0,0,420,0,0,0,180,0,0,0,6,2,3,3.5,8,5,18,13,18,13,18,20,20,13,4,13,15
1,KP,S735KPB1105UBLA,U,BL,A,670,427,18,1,1,1,0,0,0,0,1,0,0,0,1,1,0,0,0,0,2,0,0,0,0,2,0,0,0,12,0,0,0,8,0,0,0,0,0,0,0,80,0,0,0,80,0,0,0,180,0,0,0,180,0,0,0,2,2,1.5,3.5,3,5,21,18,27,21,21,27,21,21,2,21,30
1,KP,S735KPB1105UWHA,U,WH,A,670,427,18,1,1,1,0,0,0,0,1,0,0,0,1,1,0,0,0,0,2,0,0,0,0,2,0,0,0,12,0,0,0,8,0,0,0,0,0,0,0,80,0,0,0,80,0,0,0,180,0,0,0,180,0,0,0,2,2,1.5,3.5,3,5,21,18,27,21,21,27,21,21,2,21,30
1,KP,S735KPB1105UBLE,U,BL,E,670,427,18,1,1,1,0,0,0,0,1,0,0,0,1,1,0,0,0,0,2,0,0,0,0,2,0,0,0,12,0,0,0,8,0,0,0,0,0,0,0,80,0,0,0,80,0,0,0,180,0,0,0,180,0,0,0,2,2,1.5,3.5,3,5,21,18,27,21,21,27,21,21,2,21,30
1,KP,S735KPB1105UWHE,U,WH,E,670,427,18,1,1,1,0,0,0,0,1,0,0,0,1,1,0,0,0,0,2,0,0,0,0,2,0,0,0,12,0,0,0,8,0,0,0,0,0,0,0,80,0,0,0,80,0,0,0,180,0,0,0,180,0,0,0,2,2,1.5,3.5,3,5,21,18,27,21,21,27,21,21,2,21,30
1,SO,S735SOB1110UCHE,U,CH,E,783,456,22,1,1,1,1,1,0,0,1,1,1,0,0,1,0,0,1,4,0,11,0,0,4,0,12,0,0,46,0,0,4,0,0,0,3,0,0,4,11,0,170,0,0,0,180,0,0,0,720,0,0,0,780,0,0,11,12,4,3,13,13,18,13,18,13,18,20,20,13,3,20,13
1,SO,S735SOB1110UWHE,U,WH,E,783,456,22,1,1,1,1,1,0,0,1,1,1,0,0,1,0,0,1,4,0,11,0,0,4,0,12,0,0,46,0,0,4,0,0,0,3,0,0,4,11,0,170,0,0,0,180,0,0,0,720,0,0,0,780,0,0,11,12,4,3,13,13,18,13,18,13,18,20,20,13,3,20,13
1,SO,S735SOB1113DCHE,D,CH,E,783,477,16,1,1,1,0,0,0,0,1,1,1,0,0,1,0,0,1,1,0,10,0,0,1,0,10,0,0,56,0,0,4,0,4,8,2,0,0,2,4,0,160,0,0,0,160,0,0,0,660,0,0,0,660,0,0,10,10,3.5,2.5,12,11,18,13,18,13,18,20,20,13,3,20,13
1,SO,S735SOB1113DWHE,D,WH,E,783,477,16,1,1,1,0,0,0,0,1,1,1,0,0,1,0,0,1,1,0,10,0,0,1,0,10,0,0,56,0,0,4,0,4,8,2,0,0,2,4,0,160,0,0,0,160,0,0,0,660,0,0,0,660,0,0,10,10,3.5,2.5,12,11,18,13,18,13,18,20,20,13,3,20,13
1,SO,S735SOB1113KCHE,K,CH,E,783,477,16,1,1,1,0,0,0,0,1,1,1,0,0,1,0,0,1,1,0,10,0,0,1,0,10,0,0,57,0,0,4,0,4,8,2,0,0,2,4,0,160,0,0,0,160,0,0,0,660,0,0,0,660,0,0,10,10,3.5,2.5,12,11,18,13,18,13,18,20,20,13,3,20,13
1,SO,S735SOB1113KWHE,K,WH,E,783,477,16,1,1,1,0,0,0,0,1,1,1,0,0,1,0,0,1,1,0,10,0,0,1,0,10,0,0,57,0,0,4,0,4,8,2,0,0,2,4,0,160,0,0,0,160,0,0,0,660,0,0,0,660,0,0,10,10,3.5,2.5,12,11,18,13,18,13,18,20,20,13,3,20,13
1,SO,S735SOB1109DCHE,D,CH,E,1008,477,16,1,1,1,0,0,0,0,1,0,0,0,1,1,0,0,0,4,0,9,0,0,4,0,0,0,0,35,0,0,8,0,0,0,1,0,0,4,3,0,150,0,0,0,0,190,0,0,600,0,0,0,0,840,0,9,13,4.5,3,12,14,18,13,18,13,18,20,20,13,3,20,13
1,SO,S735SOB1109DWHE,D,WH,E,1008,477,16,1,1,1,0,0,0,0,1,0,0,0,1,1,0,0,0,4,0,9,0,0,4,0,0,0,0,35,0,0,8,0,0,0,1,0,0,4,3,0,150,0,0,0,0,190,0,0,600,0,0,0,0,840,0,9,13,4.5,3,12,14,18,13,18,13,18,20,20,13,3,20,13
1,SO,S735SOB1109KCHE,K,CH,E,1008,477,16,1,1,1,0,0,0,0,1,0,0,0,1,1,0,0,0,4,0,9,0,0,4,0,0,0,0,35,0,0,8,0,0,0,1,0,0,4,3,0,150,0,0,0,0,190,0,0,600,0,0,0,0,840,0,9,13,4.5,3,12,14,18,13,18,13,18,20,20,13,3,20,13
1,SO,S735SOB1109KWHE,K,WH,E,1008,477,16,1,1,1,0,0,0,0,1,0,0,0,1,1,0,0,0,4,0,9,0,0,4,0,0,0,0,35,0,0,8,0,0,0,1,0,0,4,3,0,150,0,0,0,0,190,0,0,600,0,0,0,0,840,0,9,13,4.5,3,12,14,18,13,18,13,18,20,20,13,3,20,13
1,SO,S735SOB1108DCHE,D,CH,E,783,477,16,1,1,1,1,1,0,0,1,1,1,0,0,1,0,0,1,4,0,11,0,0,4,0,12,0,0,46,0,0,4,0,0,0,3,0,0,4,11,0,170,0,0,0,180,0,0,0,720,0,0,0,780,0,0,11,12,4,3,13,13,18,13,18,13,18,20,20,13,3,20,13
1,SO,S735SOB1108DWHE,D,WH,E,783,477,16,1,1,1,1,1,0,0,1,1,1,0,0,1,0,0,1,4,0,11,0,0,4,0,12,0,0,46,0,0,4,0,0,0,3,0,0,4,11,0,170,0,0,0,180,0,0,0,720,0,0,0,780,0,0,11,12,4,3,13,13,18,13,18,13,18,20,20,13,3,20,13
1,SO,S735SOB1108KCHE,K,CH,E,783,477,16,1,1,1,1,1,0,0,1,1,1,0,0,1,0,0,1,4,0,11,0,0,4,0,12,0,0,46,0,0,4,0,0,0,3,0,0,4,11,0,170,0,0,0,180,0,0,0,720,0,0,0,780,0,0,11,12,4,3,13,13,18,13,18,13,18,20,20,13,3,20,13
1,SO,S735SOB1108KWHE,K,WH,E,783,477,16,1,1,1,1,1,0,0,1,1,1,0,0,1,0,0,1,4,0,11,0,0,4,0,12,0,0,46,0,0,4,0,0,0,3,0,0,4,11,0,170,0,0,0,180,0,0,0,720,0,0,0,780,0,0,11,12,4,3,13,13,18,13,18,13,18,20,20,13,3,20,13
1,SO,S735SOB1107UCHE,U,CH,E,1806,531,16,1,1,1,1,1,0,0,1,1,1,0,0,1,0,0,1,3,0,8,0,0,3,0,9,0,0,27,0,0,0,4,0,0,3,0,0,1,10,0,140,0,0,0,150,0,0,0,540,0,0,0,600,0,0,8,9,2.5,3.5,9,11,18,22,18,12,18,18,0,0,3,0,0
1,SO,S735SOB1107UWHE,U,WH,E,1806,531,16,1,1,1,1,1,0,0,1,1,1,0,0,1,0,0,1,3,0,8,0,0,3,0,9,0,0,27,0,0,0,4,0,0,3,0,0,1,10,0,140,0,0,0,150,0,0,0,540,0,0,0,600,0,0,8,9,2.5,3.5,9,11,18,22,18,12,18,18,0,0,3,0,0
2,SO,S735SOB1201UCHE,U,CH,E,416,403,18,1,1,1,0,0,0,0,1,1,1,0,0,1,0,1,0,1,2,0,0,0,1,2,0,0,0,12,0,0,0,0,0,0,2,0,0,2,4,80,0,0,0,80,0,0,0,180,0,0,0,180,0,0,0,2,2,1.5,1.5,3,3,15,15,15,15,15,15,15,15,2,17,17
2,SO,S735SOB1201UWHE,U,WH,E,416,403,18,1,1,1,0,0,0,0,1,1,1,0,0,1,0,1,0,1,2,0,0,0,1,2,0,0,0,12,0,0,0,0,0,0,2,0,0,2,4,80,0,0,0,80,0,0,0,180,0,0,0,180,0,0,0,2,2,1.5,1.5,3,3,15,15,15,15,15,15,15,15,2,17,17
2,KP,S735KPB1203UBLA,U,BL,A,1718,440,18,1,1,1,1,0,0,0,1,0,0,0,1,1,0,0,1,3,0,8,0,0,7,2,0,0,0,38,0,0,0,14,0,4,2,0,4,1,7,0,140,0,0,80,0,0,0,0,540,0,0,180,0,0,0,8,2,2.5,5,9,6.5,27,12,27,12,27,18,18,12,3,18,27
2,KP,S735KPB1203UWHA,U,WH,A,1718,440,18,1,1,1,1,0,0,0,1,0,0,0,1,1,0,0,1,3,0,8,0,0,7,2,0,0,0,38,0,0,0,14,0,4,2,0,4,1,7,0,140,0,0,80,0,0,0,0,540,0,0,180,0,0,0,8,2,2.5,5,9,6.5,27,12,27,12,27,18,18,12,3,18,27
2,KP,S735KPB1203UBLE,U,BL,E,1718,440,18,1,1,1,1,0,0,0,1,0,0,0,1,1,0,0,1,3,0,8,0,0,7,2,0,0,0,38,0,0,0,14,0,4,2,0,4,1,7,0,140,0,0,80,0,0,0,0,540,0,0,180,0,0,0,8,2,2.5,5,9,6.5,27,12,27,12,27,18,18,12,3,18,27
2,KP,S735KPB1203UWHE,U,WH,E,1718,440,18,1,1,1,1,0,0,0,1,0,0,0,1,1,0,0,1,3,0,8,0,0,7,2,0,0,0,38,0,0,0,14,0,4,2,0,4,1,7,0,140,0,0,80,0,0,0,0,540,0,0,180,0,0,0,8,2,2.5,5,9,6.5,27,12,27,12,27,18,18,12,3,18,27
2,KP,S735KPB1202UBLA,U,BL,A,900,440,18,1,1,1,1,0,0,0,1,0,0,0,1,1,0,0,1,3,0,10,0,0,7,0,0,0,0,38,0,0,0,14,0,4,2,0,4,1,7,0,160,0,0,0,0,0,0,0,660,0,0,0,0,0,0,10,0,2.5,3.5,11,3.5,23,12,23,12,23,18,18,12,3,18,23
2,KP,S735KPB1202UWHA,U,WH,A,900,440,18,1,1,1,1,0,0,0,1,0,0,0,1,1,0,0,1,3,0,10,0,0,7,0,0,0,0,38,0,0,0,14,0,4,2,0,4,1,7,0,160,0,0,0,0,0,0,0,660,0,0,0,0,0,0,10,0,2.5,3.5,11,3.5,23,12,23,12,23,18,18,12,3,18,23
2,KP,S735KPB1202UBLE,U,BL,E,900,440,18,1,1,1,1,0,0,0,1,0,0,0,1,1,0,0,1,3,0,10,0,0,7,0,0,0,0,38,0,0,0,14,0,4,2,0,4,1,7,0,160,0,0,0,0,0,0,0,660,0,0,0,0,0,0,10,0,2.5,3.5,11,3.5,23,12,23,12,23,18,18,12,3,18,23
2,KP,S735KPB1202UWHE,U,WH,E,900,440,18,1,1,1,1,0,0,0,1,0,0,0,1,1,0,0,1,3,0,10,0,0,7,0,0,0,0,38,0,0,0,14,0,4,2,0,4,1,7,0,160,0,0,0,0,0,0,0,660,0,0,0,0,0,0,10,0,2.5,3.5,11,3.5,23,12,23,12,23,18,18,12,3,18,23
2,KP,S735KPB1204UBLA,U,BL,A,900,460,18,1,1,1,0,0,1,0,1,1,1,0,0,1,1,0,0,0,4,0,0,0,0,6,0,0,0,19,0,0,0,0,0,0,0,0,0,0,0,100,0,0,0,120,0,0,0,300,0,0,0,420,0,0,0,0,0,1.5,2,5,7,23,12,23,12,23,18,18,12,3,18,23
2,KP,S735KPB1204UWHA,U,WH,A,900,460,18,1,1,1,0,0,1,0,1,1,1,0,0,1,1,0,0,0,4,0,0,0,0,6,0,0,0,19,0,0,0,0,0,0,0,0,0,0,0,100,0,0,0,120,0,0,0,300,0,0,0,420,0,0,0,0,0,1.5,2,5,7,23,12,23,12,23,18,18,12,3,18,23
2,KP,S735KPB1204UBLE,U,BL,E,900,460,18,1,1,1,0,0,1,0,1,1,1,0,0,1,1,0,0,0,4,0,0,0,0,6,0,0,0,19,0,0,0,0,0,0,0,0,0,0,0,100,0,0,0,120,0,0,0,300,0,0,0,420,0,0,0,0,0,1.5,2,5,7,23,12,23,12,23,18,18,12,3,18,23
2,KP,S735KPB1204UWHE,U,WH,E,900,460,18,1,1,1,0,0,1,0,1,1,1,0,0,1,1,0,0,0,4,0,0,0,0,6,0,0,0,19,0,0,0,0,0,0,0,0,0,0,0,100,0,0,0,120,0,0,0,300,0,0,0,420,0,0,0,0,0,1.5,2,5,7,23,12,23,12,23,18,18,12,3,18,23
2,SO,S735SOB1209UCHE,U,CH,E,816,500,18,1,1,1,0,0,0,0,1,1,1,0,0,1,0,1,0,0,4,0,0,0,0,5,0,0,0,13,0,0,0,0,0,0,0,0,0,0,0,100,0,0,0,110,0,0,0,300,0,0,0,360,0,0,0,4,5,1.5,2,5,6,22,11,22,13,22,20,16,11,3,0,0
2,SO,S735SOB1209UWHE,U,WH,E,816,500,18,1,1,1,0,0,0,0,1,1,1,0,0,1,0,1,0,0,4,0,0,0,0,5,0,0,0,13,0,0,0,0,0,0,0,0,0,0,0,100,0,0,0,110,0,0,0,300,0,0,0,360,0,0,0,4,5,1.5,2,5,6,22,11,22,13,22,20,16,11,3,0,0
2,SO,S735SOB1206UCHE,U,CH,E,816,500,18,1,1,1,0,0,0,0,1,1,1,0,0,1,0,1,0,1,2,0,0,0,1,4,0,0,0,14,0,0,0,0,0,0,2,0,0,2,4,80,0,0,0,100,0,0,0,180,0,0,0,300,0,0,0,2,4,1.5,1.5,3,5,15,11,15,11,15,16,16,11,3,0,0
2,SO,S735SOB1206UWHE,U,WH,E,816,500,18,1,1,1,0,0,0,0,1,1,1,0,0,1,0,1,0,1,2,0,0,0,1,4,0,0,0,14,0,0,0,0,0,0,2,0,0,2,4,80,0,0,0,100,0,0,0,180,0,0,0,300,0,0,0,2,4,1.5,1.5,3,5,15,11,15,11,15,16,16,11,3,0,0
2,BR,S735BRB1214UOAA,U,OA,A,900,520,19,1,1,1,0,0,0,0,1,1,1,0,0,1,0,1,0,0,3,0,0,0,0,1,0,0,0,14,0,0,0,0,0,0,0,0,0,0,0,90,0,0,0,70,0,0,0,240,0,0,0,120,0,0,0,3,1,1.5,1,4,2,22,15,21,15,21,21,21,21,3,21,21
2,BR,S735BRB1214UWHA,U,WH,A,900,520,19,1,1,1,0,0,0,0,1,1,1,0,0,1,0,1,0,0,3,0,0,0,0,1,0,0,0,14,0,0,0,0,0,0,0,0,0,0,0,90,0,0,0,70,0,0,0,240,0,0,0,120,0,0,0,3,1,1.5,1,4,2,22,15,21,15,21,21,21,21,3,21,21
2,BR,S735BRB1214UCHE,U,CH,E,900,520,19,1,1,1,0,0,0,0,1,1,1,0,0,1,0,1,0,0,3,0,0,0,0,1,0,0,0,14,0,0,0,0,0,0,0,0,0,0,0,90,0,0,0,70,0,0,0,240,0,0,0,120,0,0,0,3,1,1.5,1,4,2,22,15,21,15,21,21,21,21,3,21,21
2,BR,S735BRB1214UOAE,U,OA,E,900,520,19,1,1,1,0,0,0,0,1,1,1,0,0,1,0,1,0,0,3,0,0,0,0,1,0,0,0,14,0,0,0,0,0,0,0,0,0,0,0,90,0,0,0,70,0,0,0,240,0,0,0,120,0,0,0,3,1,1.5,1,4,2,22,15,21,15,21,21,21,21,3,21,21
2,BR,S735BRB1214UWHE,U,WH,E,900,520,19,1,1,1,0,0,0,0,1,1,1,0,0,1,0,1,0,0,3,0,0,0,0,1,0,0,0,14,0,0,0,0,0,0,0,0,0,0,0,90,0,0,0,70,0,0,0,240,0,0,0,120,0,0,0,3,1,1.5,1,4,2,22,15,21,15,21,21,21,21,3,21,21
2,SO,S735SOB1205UCHE,U,CH,E,1196,603,18,1,1,1,0,0,0,0,1,1,1,0,0,1,0,1,0,1,4,0,0,0,1,5,0,0,0,17,0,0,0,0,0,0,2,0,0,2,4,100,0,0,0,110,0,0,0,300,0,0,0,360,0,0,0,4,5,1.5,2,5,6,19,14,19,11,19,16,16,11,3,20,26
2,SO,S735SOB1205UWHE,U,WH,E,1196,603,18,1,1,1,0,0,0,0,1,1,1,0,0,1,0,1,0,1,4,0,0,0,1,5,0,0,0,17,0,0,0,0,0,0,2,0,0,2,4,100,0,0,0,110,0,0,0,300,0,0,0,360,0,0,0,4,5,1.5,2,5,6,19,14,19,11,19,16,16,11,3,20,26
2,BR,S735BRB1215UOAA,U,OA,A,1200,730,19,1,1,1,0,0,0,0,1,1,1,0,0,1,0,1,0,0,5,0,0,0,0,0,0,0,0,18,0,0,0,0,0,0,0,0,0,0,0,110,0,0,0,0,0,0,0,360,0,0,0,0,0,0,0,5,0,2,0,6,0,15,10,18,10,18,18,18,10,4,18,18
2,BR,S735BRB1215UWHA,U,WH,A,1200,730,19,1,1,1,0,0,0,0,1,1,1,0,0,1,0,1,0,0,5,0,0,0,0,0,0,0,0,18,0,0,0,0,0,0,0,0,0,0,0,110,0,0,0,0,0,0,0,360,0,0,0,0,0,0,0,5,0,2,0,6,0,15,10,18,10,18,18,18,10,4,18,18
2,BR,S735BRB1215UCHE,U,CH,E,1200,730,19,1,1,1,0,0,0,0,1,1,1,0,0,1,0,1,0,0,5,0,0,0,0,0,0,0,0,18,0,0,0,0,0,0,0,0,0,0,0,110,0,0,0,0,0,0,0,360,0,0,0,0,0,0,0,5,0,2,0,6,0,15,10,18,10,18,18,18,10,4,18,18
2,BR,S735BRB1215UOAE,U,OA,E,1200,730,19,1,1,1,0,0,0,0,1,1,1,0,0,1,0,1,0,0,5,0,0,0,0,0,0,0,0,18,0,0,0,0,0,0,0,0,0,0,0,110,0,0,0,0,0,0,0,360,0,0,0,0,0,0,0,5,0,2,0,6,0,15,10,18,10,18,18,18,10,4,18,18
2,BR,S735BRB1215UWHE,U,WH,E,1200,730,19,1,1,1,0,0,0,0,1,1,1,0,0,1,0,1,0,0,5,0,0,0,0,0,0,0,0,18,0,0,0,0,0,0,0,0,0,0,0,110,0,0,0,0,0,0,0,360,0,0,0,0,0,0,0,5,0,2,0,6,0,15,10,18,10,18,18,18,10,4,18,18
2,SO,S735SOB1210UCHE,U,CH,E,455,750,18,1,1,1,0,0,0,0,1,1,1,0,0,1,0,1,0,0,3,0,0,0,0,4,0,0,0,15,0,0,0,0,0,0,0,0,0,0,0,90,0,0,0,100,0,0,0,240,0,0,0,300,0,0,0,3,4,1.5,1.5,4,5,20,15,20,15,20,20,20,15,0,20,20
3,BR,S735BRB1312UOAA,U,OA,A,423,220,16,1,1,1,0,0,0,0,1,0,0,0,1,0,0,0,0,0,2,0,0,0,0,0,0,0,0,12,0,0,0,8,0,0,0,0,0,0,0,80,0,0,0,0,0,0,0,180,0,0,0,0,0,0,0,2,0,1.5,2,3,2,18,16,21,21,21,21,0,0,2,0,0
3,BR,S735BRB1312UWHA,U,WH,A,423,220,16,1,1,1,0,0,0,0,1,0,0,0,1,0,0,0,0,0,2,0,0,0,0,0,0,0,0,12,0,0,0,8,0,0,0,0,0,0,0,80,0,0,0,0,0,0,0,180,0,0,0,0,0,0,0,2,0,1.5,2,3,2,18,16,21,21,21,21,0,0,2,0,0
3,BR,S735BRB1312UCHE,U,CH,E,423,220,16,1,1,1,0,0,0,0,1,0,0,0,1,0,0,0,0,0,2,0,0,0,0,0,0,0,0,12,0,0,0,8,0,0,0,0,0,0,0,80,0,0,0,0,0,0,0,180,0,0,0,0,0,0,0,2,0,1.5,2,3,2,18,16,21,21,21,21,0,0,2,0,0
3,BR,S735BRB1312UOAE,U,OA,E,423,220,16,1,1,1,0,0,0,0,1,0,0,0,1,0,0,0,0,0,2,0,0,0,0,0,0,0,0,12,0,0,0,8,0,0,0,0,0,0,0,80,0,0,0,0,0,0,0,180,0,0,0,0,0,0,0,2,0,1.5,2,3,2,18,16,21,21,21,21,0,0,2,0,0
3,BR,S735BRB1312UWHE,U,WH,E,423,220,16,1,1,1,0,0,0,0,1,0,0,0,1,0,0,0,0,0,2,0,0,0,0,0,0,0,0,12,0,0,0,8,0,0,0,0,0,0,0,80,0,0,0,0,0,0,0,180,0,0,0,0,0,0,0,2,0,1.5,2,3,2,18,16,21,21,21,21,0,0,2,0,0
3,BR,S735BRB1313UOAA,U,OA,A,305,240,16,1,1,1,0,0,0,0,1,0,0,0,1,0,0,0,0,0,1,0,0,0,0,2,0,0,0,16,0,1,8,2,0,0,0,0,0,0,0,70,0,0,0,80,0,0,0,120,0,0,0,180,0,0,0,1,2,3,2,4,3.5,18,16,21,21,21,21,0,0,2,0,0
3,BR,S735BRB1313UWHA,U,WH,A,305,240,16,1,1,1,0,0,0,0,1,0,0,0,1,0,0,0,0,0,1,0,0,0,0,2,0,0,0,16,0,1,8,2,0,0,0,0,0,0,0,70,0,0,0,80,0,0,0,120,0,0,0,180,0,0,0,1,2,3,2,4,3.5,18,16,21,21,21,21,0,0,2,0,0
3,BR,S735BRB1313UCHE,U,CH,E,305,240,16,1,1,1,0,0,0,0,1,0,0,0,1,0,0,0,0,0,1,0,0,0,0,2,0,0,0,16,0,1,8,2,0,0,0,0,0,0,0,70,0,0,0,80,0,0,0,120,0,0,0,180,0,0,0,1,2,3,2,4,3.5,18,16,21,21,21,21,0,0,2,0,0
3,BR,S735BRB1313UOAE,U,OA,E,305,240,16,1,1,1,0,0,0,0,1,0,0,0,1,0,0,0,0,0,1,0,0,0,0,2,0,0,0,16,0,1,8,2,0,0,0,0,0,0,0,70,0,0,0,80,0,0,0,120,0,0,0,180,0,0,0,1,2,3,2,4,3.5,18,16,21,21,21,21,0,0,2,0,0
3,BR,S735BRB1313UWHE,U,WH,E,305,240,16,1,1,1,0,0,0,0,1,0,0,0,1,0,0,0,0,0,1,0,0,0,0,2,0,0,0,16,0,1,8,2,0,0,0,0,0,0,0,70,0,0,0,80,0,0,0,120,0,0,0,180,0,0,0,1,2,3,2,4,3.5,18,16,21,21,21,21,0,0,2,0,0
3,KP,S735KPB1302UBLN,U,BL,N,800,369,19,1,1,1,1,0,0,0,1,0,0,0,1,1,0,0,0,2,2,0,0,0,7,0,0,0,0,20,0,0,8,0,0,5,2,0,5,1,6,80,0,0,0,0,0,0,0,180,0,0,0,0,0,0,0,2,0,3.5,0,5,0,24,12,24,12,24,12,0,0,2,0,0
3,KP,S735KPB1302UWHN,U,WH,N,800,369,19,1,1,1,1,0,0,0,1,0,0,0,1,1,0,0,0,2,2,0,0,0,7,0,0,0,0,20,0,0,8,0,0,5,2,0,5,1,6,80,0,0,0,0,0,0,0,180,0,0,0,0,0,0,0,2,0,3.5,0,5,0,24,12,24,12,24,12,0,0,2,0,0
3,SO,S735SOB1305UCHE,U,CH,E,1438,378,18,1,1,1,0,0,0,0,1,0,0,0,1,1,0,0,0,2,6,0,0,0,2,3,0,0,0,23,0,0,0,10,0,0,1,0,0,2,2,120,0,0,0,90,0,0,0,420,0,0,0,240,0,0,0,6,3,2,4,7,6.5,24,12,24,12,24,12,12,12,2,12,12
3,SO,S735SOB1305UWHE,U,WH,E,1438,378,18,1,1,1,0,0,0,0,1,0,0,0,1,1,0,0,0,2,6,0,0,0,2,3,0,0,0,23,0,0,0,10,0,0,1,0,0,2,2,120,0,0,0,90,0,0,0,420,0,0,0,240,0,0,0,6,3,2,4,7,6.5,24,12,24,12,24,12,12,12,2,12,12
3,SO,S735SOB1303UCHE,U,CH,E,1538,378,18,1,1,1,1,0,0,0,1,0,0,0,1,1,0,0,0,2,2,0,0,0,7,0,7,0,0,20,0,0,8,0,0,5,2,0,5,1,6,80,0,0,0,0,130,0,0,180,0,0,0,0,480,0,0,2,7,3.5,2,5,8,24,12,24,12,24,12,0,0,2,0,0
3,SO,S735SOB1303UWHE,U,WH,E,1538,378,18,1,1,1,1,0,0,0,1,0,0,0,1,1,0,0,0,2,2,0,0,0,7,0,7,0,0,20,0,0,8,0,0,5,2,0,5,1,6,80,0,0,0,0,130,0,0,180,0,0,0,0,480,0,0,2,7,3.5,2,5,8,24,12,24,12,24,12,0,0,2,0,0
4,SO,S735SOB1403UCHE,U,CH,E,529,364,19,1,1,1,0,0,0,0,1,0,0,0,1,1,0,0,0,1,0,0,0,0,1,2,0,0,0,4,0,0,0,0,0,0,1,0,0,5,1,0,0,0,0,80,0,0,0,0,0,0,0,180,0,0,0,0,2,0,1.5,0,3,19,19,19,19,19,20,20,19,0,20,20
4,SO,S735SOB1403UWHE,U,WH,E,529,364,19,1,1,1,0,0,0,0,1,0,0,0,1,1,0,0,0,1,0,0,0,0,1,2,0,0,0,4,0,0,0,0,0,0,1,0,0,5,1,0,0,0,0,80,0,0,0,0,0,0,0,180,0,0,0,0,2,0,1.5,0,3,19,19,19,19,19,20,20,19,0,20,20
4,SO,S735SOB1402UCHE,U,CH,E,764,529,19,1,1,1,0,0,0,0,1,0,0,0,1,1,0,0,0,1,0,0,0,0,1,2,0,0,0,4,0,0,0,0,0,0,1,0,0,5,1,0,0,0,0,80,0,0,0,0,0,0,0,180,0,0,0,0,2,0,1.5,0,3,18,19,16,19,16,20,20,19,3,20,23
4,SO,S735SOB1402UWHE,U,WH,E,764,529,19,1,1,1,0,0,0,0,1,0,0,0,1,1,0,0,0,1,0,0,0,0,1,2,0,0,0,4,0,0,0,0,0,0,1,0,0,5,1,0,0,0,0,80,0,0,0,0,0,0,0,180,0,0,0,0,2,0,1.5,0,3,18,19,16,19,16,20,20,19,3,20,23
7,BR,S735BRB1706UOAA,U,OA,A,544,159,16,1,1,1,1,1,0,1,0,0,0,0,0,1,0,0,1,0,3,0,0,0,0,4,0,0,0,19,0,0,0,0,0,0,0,0,0,0,0,90,0,0,0,100,0,0,0,240,0,0,0,300,0,0,0,0,0,1.5,1.5,4,5,21,18,20,20,21,21,21,20,2,20,20
7,BR,S735BRB1706UWHA,U,WH,A,544,159,16,1,1,1,1,1,0,1,0,0,0,0,0,1,0,0,1,0,3,0,0,0,0,4,0,0,0,19,0,0,0,0,0,0,0,0,0,0,0,90,0,0,0,100,0,0,0,240,0,0,0,300,0,0,0,0,0,1.5,1.5,4,5,21,18,20,20,21,21,21,20,2,20,20
7,BR,S735BRB1706UCHE,U,CH,E,544,159,16,1,1,1,1,1,0,1,0,0,0,0,0,1,0,0,1,0,3,0,0,0,0,4,0,0,0,19,0,0,0,0,0,0,0,0,0,0,0,90,0,0,0,100,0,0,0,240,0,0,0,300,0,0,0,0,0,1.5,1.5,4,5,21,18,20,20,21,21,21,20,2,20,20
7,BR,S735BRB1706UOAE,U,OA,E,544,159,16,1,1,1,1,1,0,1,0,0,0,0,0,1,0,0,1,0,3,0,0,0,0,4,0,0,0,19,0,0,0,0,0,0,0,0,0,0,0,90,0,0,0,100,0,0,0,240,0,0,0,300,0,0,0,0,0,1.5,1.5,4,5,21,18,20,20,21,21,21,20,2,20,20
7,BR,S735BRB1706UWHE,U,WH,E,544,159,16,1,1,1,1,1,0,1,0,0,0,0,0,1,0,0,1,0,3,0,0,0,0,4,0,0,0,19,0,0,0,0,0,0,0,0,0,0,0,90,0,0,0,100,0,0,0,240,0,0,0,300,0,0,0,0,0,1.5,1.5,4,5,21,18,20,20,21,21,21,20,2,20,20
7,KP,S735KPB1703UBLN,U,BL,N,800,334,19,1,1,1,1,1,0,1,0,0,0,0,0,1,0,0,1,0,3,0,0,0,0,4,0,0,0,19,0,0,0,0,0,0,0,0,0,0,0,90,0,0,0,100,0,0,0,240,0,0,0,300,0,0,0,3,4,1.5,1.5,4,5,30.3,20,30.3,20,30.3,17,17,17,2,17,35
7,KP,S735KPB1703UWHN,U,WH,N,800,334,19,1,1,1,1,1,0,1,0,0,0,0,0,1,0,0,1,0,3,0,0,0,0,4,0,0,0,19,0,0,0,0,0,0,0,0,0,0,0,90,0,0,0,100,0,0,0,240,0,0,0,300,0,0,0,3,4,1.5,1.5,4,5,30.3,20,30.3,20,30.3,17,17,17,2,17,35
7,KP,S735KPB1701UBLA,U,BL,A,800,334,18,1,1,1,0,0,0,1,0,0,0,0,0,1,0,0,0,0,2,0,0,0,0,4,0,0,0,16,0,1,6,2,0,0,0,0,0,0,0,80,0,0,0,100,0,0,0,180,0,0,0,300,0,0,0,0,0,3,2,4.5,5.5,18,14,18,14,18,15,15,14,2,15,23
7,KP,S735KPB1701UWHA,U,WH,A,800,334,18,1,1,1,0,0,0,1,0,0,0,0,0,1,0,0,0,0,2,0,0,0,0,4,0,0,0,16,0,1,6,2,0,0,0,0,0,0,0,80,0,0,0,100,0,0,0,180,0,0,0,300,0,0,0,0,0,3,2,4.5,5.5,18,14,18,14,18,15,15,14,2,15,23
7,KP,S735KPB1701UBLE,U,BL,E,800,334,18,1,1,1,0,0,0,1,0,0,0,0,0,1,0,0,0,0,2,0,0,0,0,4,0,0,0,16,0,1,6,2,0,0,0,0,0,0,0,80,0,0,0,100,0,0,0,180,0,0,0,300,0,0,0,0,0,3,2,4.5,5.5,24,20,24,20,24,24,0,0,4,0,0
7,KP,S735KPB1701UWHE,U,WH,E,800,334,18,1,1,1,0,0,0,1,0,0,0,0,0,1,0,0,0,0,2,0,0,0,0,4,0,0,0,16,0,1,6,2,0,0,0,0,0,0,0,80,0,0,0,100,0,0,0,180,0,0,0,300,0,0,0,0,0,3,2,4.5,5.5,24,20,24,20,24,24,0,0,4,0,0
9,KP,S735KPB1903UBLA,U,BL,A,794,103,18,1,1,1,1,1,1,0,1,1,1,0,0,1,1,0,0,1,6,0,0,0,1,0,8,0,0,12,1,0,0,0,0,0,2,0,0,2,4,120,0,0,0,0,140,0,0,420,0,0,0,0,540,0,0,6,8,2,2.5,7,9,27,21,27,21,27,21,21,18,2,21,27
9,KP,S735KPB1903UWHA,U,WH,A,794,103,18,1,1,1,1,1,1,0,1,1,1,0,0,1,1,0,0,1,6,0,0,0,1,0,8,0,0,12,1,0,0,0,0,0,2,0,0,2,4,120,0,0,0,0,140,0,0,420,0,0,0,0,540,0,0,6,8,2,2.5,7,9,27,21,27,21,27,21,21,18,2,21,27
9,KP,S735KPB1903UBLE,U,BL,E,794,103,18,1,1,1,1,1,1,0,1,1,1,0,0,1,1,0,0,1,6,0,0,0,1,0,8,0,0,12,1,0,0,0,0,0,2,0,0,2,4,120,0,0,0,0,140,0,0,420,0,0,0,0,540,0,0,6,8,2,2.5,7,9,27,21,27,21,27,21,21,18,2,21,27
9,KP,S735KPB1903UWHE,U,WH,E,794,103,18,1,1,1,1,1,1,0,1,1,1,0,0,1,1,0,0,1,6,0,0,0,1,0,8,0,0,12,1,0,0,0,0,0,2,0,0,2,4,120,0,0,0,0,140,0,0,420,0,0,0,0,540,0,0,6,8,2,2.5,7,9,27,21,27,21,27,21,21,18,2,21,27
9,SO,S735SOB1904UCHE,U,CH,E,1290,200,18,1,1,1,0,0,0,0,1,1,1,0,0,1,0,0,1,1,3,0,0,0,1,3,0,0,0,19,0,0,0,0,0,0,2,0,0,2,4,90,0,0,0,90,0,0,0,240,0,0,0,240,0,0,0,3,3,1.5,1.5,4,4,31,20,31,17,31,17,17,17,2,17,35
9,SO,S735SOB1904UWHE,U,WH,E,1290,200,18,1,1,1,0,0,0,0,1,1,1,0,0,1,0,0,1,1,3,0,0,0,1,3,0,0,0,19,0,0,0,0,0,0,2,0,0,2,4,90,0,0,0,90,0,0,0,240,0,0,0,240,0,0,0,3,3,1.5,1.5,4,4,31,20,31,17,31,17,17,17,2,17,35
9,KP,S735KPB1902UBLA,U,BL,A,794,206,18,1,1,1,1,1,1,0,1,1,1,0,0,1,1,0,0,1,4,0,0,0,1,3,0,0,0,6,0,0,0,0,0,0,2,0,0,2,4,100,0,0,0,90,0,0,0,300,0,0,0,240,0,0,0,4,3,1.5,1.5,5,4,27,21,27,21,27,21,21,21,2,21,30
9,KP,S735KPB1902UWHA,U,WH,A,794,206,18,1,1,1,1,1,1,0,1,1,1,0,0,1,1,0,0,1,4,0,0,0,1,3,0,0,0,6,0,0,0,0,0,0,2,0,0,2,4,100,0,0,0,90,0,0,0,300,0,0,0,240,0,0,0,4,3,1.5,1.5,5,4,27,21,27,21,27,21,21,21,2,21,30
9,KP,S735KPB1902UBLE,U,BL,E,794,206,18,1,1,1,1,1,1,0,1,1,1,0,0,1,1,0,0,1,4,0,0,0,1,3,0,0,0,6,0,0,0,0,0,0,2,0,0,2,4,100,0,0,0,90,0,0,0,300,0,0,0,240,0,0,0,4,3,1.5,1.5,5,4,27,21,27,21,27,21,21,21,2,21,30
9,KP,S735KPB1902UWHE,U,WH,E,794,206,18,1,1,1,1,1,1,0,1,1,1,0,0,1,1,0,0,1,4,0,0,0,1,3,0,0,0,6,0,0,0,0,0,0,2,0,0,2,4,100,0,0,0,90,0,0,0,300,0,0,0,240,0,0,0,4,3,1.5,1.5,5,4,27,21,27,21,27,21,21,21,2,21,30
9,HA,S735HAB1902UWHE,U,WH,E,658,247,16,1,1,1,1,1,1,0,1,1,1,0,0,1,1,0,0,1,4,0,0,0,1,3,0,0,0,6,0,0,0,0,0,0,2,0,0,2,4,100,0,0,0,90,0,0,0,300,0,0,0,240,0,0,0,4,3,1.5,1.5,5,4,27,21,27,21,27,21,21,21,2,21,30
1,SO,S735SOB1103UWHE,U,WH,E,1902,180,22,1,1,1,0,0,0,0,1,0,1,0,0,0,0,0,1,1,0,7,0,0,1,4,0,0,0,34,0,1,4,10,0,0,2,0,0,2,4,0,130,0,0,100,0,0,0,0,480,0,0,300,0,0,0,7,4,3,4,9,7.5,28,12,28,12,28,16,16,12,3,16,35
1,SO,S735SOB1112UCHE,U,CH,E,426.5,256,22,1,1,1,0,0,0,0,1,1,1,0,0,1,0,0,1,1,0,10,0,0,1,0,10,0,0,56,0,0,4,0,4,8,2,0,0,2,4,0,160,0,0,0,160,0,0,0,660,0,0,0,660,0,0,10,10,3.5,2.5,12,11,18,13,18,13,18,20,20,13,3,20,13
1,SO,S735SOB1112UWHE,U,WH,E,426.5,256,22,1,1,1,0,0,0,0,1,1,1,0,0,1,0,0,1,1,0,10,0,0,1,0,10,0,0,56,0,0,4,0,4,8,2,0,0,2,4,0,160,0,0,0,160,0,0,0,660,0,0,0,660,0,0,10,10,3.5,2.5,12,11,18,13,18,13,18,20,20,13,3,20,13
1,HA,S735HAB1115UWHE,U,WH,E,981,277,18,1,1,1,1,1,0,0,1,1,1,0,0,1,0,0,1,4,0,11,0,0,4,0,12,0,0,46,0,0,4,0,0,0,3,0,0,4,11,0,170,0,0,0,180,0,0,0,720,0,0,0,780,0,0,11,12,4,3,13,13,18,13,18,13,18,20,20,13,3,20,13
1,HA,S735HAB1117UWHE,U,WH,E,354,332,18,1,1,1,1,1,0,0,1,1,1,0,0,1,0,0,1,4,0,11,0,0,4,0,12,0,0,46,0,0,4,0,0,0,3,0,0,4,11,0,170,0,0,0,180,0,0,0,720,0,0,0,780,0,0,11,12,4,3,13,13,18,13,18,13,18,20,20,13,3,20,13
1,HA,S735HAB1109DWHE,D,WH,E,1152,355,16,1,1,1,1,1,0,0,1,1,1,0,0,1,0,0,1,4,0,11,0,0,4,0,12,0,0,46,0,0,4,0,0,0,3,0,0,4,11,0,170,0,0,0,180,0,0,0,720,0,0,0,780,0,0,11,12,4,3,13,13,18,13,18,13,18,20,20,13,3,20,13
1,HA,S735HAB1109KWHE,K,WH,E,1152,355,16,1,1,1,1,1,0,0,1,1,1,0,0,1,0,0,1,4,0,11,0,0,4,0,12,0,0,46,0,0,4,0,0,0,3,0,0,4,11,0,170,0,0,0,180,0,0,0,720,0,0,0,780,0,0,11,12,4,3,13,13,18,13,18,13,18,20,20,13,3,20,13
1,HA,S735HAB1110DWHE,D,WH,E,1152,355,16,1,1,1,1,1,0,0,1,1,1,0,0,1,0,0,1,4,0,11,0,0,4,0,12,0,0,46,0,0,4,0,0,0,3,0,0,4,11,0,170,0,0,0,180,0,0,0,720,0,0,0,780,0,0,11,12,4,3,13,13,18,13,18,13,18,20,20,13,3,20,13
1,HA,S735HAB1110KWHE,K,WH,E,1152,355,16,1,1,1,1,1,0,0,1,1,1,0,0,1,0,0,1,4,0,11,0,0,4,0,12,0,0,46,0,0,4,0,0,0,3,0,0,4,11,0,170,0,0,0,180,0,0,0,720,0,0,0,780,0,0,11,12,4,3,13,13,18,13,18,13,18,20,20,13,3,20,13
1,HA,S735HAB1112DWHE,D,WH,E,530,355,16,1,1,1,1,1,0,0,1,1,1,0,0,1,0,0,1,4,0,11,0,0,4,0,12,0,0,46,0,0,4,0,0,0,3,0,0,4,11,0,170,0,0,0,180,0,0,0,720,0,0,0,780,0,0,11,12,4,3,13,13,18,13,18,13,18,20,20,13,3,20,13
1,HA,S735HAB1112KWHE,K,WH,E,530,355,16,1,1,1,1,1,0,0,1,1,1,0,0,1,0,0,1,4,0,11,0,0,4,0,12,0,0,46,0,0,4,0,0,0,3,0,0,4,11,0,170,0,0,0,180,0,0,0,720,0,0,0,780,0,0,11,12,4,3,13,13,18,13,18,13,18,20,20,13,3,20,13
1,HA,S735HAB1102DWHE,D,WH,E,325,355,16,1,1,1,1,1,0,0,1,1,1,0,0,1,0,0,1,4,0,11,0,0,4,0,12,0,0,46,0,0,4,0,0,0,3,0,0,4,11,0,170,0,0,0,180,0,0,0,720,0,0,0,780,0,0,11,12,4,3,13,13,18,13,18,13,18,20,20,13,3,20,13
1,HA,S735HAB1102KWHE,K,WH,E,325,355,16,1,1,1,1,1,0,0,1,1,1,0,0,1,0,0,1,4,0,11,0,0,4,0,12,0,0,46,0,0,4,0,0,0,3,0,0,4,11,0,170,0,0,0,180,0,0,0,720,0,0,0,780,0,0,11,12,4,3,13,13,18,13,18,13,18,20,20,13,3,20,13
1,HA,S735HAB1104DWHE,D,WH,E,1152,355,16,1,1,1,1,1,0,0,1,1,1,0,0,1,0,0,1,4,0,11,0,0,4,0,12,0,0,46,0,0,4,0,0,0,3,0,0,4,11,0,170,0,0,0,180,0,0,0,720,0,0,0,780,0,0,11,12,4,3,13,13,18,13,18,13,18,20,20,13,3,20,13
1,HA,S735HAB1104KWHE,K,WH,E,1152,355,16,1,1,1,1,1,0,0,1,1,1,0,0,1,0,0,1,4,0,11,0,0,4,0,12,0,0,46,0,0,4,0,0,0,3,0,0,4,11,0,170,0,0,0,180,0,0,0,720,0,0,0,780,0,0,11,12,4,3,13,13,18,13,18,13,18,20,20,13,3,20,13
1,HA,S735HAB1108DWHE,D,WH,E,325,355,16,1,1,1,1,1,0,0,1,1,1,0,0,1,0,0,1,4,0,11,0,0,4,0,12,0,0,46,0,0,4,0,0,0,3,0,0,4,11,0,170,0,0,0,180,0,0,0,720,0,0,0,780,0,0,11,12,4,3,13,13,18,13,18,13,18,20,20,13,3,20,13
1,HA,S735HAB1108KWHE,K,WH,E,325,355,16,1,1,1,1,1,0,0,1,1,1,0,0,1,0,0,1,4,0,11,0,0,4,0,12,0,0,46,0,0,4,0,0,0,3,0,0,4,11,0,170,0,0,0,180,0,0,0,720,0,0,0,780,0,0,11,12,4,3,13,13,18,13,18,13,18,20,20,13,3,20,13
1,HA,S735HAB1114UWHE,U,WH,E,656,432,18,1,1,1,1,1,0,0,1,1,1,0,0,1,0,0,1,4,0,11,0,0,4,0,12,0,0,46,0,0,4,0,0,0,3,0,0,4,11,0,170,0,0,0,180,0,0,0,720,0,0,0,780,0,0,11,12,4,3,13,13,18,13,18,13,18,20,20,13,3,20,13
1,HA,S735HAB1116DWHE,D,WH,E,656,432,18,1,1,1,1,1,0,0,1,1,1,0,0,1,0,0,1,4,0,11,0,0,4,0,12,0,0,46,0,0,4,0,0,0,3,0,0,4,11,0,170,0,0,0,180,0,0,0,720,0,0,0,780,0,0,11,12,4,3,13,13,18,13,18,13,18,20,20,13,3,20,13
1,HA,S735HAB1116KWHE,K,WH,E,656,432,18,1,1,1,1,1,0,0,1,1,1,0,0,1,0,0,1,4,0,11,0,0,4,0,12,0,0,46,0,0,4,0,0,0,3,0,0,4,11,0,170,0,0,0,180,0,0,0,720,0,0,0,780,0,0,11,12,4,3,13,13,18,13,18,13,18,20,20,13,3,20,13
1,HA,S735HAB1111DWHE,D,WH,E,832,455,16,1,1,1,1,1,0,0,1,1,1,0,0,1,0,0,1,4,0,11,0,0,4,0,12,0,0,46,0,0,4,0,0,0,3,0,0,4,11,0,170,0,0,0,180,0,0,0,720,0,0,0,780,0,0,11,12,4,3,13,13,18,13,18,13,18,20,20,13,3,20,13
1,HA,S735HAB1111KWHE,K,WH,E,832,455,16,1,1,1,1,1,0,0,1,1,1,0,0,1,0,0,1,4,0,11,0,0,4,0,12,0,0,46,0,0,4,0,0,0,3,0,0,4,11,0,170,0,0,0,180,0,0,0,720,0,0,0,780,0,0,11,12,4,3,13,13,18,13,18,13,18,20,20,13,3,20,13
1,HA,S735HAB1101DWHE,D,WH,E,832,455,16,1,1,1,1,1,0,0,1,1,1,0,0,1,0,0,1,4,0,11,0,0,4,0,12,0,0,46,0,0,4,0,0,0,3,0,0,4,11,0,170,0,0,0,180,0,0,0,720,0,0,0,780,0,0,11,12,4,3,13,13,18,13,18,13,18,20,20,13,3,20,13
1,HA,S735HAB1101KWHE,K,WH,E,832,455,16,1,1,1,1,1,0,0,1,1,1,0,0,1,0,0,1,4,0,11,0,0,4,0,12,0,0,46,0,0,4,0,0,0,3,0,0,4,11,0,170,0,0,0,180,0,0,0,720,0,0,0,780,0,0,11,12,4,3,13,13,18,13,18,13,18,20,20,13,3,20,13
1,HA,S735HAB1103DWHE,D,WH,E,832,455,16,1,1,1,1,1,0,0,1,1,1,0,0,1,0,0,1,4,0,11,0,0,4,0,12,0,0,46,0,0,4,0,0,0,3,0,0,4,11,0,170,0,0,0,180,0,0,0,720,0,0,0,780,0,0,11,12,4,3,13,13,18,13,18,13,18,20,20,13,3,20,13
1,HA,S735HAB1103KWHE,K,WH,E,832,455,16,1,1,1,1,1,0,0,1,1,1,0,0,1,0,0,1,4,0,11,0,0,4,0,12,0,0,46,0,0,4,0,0,0,3,0,0,4,11,0,170,0,0,0,180,0,0,0,720,0,0,0,780,0,0,11,12,4,3,13,13,18,13,18,13,18,20,20,13,3,20,13
1,HA,S735HAB1105DWHE,D,WH,E,832,455,16,1,1,1,1,1,0,0,1,1,1,0,0,1,0,0,1,4,0,11,0,0,4,0,12,0,0,46,0,0,4,0,0,0,3,0,0,4,11,0,170,0,0,0,180,0,0,0,720,0,0,0,780,0,0,11,12,4,3,13,13,18,13,18,13,18,20,20,13,3,20,13
1,HA,S735HAB1105KWHE,K,WH,E,832,455,16,1,1,1,1,1,0,0,1,1,1,0,0,1,0,0,1,4,0,11,0,0,4,0,12,0,0,46,0,0,4,0,0,0,3,0,0,4,11,0,170,0,0,0,180,0,0,0,720,0,0,0,780,0,0,11,12,4,3,13,13,18,13,18,13,18,20,20,13,3,20,13
1,HA,S735HAB1106DWHE,D,WH,E,832,455,16,1,1,1,1,1,0,0,1,1,1,0,0,1,0,0,1,4,0,11,0,0,4,0,12,0,0,46,0,0,4,0,0,0,3,0,0,4,11,0,170,0,0,0,180,0,0,0,720,0,0,0,780,0,0,11,12,4,3,13,13,18,13,18,13,18,20,20,13,3,20,13
1,HA,S735HAB1106KWHE,K,WH,E,832,455,16,1,1,1,1,1,0,0,1,1,1,0,0,1,0,0,1,4,0,11,0,0,4,0,12,0,0,46,0,0,4,0,0,0,3,0,0,4,11,0,170,0,0,0,180,0,0,0,720,0,0,0,780,0,0,11,12,4,3,13,13,18,13,18,13,18,20,20,13,3,20,13
1,HA,S735HAB1107DWHE,D,WH,E,832,455,16,1,1,1,1,1,0,0,1,1,1,0,0,1,0,0,1,4,0,11,0,0,4,0,12,0,0,46,0,0,4,0,0,0,3,0,0,4,11,0,170,0,0,0,180,0,0,0,720,0,0,0,780,0,0,11,12,4,3,13,13,18,13,18,13,18,20,20,13,3,20,13
1,HA,S735HAB1107KWHE,K,WH,E,832,455,16,1,1,1,1,1,0,0,1,1,1,0,0,1,0,0,1,4,0,11,0,0,4,0,12,0,0,46,0,0,4,0,0,0,3,0,0,4,11,0,170,0,0,0,180,0,0,0,720,0,0,0,780,0,0,11,12,4,3,13,13,18,13,18,13,18,20,20,13,3,20,13
1,HA,S735HAB1118UWHE,U,WH,E,1806,473,18,1,1,1,1,1,0,0,1,1,1,0,0,1,0,0,1,4,0,11,0,0,4,0,12,0,0,46,0,0,4,0,0,0,3,0,0,4,11,0,170,0,0,0,180,0,0,0,720,0,0,0,780,0,0,11,12,4,3,13,13,18,13,18,13,18,20,20,13,3,20,13
1,SO,S735SOB1111DCHE,D,CH,E,1233,477,16,1,1,1,1,1,0,0,1,1,1,0,0,1,0,0,1,4,0,11,0,0,4,0,12,0,0,46,0,0,4,0,0,0,3,0,0,4,11,0,170,0,0,0,180,0,0,0,720,0,0,0,780,0,0,11,12,4,3,13,13,18,13,18,13,18,20,20,13,3,20,13
1,SO,S735SOB1111DWHE,D,WH,E,1233,477,16,1,1,1,1,1,0,0,1,1,1,0,0,1,0,0,1,4,0,11,0,0,4,0,12,0,0,46,0,0,4,0,0,0,3,0,0,4,11,0,170,0,0,0,180,0,0,0,720,0,0,0,780,0,0,11,12,4,3,13,13,18,13,18,13,18,20,20,13,3,20,13
1,SO,S735SOB1111KCHE,K,CH,E,1233,477,16,1,1,1,1,1,0,0,1,1,1,0,0,1,0,0,1,4,0,11,0,0,4,0,12,0,0,46,0,0,4,0,0,0,3,0,0,4,11,0,170,0,0,0,180,0,0,0,720,0,0,0,780,0,0,11,12,4,3,13,13,18,13,18,13,18,20,20,13,3,20,13
1,SO,S735SOB1111KWHE,K,WH,E,1233,477,16,1,1,1,1,1,0,0,1,1,1,0,0,1,0,0,1,4,0,11,0,0,4,0,12,0,0,46,0,0,4,0,0,0,3,0,0,4,11,0,170,0,0,0,180,0,0,0,720,0,0,0,780,0,0,11,12,4,3,13,13,18,13,18,13,18,20,20,13,3,20,13
1,HA,S735HAB1113DWHE,D,WH,E,1984,550,16,1,1,1,1,1,0,0,1,1,1,0,0,1,0,0,1,3,0,8,0,0,3,0,9,0,0,27,0,0,0,4,0,0,3,0,0,1,10,0,140,0,0,0,150,0,0,0,540,0,0,0,600,0,0,8,9,2.5,3.5,9,11,18,22,18,12,18,18,0,0,3,0,0
1,HA,S735HAB1113KWHE,K,WH,E,1984,550,16,1,1,1,1,1,0,0,1,1,1,0,0,1,0,0,1,3,0,8,0,0,3,0,9,0,0,27,0,0,0,4,0,0,3,0,0,1,10,0,140,0,0,0,150,0,0,0,540,0,0,0,600,0,0,8,9,2.5,3.5,9,11,18,22,18,12,18,18,0,0,3,0,0
1,SO,S735SOB1106DCHE,D,CH,E,1879,580,16,1,1,1,1,1,0,0,1,1,1,0,0,1,0,0,1,3,0,8,0,0,3,0,9,0,0,27,0,0,0,4,0,0,3,0,0,1,10,0,140,0,0,0,150,0,0,0,540,0,0,0,600,0,0,8,9,2.5,3.5,9,11,18,22,18,12,18,18,0,0,3,0,0
1,SO,S735SOB1106DWHE,D,WH,E,1879,580,16,1,1,1,1,1,0,0,1,1,1,0,0,1,0,0,1,3,0,8,0,0,3,0,9,0,0,27,0,0,0,4,0,0,3,0,0,1,10,0,140,0,0,0,150,0,0,0,540,0,0,0,600,0,0,8,9,2.5,3.5,9,11,18,22,18,12,18,18,0,0,3,0,0
1,SO,S735SOB1106KCHE,K,CH,E,1879,580,16,1,1,1,1,1,0,0,1,1,1,0,0,1,0,0,1,3,0,8,0,0,3,0,9,0,0,27,0,0,0,4,0,0,3,0,0,1,10,0,140,0,0,0,150,0,0,0,540,0,0,0,600,0,0,8,9,2.5,3.5,9,11,18,22,18,12,18,18,0,0,3,0,0
1,SO,S735SOB1106KWHE,K,WH,E,1879,580,16,1,1,1,1,1,0,0,1,1,1,0,0,1,0,0,1,3,0,8,0,0,3,0,9,0,0,27,0,0,0,4,0,0,3,0,0,1,10,0,140,0,0,0,150,0,0,0,540,0,0,0,600,0,0,8,9,2.5,3.5,9,11,18,22,18,12,18,18,0,0,3,0,0
2,HA,S735HAB1204UWHE,U,WH,E,1014,353,18,1,1,1,1,0,0,0,1,0,0,0,1,1,0,0,1,3,0,8,0,0,7,2,0,0,0,38,0,0,0,14,0,4,2,0,4,1,7,0,140,0,0,80,0,0,0,0,540,0,0,180,0,0,0,8,2,2.5,5,9,6.5,27,12,27,12,27,18,18,12,3,18,27
2,HA,S735HAB1206UWHE,U,WH,E,1346,353,18,1,1,1,1,0,0,0,1,0,0,0,1,1,0,0,1,3,0,8,0,0,7,2,0,0,0,38,0,0,0,14,0,4,2,0,4,1,7,0,140,0,0,80,0,0,0,0,540,0,0,180,0,0,0,8,2,2.5,5,9,6.5,27,12,27,12,27,18,18,12,3,18,27
2,HA,S735HAB1202UWHE,U,WH,E,664,434,18,1,1,1,1,0,0,0,1,0,0,0,1,1,0,0,1,3,0,8,0,0,7,2,0,0,0,38,0,0,0,14,0,4,2,0,4,1,7,0,140,0,0,80,0,0,0,0,540,0,0,180,0,0,0,8,2,2.5,5,9,6.5,27,12,27,12,27,18,18,12,3,18,27
2,HA,S735HAB1201UWHE,U,WH,E,664,453,18,1,1,1,0,0,0,0,1,1,1,0,0,1,0,1,0,1,4,0,0,0,1,5,0,0,0,17,0,0,0,0,0,0,2,0,0,2,4,100,0,0,0,110,0,0,0,300,0,0,0,360,0,0,0,4,5,1.5,2,5,6,19,14,19,11,19,16,16,11,3,20,26
2,HA,S735HAB1203UWHE,U,WH,E,1346,453,18,1,1,1,0,0,0,0,1,1,1,0,0,1,0,1,0,1,4,0,0,0,1,5,0,0,0,17,0,0,0,0,0,0,2,0,0,2,4,100,0,0,0,110,0,0,0,300,0,0,0,360,0,0,0,4,5,1.5,2,5,6,19,14,19,11,19,16,16,11,3,20,26
2,HA,S735HAB1205UWHE,U,WH,E,1367,453,18,1,1,1,0,0,0,0,1,1,1,0,0,1,0,1,0,1,4,0,0,0,1,5,0,0,0,17,0,0,0,0,0,0,2,0,0,2,4,100,0,0,0,110,0,0,0,300,0,0,0,360,0,0,0,4,5,1.5,2,5,6,19,14,19,11,19,16,16,11,3,20,26
2,SO,S735SOB1202UCHE,U,CH,E,578,455,18,1,1,1,0,0,0,0,1,1,1,0,0,1,0,1,0,1,4,0,0,0,1,5,0,0,0,17,0,0,0,0,0,0,2,0,0,2,4,100,0,0,0,110,0,0,0,300,0,0,0,360,0,0,0,4,5,1.5,2,5,6,19,14,19,11,19,16,16,11,3,20,26
2,SO,S735SOB1202UWHE,U,WH,E,578,455,18,1,1,1,0,0,0,0,1,1,1,0,0,1,0,1,0,1,4,0,0,0,1,5,0,0,0,17,0,0,0,0,0,0,2,0,0,2,4,100,0,0,0,110,0,0,0,300,0,0,0,360,0,0,0,4,5,1.5,2,5,6,19,14,19,11,19,16,16,11,3,20,26
2,SO,S735SOB1203UCHE,U,CH,E,670,455,18,1,1,1,0,0,0,0,1,1,1,0,0,1,0,1,0,1,4,0,0,0,1,5,0,0,0,17,0,0,0,0,0,0,2,0,0,2,4,100,0,0,0,110,0,0,0,300,0,0,0,360,0,0,0,4,5,1.5,2,5,6,19,14,19,11,19,16,16,11,3,20,26
2,SO,S735SOB1203UWHE,U,WH,E,670,455,18,1,1,1,0,0,0,0,1,1,1,0,0,1,0,1,0,1,4,0,0,0,1,5,0,0,0,17,0,0,0,0,0,0,2,0,0,2,4,100,0,0,0,110,0,0,0,300,0,0,0,360,0,0,0,4,5,1.5,2,5,6,19,14,19,11,19,16,16,11,3,20,26
2,SO,S735SOB1204UCHE,U,CH,E,658,455,18,1,1,1,0,0,0,0,1,1,1,0,0,1,0,1,0,1,4,0,0,0,1,5,0,0,0,17,0,0,0,0,0,0,2,0,0,2,4,100,0,0,0,110,0,0,0,300,0,0,0,360,0,0,0,4,5,1.5,2,5,6,19,14,19,11,19,16,16,11,3,20,26
2,SO,S735SOB1204UWHE,U,WH,E,658,455,18,1,1,1,0,0,0,0,1,1,1,0,0,1,0,1,0,1,4,0,0,0,1,5,0,0,0,17,0,0,0,0,0,0,2,0,0,2,4,100,0,0,0,110,0,0,0,300,0,0,0,360,0,0,0,4,5,1.5,2,5,6,19,14,19,11,19,16,16,11,3,20,26
2,SO,S735SOB1207UCHE,U,CH,E,1602,500,18,1,1,1,0,0,0,0,1,1,1,0,0,1,0,1,0,1,2,0,0,0,1,4,0,0,0,14,0,0,0,0,0,0,2,0,0,2,4,80,0,0,0,100,0,0,0,180,0,0,0,300,0,0,0,2,4,1.5,1.5,3,5,15,11,15,11,15,16,16,11,3,0,0
2,SO,S735SOB1207UWHE,U,WH,E,1602,500,18,1,1,1,0,0,0,0,1,1,1,0,0,1,0,1,0,1,2,0,0,0,1,4,0,0,0,14,0,0,0,0,0,0,2,0,0,2,4,80,0,0,0,100,0,0,0,180,0,0,0,300,0,0,0,2,4,1.5,1.5,3,5,15,11,15,11,15,16,16,11,3,0,0
2,SO,S735SOB1208UCHE,U,CH,E,816,500,18,1,1,1,0,0,0,0,1,1,1,0,0,1,0,1,0,1,2,0,0,0,1,4,0,0,0,14,0,0,0,0,0,0,2,0,0,2,4,80,0,0,0,100,0,0,0,180,0,0,0,300,0,0,0,2,4,1.5,1.5,3,5,15,11,15,11,15,16,16,11,3,0,0
2,SO,S735SOB1208UWHE,U,WH,E,816,500,18,1,1,1,0,0,0,0,1,1,1,0,0,1,0,1,0,1,2,0,0,0,1,4,0,0,0,14,0,0,0,0,0,0,2,0,0,2,4,80,0,0,0,100,0,0,0,180,0,0,0,300,0,0,0,2,4,1.5,1.5,3,5,15,11,15,11,15,16,16,11,3,0,0
2,HA,S735HAB1207UWHE,U,WH,E,1146,529,18,1,1,1,0,0,0,0,1,1,1,0,0,1,0,1,0,1,4,0,0,0,1,5,0,0,0,17,0,0,0,0,0,0,2,0,0,2,4,100,0,0,0,110,0,0,0,300,0,0,0,360,0,0,0,4,5,1.5,2,5,6,19,14,19,11,19,16,16,11,3,20,26
3,SO,S735SOB1301UCHE,U,CH,E,364,329,16,1,1,1,0,0,0,0,1,0,0,0,1,0,0,0,0,0,1,0,0,0,0,2,0,0,0,16,0,1,8,2,0,0,0,0,0,0,0,70,0,0,0,80,0,0,0,120,0,0,0,180,0,0,0,1,2,3,2,4,3.5,18,16,21,21,21,21,0,0,2,0,0
3,SO,S735SOB1301UWHE,U,WH,E,364,329,16,1,1,1,0,0,0,0,1,0,0,0,1,0,0,0,0,0,1,0,0,0,0,2,0,0,0,16,0,1,8,2,0,0,0,0,0,0,0,70,0,0,0,80,0,0,0,120,0,0,0,180,0,0,0,1,2,3,2,4,3.5,18,16,21,21,21,21,0,0,2,0,0
3,HA,S735HAB1302UWHE,U,WH,E,1014,334,18,1,1,1,1,0,0,0,1,0,0,0,1,1,0,0,0,2,2,0,0,0,7,0,0,0,0,20,0,0,8,0,0,5,2,0,5,1,6,80,0,0,0,0,0,0,0,180,0,0,0,0,0,0,0,2,0,3.5,0,5,0,24,12,24,12,24,12,0,0,2,0,0
3,HA,S735HAB1304UWHE,U,WH,E,1346,334,18,1,1,1,1,0,0,0,1,0,0,0,1,1,0,0,0,2,2,0,0,0,7,0,0,0,0,20,0,0,8,0,0,5,2,0,5,1,6,80,0,0,0,0,0,0,0,180,0,0,0,0,0,0,0,2,0,3.5,0,5,0,24,12,24,12,24,12,0,0,2,0,0
3,SO,S735SOB1302UCHE,U,CH,E,1338,378,18,1,1,1,1,0,0,0,1,0,0,0,1,1,0,0,0,2,2,0,0,0,7,0,7,0,0,20,0,0,8,0,0,5,2,0,5,1,6,80,0,0,0,0,130,0,0,180,0,0,0,0,480,0,0,2,7,3.5,2,5,8,24,12,24,12,24,12,0,0,2,0,0
3,SO,S735SOB1302UWHE,U,WH,E,1338,378,18,1,1,1,1,0,0,0,1,0,0,0,1,1,0,0,0,2,2,0,0,0,7,0,7,0,0,20,0,0,8,0,0,5,2,0,5,1,6,80,0,0,0,0,130,0,0,180,0,0,0,0,480,0,0,2,7,3.5,2,5,8,24,12,24,12,24,12,0,0,2,0,0
3,SO,S735SOB1304UCHE,U,CH,E,1284,378,18,1,1,1,1,0,0,0,1,0,0,0,1,1,0,0,0,2,2,0,0,0,7,0,7,0,0,20,0,0,8,0,0,5,2,0,5,1,6,80,0,0,0,0,130,0,0,180,0,0,0,0,480,0,0,2,7,3.5,2,5,8,24,12,24,12,24,12,0,0,2,0,0
3,SO,S735SOB1304UWHE,U,WH,E,1284,378,18,1,1,1,1,0,0,0,1,0,0,0,1,1,0,0,0,2,2,0,0,0,7,0,7,0,0,20,0,0,8,0,0,5,2,0,5,1,6,80,0,0,0,0,130,0,0,180,0,0,0,0,480,0,0,2,7,3.5,2,5,8,24,12,24,12,24,12,0,0,2,0,0
3,SO,S735SOB1307UCHE,U,CH,E,838,378,18,1,1,1,1,0,0,0,1,0,0,0,1,1,0,0,0,2,2,0,0,0,7,0,7,0,0,20,0,0,8,0,0,5,2,0,5,1,6,80,0,0,0,0,130,0,0,180,0,0,0,0,480,0,0,2,7,3.5,2,5,8,24,12,24,12,24,12,0,0,2,0,0
3,HA,S735HAB1301UWHE,U,WH,E,664,434,18,0,1,1,0,0,0,1,0,0,0,0,0,1,0,0,0,0,2,0,0,0,0,2,0,0,0,24,1,0,8,8,0,0,0,0,0,0,0,80,0,0,0,80,0,0,0,180,0,0,0,180,0,0,0,0,0,3.5,3.5,5,5,24,20,24,20,24,24,0,0,4,0,0
3,HA,S735HAB1303UWHE,U,WH,E,1367,434,18,0,1,1,0,0,0,1,0,0,0,0,0,1,0,0,0,0,2,0,0,0,0,2,0,0,0,24,1,0,8,8,0,0,0,0,0,0,0,80,0,0,0,80,0,0,0,180,0,0,0,180,0,0,0,0,0,3.5,3.5,5,5,24,20,24,20,24,24,0,0,4,0,0
3,HA,S735HAB1306UWHE,U,WH,E,664,434,18,0,1,1,0,0,0,1,0,0,0,0,0,1,0,0,0,0,2,0,0,0,0,2,0,0,0,24,1,0,8,8,0,0,0,0,0,0,0,80,0,0,0,80,0,0,0,180,0,0,0,180,0,0,0,0,0,3.5,3.5,5,5,24,20,24,20,24,24,0,0,4,0,0
3,HA,S735HAB1305UWHE,U,WH,E,1146,529,18,0,1,1,0,0,0,1,0,0,0,0,0,1,0,0,0,0,2,0,0,0,0,2,0,0,0,24,1,0,8,8,0,0,0,0,0,0,0,80,0,0,0,80,0,0,0,180,0,0,0,180,0,0,0,0,0,3.5,3.5,5,5,24,20,24,20,24,24,0,0,4,0,0
3,SO,S735SOB1306UCHE,U,CH,E,1144,531,16,0,1,1,0,0,0,1,0,0,0,0,0,1,0,0,0,0,2,0,0,0,0,2,0,0,0,24,1,0,8,8,0,0,0,0,0,0,0,80,0,0,0,80,0,0,0,180,0,0,0,180,0,0,0,0,0,3.5,3.5,5,5,24,20,24,20,24,24,0,0,4,0,0
3,SO,S735SOB1306UWHE,U,WH,E,1144,531,16,0,1,1,0,0,0,1,0,0,0,0,0,1,0,0,0,0,2,0,0,0,0,2,0,0,0,24,1,0,8,8,0,0,0,0,0,0,0,80,0,0,0,80,0,0,0,180,0,0,0,180,0,0,0,0,0,3.5,3.5,5,5,24,20,24,20,24,24,0,0,4,0,0
4,BR,S735BRB1410UOAA,U,OA,A,423,220,16,1,1,1,0,0,0,0,1,0,0,0,1,1,0,0,0,1,0,0,0,0,1,2,0,0,0,4,0,0,0,0,0,0,1,0,0,5,1,0,0,0,0,80,0,0,0,0,0,0,0,180,0,0,0,0,2,0,1.5,0,3,18,19,16,19,16,20,20,19,3,20,23
4,BR,S735BRB1410UWHA,U,WH,A,423,220,16,1,1,1,0,0,0,0,1,0,0,0,1,1,0,0,0,1,0,0,0,0,1,2,0,0,0,4,0,0,0,0,0,0,1,0,0,5,1,0,0,0,0,80,0,0,0,0,0,0,0,180,0,0,0,0,2,0,1.5,0,3,18,19,16,19,16,20,20,19,3,20,23
4,BR,S735BRB1412UOAA,U,OA,A,305,240,16,1,1,1,0,0,0,0,1,0,0,0,1,1,0,0,0,1,0,0,0,0,1,2,0,0,0,4,0,0,0,0,0,0,1,0,0,5,1,0,0,0,0,80,0,0,0,0,0,0,0,180,0,0,0,0,2,0,1.5,0,3,18,19,16,19,16,20,20,19,3,20,23
4,BR,S735BRB1412UWHA,U,WH,A,305,240,16,1,1,1,0,0,0,0,1,0,0,0,1,1,0,0,0,1,0,0,0,0,1,2,0,0,0,4,0,0,0,0,0,0,1,0,0,5,1,0,0,0,0,80,0,0,0,0,0,0,0,180,0,0,0,0,2,0,1.5,0,3,18,19,16,19,16,20,20,19,3,20,23
4,HA,S735HAB1406UWHE,U,WH,E,497.5,275,18,1,1,1,0,0,0,0,1,0,0,0,1,1,0,0,0,1,0,0,0,0,1,2,0,0,0,4,0,0,0,0,0,0,1,0,0,5,1,0,0,0,0,80,0,0,0,0,0,0,0,180,0,0,0,0,2,0,1.5,0,3,19,19,19,19,19,20,20,19,0,20,20
4,HA,S735HAB1403UWHE,U,WH,E,664,324,19,1,1,1,0,0,0,0,1,0,0,0,1,1,0,0,0,1,0,0,0,0,1,2,0,0,0,4,0,0,0,0,0,0,1,0,0,5,1,0,0,0,0,80,0,0,0,0,0,0,0,180,0,0,0,0,2,0,1.5,0,3,19,19,19,19,19,20,20,19,0,20,20
4,HA,S735HAB1405UWHE,U,WH,E,663.5,324,19,1,1,1,0,0,0,0,1,0,0,0,1,1,0,0,0,1,0,0,0,0,1,2,0,0,0,4,0,0,0,0,0,0,1,0,0,5,1,0,0,0,0,80,0,0,0,0,0,0,0,180,0,0,0,0,2,0,1.5,0,3,19,19,19,19,19,20,20,19,0,20,20
4,HA,S735HAB1408UWHE,U,WH,E,663.5,330,18,1,1,1,0,0,0,0,1,0,0,0,1,1,0,0,0,1,0,0,0,0,1,2,0,0,0,4,0,0,0,0,0,0,1,0,0,5,1,0,0,0,0,80,0,0,0,0,0,0,0,180,0,0,0,0,2,0,1.5,0,3,19,19,19,19,19,20,20,19,0,20,20
4,HA,S735HAB1402UWHE,U,WH,E,664,345,18,1,1,1,0,0,0,0,1,0,0,0,1,1,0,0,0,1,0,0,0,0,1,2,0,0,0,4,0,0,0,0,0,0,1,0,0,5,1,0,0,0,0,80,0,0,0,0,0,0,0,180,0,0,0,0,2,0,1.5,0,3,19,19,19,19,19,20,20,19,0,20,20
4,SO,S735SOB1401UCHE,U,CH,E,364,349,16,1,1,1,0,0,0,0,1,0,0,0,1,1,0,0,0,1,0,0,0,0,1,2,0,0,0,4,0,0,0,0,0,0,1,0,0,5,1,0,0,0,0,80,0,0,0,0,0,0,0,180,0,0,0,0,2,0,1.5,0,3,19,19,19,19,19,20,20,19,0,20,20
4,SO,S735SOB1401UWHE,U,WH,E,364,349,16,1,1,1,0,0,0,0,1,0,0,0,1,1,0,0,0,1,0,0,0,0,1,2,0,0,0,4,0,0,0,0,0,0,1,0,0,5,1,0,0,0,0,80,0,0,0,0,0,0,0,180,0,0,0,0,2,0,1.5,0,3,19,19,19,19,19,20,20,19,0,20,20
4,HA,S735HAB1404UWHE,U,WH,E,663.5,409,18,1,1,1,0,0,0,0,1,0,0,0,1,1,0,0,0,1,0,0,0,0,1,2,0,0,0,4,0,0,0,0,0,0,1,0,0,5,1,0,0,0,0,80,0,0,0,0,0,0,0,180,0,0,0,0,2,0,1.5,0,3,19,19,19,19,19,20,20,19,0,20,20
4,HA,S735HAB1407UWHE,U,WH,E,333,409,18,1,1,1,0,0,0,0,1,0,0,0,1,1,0,0,0,1,0,0,0,0,1,2,0,0,0,4,0,0,0,0,0,0,1,0,0,5,1,0,0,0,0,80,0,0,0,0,0,0,0,180,0,0,0,0,2,0,1.5,0,3,19,19,19,19,19,20,20,19,0,20,20
4,HA,S735HAB1401UWHE,U,WH,E,63.5,471,18,1,1,1,0,0,0,0,1,0,0,0,1,1,0,0,0,1,0,0,0,0,1,2,0,0,0,4,0,0,0,0,0,0,1,0,0,5,1,0,0,0,0,80,0,0,0,0,0,0,0,180,0,0,0,0,2,0,1.5,0,3,19,19,19,19,19,20,20,19,0,20,20
4,HA,S735HAB1409DWHE,D,WH,E,564,471,18,1,1,1,0,0,0,0,1,0,0,0,1,1,0,0,0,1,0,0,0,0,1,2,0,0,0,4,0,0,0,0,0,0,1,0,0,5,1,0,0,0,0,80,0,0,0,0,0,0,0,180,0,0,0,0,2,0,1.5,0,3,19,19,19,19,19,20,20,19,0,20,20
4,HA,S735HAB1409KWHE,K,WH,E,564,471,18,1,1,1,0,0,0,0,1,0,0,0,1,1,0,0,0,1,0,0,0,0,1,2,0,0,0,4,0,0,0,0,0,0,1,0,0,5,1,0,0,0,0,80,0,0,0,0,0,0,0,180,0,0,0,0,2,0,1.5,0,3,19,19,19,19,19,20,20,19,0,20,20
6,SO,S735SOB1604UCHE,U,CH,E,1354,180,22,1,1,1,1,1,0,1,0,0,0,0,0,1,0,0,1,0,3,0,0,0,0,4,0,0,0,19,0,0,0,0,0,0,0,0,0,0,0,90,0,0,0,100,0,0,0,240,0,0,0,300,0,0,0,0,0,1.5,1.5,4,5,21,18,20,20,21,21,21,20,2,20,20
6,SO,S735SOB1604UWHE,U,WH,E,1354,180,22,1,1,1,1,1,0,1,0,0,0,0,0,1,0,0,1,0,3,0,0,0,0,4,0,0,0,19,0,0,0,0,0,0,0,0,0,0,0,90,0,0,0,100,0,0,0,240,0,0,0,300,0,0,0,0,0,1.5,1.5,4,5,21,18,20,20,21,21,21,20,2,20,20
6,SO,S735SOB1607UCHE,U,CH,E,1554,180,22,1,1,1,1,1,0,1,0,0,0,0,0,1,0,0,1,0,3,0,0,0,0,4,0,0,0,19,0,0,0,0,0,0,0,0,0,0,0,90,0,0,0,100,0,0,0,240,0,0,0,300,0,0,0,0,0,1.5,1.5,4,5,21,18,20,20,21,21,21,20,2,20,20
6,SO,S735SOB1607UWHE,U,WH,E,1554,180,22,1,1,1,1,1,0,1,0,0,0,0,0,1,0,0,1,0,3,0,0,0,0,4,0,0,0,19,0,0,0,0,0,0,0,0,0,0,0,90,0,0,0,100,0,0,0,240,0,0,0,300,0,0,0,0,0,1.5,1.5,4,5,21,18,20,20,21,21,21,20,2,20,20
6,SO,S735SOB1610UWHE,U,WH,E,1300,180,22,1,1,1,1,1,0,1,0,0,0,0,0,1,0,0,1,0,3,0,0,0,0,4,0,0,0,19,0,0,0,0,0,0,0,0,0,0,0,90,0,0,0,100,0,0,0,240,0,0,0,300,0,0,0,0,0,1.5,1.5,4,5,21,18,20,20,21,21,21,20,2,20,20
6,SO,S735SOB1613UCHE,U,CH,E,1454,180,22,1,1,1,1,1,0,1,0,0,0,0,0,1,0,0,1,0,3,0,0,0,0,4,0,0,0,19,0,0,0,0,0,0,0,0,0,0,0,90,0,0,0,100,0,0,0,240,0,0,0,300,0,0,0,0,0,1.5,1.5,4,5,21,18,20,20,21,21,21,20,2,20,20
6,SO,S735SOB1613UWHE,U,WH,E,1454,180,22,1,1,1,1,1,0,1,0,0,0,0,0,1,0,0,1,0,3,0,0,0,0,4,0,0,0,19,0,0,0,0,0,0,0,0,0,0,0,90,0,0,0,100,0,0,0,240,0,0,0,300,0,0,0,0,0,1.5,1.5,4,5,21,18,20,20,21,21,21,20,2,20,20
6,SO,S735SOB1628UCHE,U,CH,E,854,180,22,1,1,1,1,1,0,1,0,0,0,0,0,1,0,0,1,0,3,0,0,0,0,4,0,0,0,19,0,0,0,0,0,0,0,0,0,0,0,90,0,0,0,100,0,0,0,240,0,0,0,300,0,0,0,0,0,1.5,1.5,4,5,21,18,20,20,21,21,21,20,2,20,20
7,SO,S735SOB1701UCHE,U,CH,E,1388,160,15,1,1,1,1,1,0,1,0,0,0,0,0,1,0,0,1,0,3,0,0,0,0,4,0,0,0,19,0,0,0,0,0,0,0,0,0,0,0,90,0,0,0,100,0,0,0,240,0,0,0,300,0,0,0,0,0,1.5,1.5,4,5,21,18,20,20,21,21,21,20,2,20,20
7,SO,S735SOB1701UWHE,U,WH,E,1388,160,15,1,1,1,1,1,0,1,0,0,0,0,0,1,0,0,1,0,3,0,0,0,0,4,0,0,0,19,0,0,0,0,0,0,0,0,0,0,0,90,0,0,0,100,0,0,0,240,0,0,0,300,0,0,0,0,0,1.5,1.5,4,5,21,18,20,20,21,21,21,20,2,20,20
7,SO,S735SOB1702UCHE,U,CH,E,598,160,15,1,1,1,1,1,0,1,0,0,0,0,0,1,0,0,1,0,3,0,0,0,0,4,0,0,0,19,0,0,0,0,0,0,0,0,0,0,0,90,0,0,0,100,0,0,0,240,0,0,0,300,0,0,0,0,0,1.5,1.5,4,5,21,18,20,20,21,21,21,20,2,20,20
7,SO,S735SOB1702UWHE,U,WH,E,598,160,15,1,1,1,1,1,0,1,0,0,0,0,0,1,0,0,1,0,3,0,0,0,0,4,0,0,0,19,0,0,0,0,0,0,0,0,0,0,0,90,0,0,0,100,0,0,0,240,0,0,0,300,0,0,0,0,0,1.5,1.5,4,5,21,18,20,20,21,21,21,20,2,20,20
7,SO,S735SOB1703UCHE,U,CH,E,1388,160,15,1,1,1,1,1,0,1,0,0,0,0,0,1,0,0,1,0,3,0,0,0,0,4,0,0,0,19,0,0,0,0,0,0,0,0,0,0,0,90,0,0,0,100,0,0,0,240,0,0,0,300,0,0,0,0,0,1.5,1.5,4,5,21,18,20,20,21,21,21,20,2,20,20
7,SO,S735SOB1703UWHE,U,WH,E,1388,160,15,1,1,1,1,1,0,1,0,0,0,0,0,1,0,0,1,0,3,0,0,0,0,4,0,0,0,19,0,0,0,0,0,0,0,0,0,0,0,90,0,0,0,100,0,0,0,240,0,0,0,300,0,0,0,0,0,1.5,1.5,4,5,21,18,20,20,21,21,21,20,2,20,20
7,SO,S735SOB1704UXXE,U,XX,E,764,223,16,1,1,1,1,1,0,1,0,0,0,0,0,1,0,0,1,0,3,0,0,0,0,4,0,0,0,19,0,0,0,0,0,0,0,0,0,0,0,90,0,0,0,100,0,0,0,240,0,0,0,300,0,0,0,3,4,1.5,1.5,4,5,30.3,20,30.3,20,30.3,17,17,17,2,17,35
7,HA,S735HAB1701UWHE,U,WH,E,664,323,16,1,1,1,1,1,0,1,0,0,0,0,0,1,0,0,1,0,3,0,0,0,0,4,0,0,0,19,0,0,0,0,0,0,0,0,0,0,0,90,0,0,0,100,0,0,0,240,0,0,0,300,0,0,0,3,4,1.5,1.5,4,5,30.3,20,30.3,20,30.3,17,17,17,2,17,35
7,KP,S735KPB1704UBLN,U,BL,N,800,334,19,0,1,1,0,0,0,1,0,0,0,0,0,1,0,0,0,0,4,0,0,0,0,0,0,0,0,16,1,0,0,12,0,0,0,0,0,0,0,100,0,0,0,0,0,0,0,300,0,0,0,0,0,0,0,0,0,1.5,3,5,3,23,12,23,12,23,18,18,12,3,18,23
7,KP,S735KPB1704UWHN,U,WH,N,800,334,19,0,1,1,0,0,0,1,0,0,0,0,0,1,0,0,0,0,4,0,0,0,0,0,0,0,0,16,1,0,0,12,0,0,0,0,0,0,0,100,0,0,0,0,0,0,0,300,0,0,0,0,0,0,0,0,0,1.5,3,5,3,23,12,23,12,23,18,18,12,3,18,23
9,HA,S735HAB1901UWHE,U,WH,E,658,147,16,1,1,1,0,0,0,0,1,1,1,0,0,1,0,0,1,1,3,0,0,0,1,3,0,0,0,19,0,0,0,0,0,0,2,0,0,2,4,90,0,0,0,90,0,0,0,240,0,0,0,240,0,0,0,3,3,1.5,1.5,4,4,31,20,31,17,31,17,17,17,2,17,35
9,SO,S735SOB1902UCHE,U,CH,E,1390,200,18,1,1,1,1,1,1,0,1,1,1,0,0,1,1,0,0,1,4,0,0,0,1,3,0,0,0,6,0,0,0,0,0,0,2,0,0,2,4,100,0,0,0,90,0,0,0,300,0,0,0,240,0,0,0,4,3,1.5,1.5,5,4,27,21,27,21,27,21,21,21,2,21,30
9,SO,S735SOB1902UWHE,U,WH,E,1390,200,18,1,1,1,1,1,1,0,1,1,1,0,0,1,1,0,0,1,4,0,0,0,1,3,0,0,0,6,0,0,0,0,0,0,2,0,0,2,4,100,0,0,0,90,0,0,0,300,0,0,0,240,0,0,0,4,3,1.5,1.5,5,4,27,21,27,21,27,21,21,21,2,21,30
9,SO,S735SOB1903UCHE,U,CH,E,600,200,18,1,1,1,1,1,1,0,1,1,1,0,0,1,1,0,0,1,4,0,0,0,1,3,0,0,0,6,0,0,0,0,0,0,2,0,0,2,4,100,0,0,0,90,0,0,0,300,0,0,0,240,0,0,0,4,3,1.5,1.5,5,4,27,21,27,21,27,21,21,21,2,21,30
9,SO,S735SOB1903UWHE,U,WH,E,600,200,18,1,1,1,1,1,1,0,1,1,1,0,0,1,1,0,0,1,4,0,0,0,1,3,0,0,0,6,0,0,0,0,0,0,2,0,0,2,4,100,0,0,0,90,0,0,0,300,0,0,0,240,0,0,0,4,3,1.5,1.5,5,4,27,21,27,21,27,21,21,21,2,21,30
