NPC,Path,Width,Lenght,LiftPushSpeed,LiftRegularSpeed,RT1EntranceSpeed,RT1ExitSpeed,RT2EntranceSpeed,RT2ExitSpeed,EM1PushSpeed,EM1PushCycle,EM2PushSpeed,EM2PushCycle,Product,Chipboard,Position_0,Position_2,Position_3,Position_4,Position_5,BR_BR2,BR_BR3,Color_black,Color_chary,Color_none,Color_oack,Color_white,Parts_1,Parts_2
12.0,1,900.0,440.0,23.0,12.0,23.0,18.0,18.0,23.0,23.0,12.0,18.0,12.0,BR3-IKW202,0,0,0,1,0,0,0,1,0,0,0,0,1,1,0
14.0,0,796.0,248.0,18.0,14.0,18.0,18.0,18.0,18.0,18.0,14.0,18.0,18.0,BR3-ITW101-K,0,0,1,0,0,0,0,1,0,0,0,0,1,0,1
13.0,0,1037.0,295.0,21.0,14.0,21.0,21.0,21.0,21.0,21.0,14.0,21.0,14.0,BR3-ITW302,0,0,0,1,0,0,0,1,0,0,0,0,1,0,1
14.0,0,686.0,295.0,24.0,18.0,22.0,27.0,25.0,32.0,22.0,18.0,27.0,18.0,BR3-ITW301,0,0,0,1,0,0,0,1,0,0,0,0,1,0,1
13.0,0,1092.0,295.0,18.0,10.0,18.0,18.0,18.0,18.0,18.0,10.0,18.0,18.0,BR3-ITW104,0,0,1,0,0,0,0,1,0,0,0,0,1,0,1
14.0,0,741.0,295.0,18.0,14.0,18.0,18.0,18.0,18.0,18.0,14.0,18.0,18.0,BR3-ITW102,0,0,1,0,0,0,0,1,0,0,0,0,1,0,1
13.0,1,1157.0,345.0,22.0,13.0,22.0,22.0,22.0,22.0,22.0,13.0,22.0,13.0,BR3-ITW202,0,0,0,1,0,0,0,1,0,0,0,0,1,0,1
12.0,1,806.0,345.0,18.0,12.0,18.0,18.0,18.0,18.0,18.0,12.0,18.0,12.0,BR3-ITW201,0,0,0,1,0,0,0,1,0,0,0,0,1,0,1
18.0,1,460.0,320.0,11.0,14.0,11.0,18.0,12.0,18.0,19.0,12.0,18.0,12.0,BR3-IRW901,0,0,1,0,0,0,0,1,0,0,0,0,1,1,0
12.0,1,1718.0,440.0,27.0,12.0,27.0,18.0,18.0,27.0,27.0,12.0,18.0,12.0,BR3-IKW203,0,0,0,1,0,0,0,1,0,0,0,0,1,1,0
12.0,1,900.0,460.0,23.0,12.0,23.0,18.0,18.0,23.0,23.0,12.0,18.0,12.0,BR3-IKW204,0,0,0,1,0,0,0,1,0,0,0,0,1,1,0
17.0,1,427.0,670.0,21.0,18.0,21.0,27.0,21.0,30.0,27.0,21.0,21.0,21.0,BR2-IKW105,0,0,1,0,0,0,1,0,0,0,0,0,1,1,0
19.5,1,794.0,210.0,27.0,21.0,27.0,21.0,21.0,27.0,27.0,21.0,21.0,18.0,BR2-IKW903,0,0,1,0,0,0,1,0,0,0,0,0,1,0,1
14.0,1,566.0,258.0,22.0,20.0,22.0,21.0,21.0,21.0,22.0,21.0,21.0,21.0,BR2-IRW122,0,0,1,0,0,0,1,0,0,0,0,0,1,1,0
14.0,1,240.0,305.0,15.0,15.0,18.0,18.0,18.0,18.0,18.0,15.0,18.0,15.0,BR3-IRW313,0,0,0,1,0,0,0,1,0,0,0,0,1,1,0
10.0,1,1200.0,730.0,15.0,10.0,18.0,18.0,18.0,18.0,18.0,10.0,18.0,10.0,BR3-IRW215,0,0,0,0,1,0,0,1,0,0,0,0,1,1,0
18.0,0,544.0,159.0,21.0,18.0,21.0,21.0,20.0,20.0,20.0,20.0,21.0,20.0,BR3-IRW706,0,0,1,0,0,0,0,1,0,0,0,0,1,0,1
12.0,0,566.0,423.0,18.0,13.0,18.0,20.0,13.0,13.0,18.0,13.0,20.0,13.0,BR3-IRW121,0,0,0,1,0,0,0,1,0,0,0,0,1,1,0
19.5,1,794.0,206.0,27.0,21.0,27.0,21.0,21.0,30.0,27.0,21.0,21.0,21.0,BR2-IKW902,0,0,1,0,0,0,1,0,0,0,0,0,1,1,0
12.0,0,566.0,423.0,15.0,13.0,18.0,20.0,13.0,13.0,18.0,13.0,20.0,13.0,BR3-IRW121-A,1,0,0,1,0,0,0,1,0,0,0,0,1,1,0
14.0,1,970.0,247.0,21.0,14.0,21.0,21.0,21.0,3.0,21.0,14.0,21.0,14.0,BR3-ITW105-K,0,0,0,1,0,0,0,1,0,0,0,0,1,1,0
14.0,1,970.0,247.0,21.0,14.0,21.0,21.0,21.0,3.0,21.0,14.0,21.0,14.0,BR3-ITW105-D,0,0,0,1,0,0,0,1,0,0,0,0,1,1,0
11.0,0,408.5,1710.0,25.0,11.0,25.0,25.0,25.0,25.0,25.0,11.0,25.0,11.0,BR3-ITW303,0,0,0,1,0,0,0,1,0,0,0,0,1,1,0
9.0,1,1830.0,475.0,26.0,11.0,26.0,26.0,26.0,26.0,26.0,0.0,26.0,11.0,BR3-ITW204,0,0,0,1,0,0,0,1,0,0,0,0,1,1,0
11.0,1,1830.0,328.0,26.0,11.0,26.0,26.0,26.0,26.0,26.0,11.0,26.0,11.0,BR3-ITW203,0,0,0,1,0,0,0,1,0,0,0,0,1,0,1
18.0,1,794.0,206.0,27.0,21.0,27.0,21.0,21.0,27.0,27.0,21.0,21.0,18.0,BR2-IKW903-1,0,0,1,0,0,0,1,0,0,0,0,0,1,1,0
12.0,0,800.0,334.0,23.0,12.0,23.0,18.0,18.0,23.0,23.0,12.0,18.0,12.0,BR2-IKW701-A,1,0,0,1,0,0,1,0,0,0,0,0,1,1,0
14.0,0,796.0,248.0,18.0,14.0,18.0,18.0,18.0,18.0,18.0,14.0,18.0,18.0,BR3-ITW101-D,0,0,1,0,0,0,0,1,0,0,0,0,1,0,1
17.0,1,374.0,1002.0,21.0,18.0,27.0,27.0,27.0,27.0,27.0,12.0,27.0,21.0,BR3-IKW103-D-A,1,0,0,1,0,0,0,1,0,0,0,0,1,1,0
9.0,1,1147.0,248.0,18.0,10.0,18.0,18.0,18.0,18.0,18.0,10.0,18.0,18.0,BR3-ITW103-K,0,0,1,0,0,0,0,1,0,0,0,0,1,1,0
12.0,0,566.0,423.0,18.0,13.0,18.0,20.0,20.0,13.0,18.0,13.0,20.0,13.0,BR3-IRW120-D-A,1,0,0,1,0,0,0,1,0,0,0,0,1,1,0
12.0,0,566.0,423.0,18.0,13.0,18.0,20.0,13.0,15.0,18.0,13.0,20.0,13.0,BR3-IRW120-K-A,1,0,0,0,1,0,0,1,0,0,0,0,1,1,0
12.0,0,900.0,520.0,22.0,15.0,21.0,21.0,21.0,21.0,21.0,15.0,21.0,21.0,BR3-IRW214-A,1,0,0,1,0,0,0,1,0,0,0,0,1,1,0
17.0,0,688.0,394.0,21.0,18.0,21.0,27.0,21.0,30.0,27.0,21.0,21.0,21.0,BR2-IKW106-D,0,0,1,0,0,0,1,0,0,0,0,0,1,1,0
17.0,0,688.0,394.0,21.0,18.0,21.0,27.0,21.0,30.0,27.0,21.0,21.0,21.0,BR2-IKW106-K,0,0,1,0,0,0,1,0,0,0,0,0,1,1,0
17.0,0,688.0,394.0,21.0,18.0,21.0,27.0,21.0,30.0,27.0,21.0,21.0,21.0,BR2-IKW106-D-A,1,0,1,0,0,0,1,0,0,0,0,0,1,1,0
17.0,0,688.0,394.0,21.0,18.0,21.0,27.0,21.0,30.0,27.0,21.0,21.0,21.0,BR2-IKW106-K-A,1,0,1,0,0,0,1,0,0,0,0,0,1,1,0
12.0,0,900.0,520.0,22.0,15.0,21.0,21.0,21.0,21.0,21.0,15.0,21.0,21.0,BR3-IRW214,0,0,0,1,0,0,0,1,0,0,0,0,1,1,0
17.0,1,374.0,1002.0,21.0,18.0,27.0,27.0,27.0,27.0,27.0,12.0,27.0,21.0,BR3-IKW103-K-A,1,0,0,1,0,0,0,1,0,0,0,0,1,1,0
16.0,0,801.0,519.0,23.0,18.0,23.0,23.0,18.0,27.0,23.0,18.0,23.0,18.0,BR3-IRW402,0,0,0,1,0,0,0,1,0,0,0,0,1,1,0
12.0,0,566.0,423.0,18.0,13.0,18.0,20.0,20.0,13.0,18.0,13.0,20.0,13.0,BR3-IRW120-K,0,0,0,1,0,0,0,1,0,0,0,0,1,1,0
17.0,0,724.0,264.0,18.0,16.0,18.0,18.0,18.0,18.0,22.0,18.0,18.0,18.0,BR3-IRW118-D,0,0,1,0,0,0,0,1,0,0,0,0,1,1,0
17.0,0,724.0,264.0,18.0,16.0,18.0,18.0,18.0,18.0,22.0,18.0,18.0,18.0,BR3-IRW118-K,0,0,0,1,0,0,0,1,0,0,0,0,1,1,0
17.0,1,500.0,264.0,18.0,18.0,18.0,18.0,18.0,18.0,18.0,18.0,18.0,18.0,BR3-IRW116-D,0,0,0,1,0,0,0,1,0,0,0,0,1,1,0
17.0,1,500.0,264.0,18.0,16.0,18.0,18.0,22.0,18.0,18.0,18.0,22.0,12.0,BR3-IRW116-K,0,0,0,1,0,0,0,1,0,0,0,0,1,1,0
16.0,1,1080.0,312.0,26.0,20.0,26.0,17.0,18.0,18.0,27.0,17.0,21.0,18.0,BR3-IRW311,0,0,1,0,0,0,0,1,0,0,0,0,1,1,0
12.0,0,800.0,475.0,18.0,12.0,18.0,20.0,13.0,13.0,18.0,13.0,20.0,13.0,BR3-IRW213,0,0,0,1,0,0,0,1,0,0,0,0,1,1,0
19.0,0,669.0,308.0,24.0,20.0,24.0,20.0,18.0,18.0,24.0,20.0,18.0,18.0,BR3-IRW119,0,0,1,0,0,0,0,1,0,0,0,0,1,1,0
11.0,0,1697.0,396.0,26.0,11.0,26.0,26.0,12.0,18.0,26.0,12.0,26.0,12.0,BR2-IRW903,0,0,0,1,0,0,1,0,0,0,0,0,1,1,0
18.0,0,600.0,200.0,20.0,20.0,18.0,20.0,18.0,18.0,18.0,18.0,18.0,18.0,BR3-IRW902,0,0,1,0,0,0,0,1,0,0,0,0,1,1,0
18.0,0,382.0,519.0,18.0,18.0,19.0,18.0,19.0,19.0,18.0,19.0,18.0,19.0,BR3-IRW403,0,0,1,0,0,0,0,1,0,0,0,0,1,1,0
12.0,0,1200.0,505.0,26.0,20.0,26.0,23.0,18.0,22.0,26.0,15.0,23.0,18.0,BR3-IRW305,0,0,0,1,0,0,0,1,0,0,0,0,1,1,0
11.0,1,1310.0,571.0,26.0,20.0,26.0,18.0,18.0,18.0,22.0,12.0,18.0,12.0,BR3-IRW205,0,0,0,1,0,0,0,1,0,0,0,0,1,1,0
16.0,0,674.0,200.0,21.0,16.0,21.0,16.0,18.0,18.0,22.0,16.0,18.0,18.0,BR3-IRW907,0,0,1,0,0,0,0,1,0,0,0,0,1,1,0
12.0,1,900.0,440.0,23.0,12.0,23.0,18.0,18.0,23.0,23.0,12.0,18.0,12.0,BR3-IKW202-A,1,0,0,1,0,0,0,1,0,0,0,0,1,1,0
17.0,1,374.0,1002.0,21.0,18.0,27.0,27.0,27.0,27.0,27.0,12.0,27.0,21.0,BR2-IKW103-D-A,1,0,0,1,0,0,1,0,0,0,0,0,1,1,0
17.0,1,374.0,1002.0,21.0,18.0,27.0,27.0,27.0,27.0,27.0,12.0,27.0,21.0,BR2-IKW103-K-A,1,0,0,1,0,0,1,0,0,0,0,0,1,1,0
9.0,1,1147.0,248.0,18.0,10.0,18.0,18.0,18.0,18.0,18.0,10.0,18.0,18.0,BR3-ITW103-D,0,0,1,0,0,0,0,1,0,0,0,0,1,1,0
12.0,1,506.0,475.0,11.0,14.0,11.0,18.0,18.0,20.0,20.0,12.0,18.0,20.0,BR3-IRW206,0,0,0,1,0,0,0,1,0,0,0,0,1,1,0
8.0,1,806.0,780.0,18.0,8.0,18.0,18.0,9.0,9.0,18.0,9.0,18.0,9.0,BR3-IRW114-D,0,0,0,0,0,1,0,1,0,0,0,0,1,1,0
18.0,0,408.5,465.0,18.0,18.0,18.0,18.0,20.0,35.0,18.0,18.0,18.0,18.0,BR3-ITW108,0,0,1,0,0,0,0,1,0,0,0,0,1,0,1
20.0,0,679.0,285.0,25.0,20.0,25.0,21.0,21.0,21.0,25.0,21.0,21.0,21.0,BR3-IRW408,0,0,1,0,0,0,0,1,0,0,0,0,1,0,1
13.0,1,952.0,231.0,22.0,15.0,22.0,22.0,22.0,22.0,22.0,15.0,22.0,22.0,BR3-IRW115-D,0,0,0,1,0,0,0,1,0,0,0,0,1,1,0
13.0,1,952.0,231.0,22.0,15.0,22.0,22.0,22.0,22.0,22.0,15.0,22.0,22.0,BR3-IRW115-K,0,0,0,1,0,0,0,1,0,0,0,0,1,1,0
12.0,1,800.0,475.0,18.0,12.0,18.0,20.0,13.0,13.0,18.0,13.0,20.0,13.0,BR3-IRW212,0,0,0,1,0,0,0,1,0,0,0,0,1,1,0
16.0,0,800.0,326.0,20.0,18.0,20.0,18.0,18.0,18.0,20.0,18.0,18.0,18.0,BR3-IRW211,0,0,1,0,0,0,0,1,0,0,0,0,1,1,0
17.0,0,684.0,336.0,21.0,16.0,21.0,18.0,18.0,18.0,21.0,18.0,18.0,18.0,BR3-IRW912,0,0,1,0,0,0,0,1,0,0,0,0,1,1,0
18.0,0,445.0,308.0,27.0,16.0,27.0,18.0,18.0,18.0,27.0,16.0,18.0,18.0,BR3-IRW117,0,0,0,1,0,0,0,1,0,0,0,0,1,1,0
8.0,1,806.0,780.0,18.0,8.0,18.0,18.0,9.0,9.0,18.0,9.0,18.0,9.0,BR3-IRW114-K,0,0,0,0,0,1,0,1,0,0,0,0,1,1,0
12.0,0,566.0,423.0,18.0,13.0,18.0,20.0,13.0,15.0,18.0,13.0,20.0,13.0,BR3-IRW120-D,0,0,0,0,1,0,0,1,0,0,0,0,1,1,0
17.0,1,680.0,412.0,18.0,14.0,18.0,21.0,18.0,18.0,18.0,14.0,21.0,14.0,BR3-IRW310,0,0,0,0,1,0,0,1,0,0,0,0,1,1,0
12.0,0,800.0,475.0,17.0,13.0,17.0,20.0,13.0,13.0,17.0,13.0,20.0,13.0,BR3-IRW210,0,0,0,1,0,0,0,1,0,0,0,0,1,1,0
20.0,1,549.0,285.0,22.0,20.0,22.0,21.0,21.0,21.0,22.0,21.0,21.0,21.0,BR3-IRW406,0,0,1,0,0,0,0,1,0,0,0,0,1,0,1
20.0,1,550.0,285.0,21.0,13.0,21.0,21.0,14.0,14.0,21.0,14.0,21.0,14.0,BR3-IRW405,0,0,0,1,0,0,0,1,0,0,0,0,1,0,1
8.0,1,1775.5,231.0,20.0,9.0,20.0,18.0,18.0,18.0,20.0,9.0,18.0,9.0,BR3-IRW113-K,0,0,0,0,1,0,0,1,0,0,0,0,1,1,0
8.0,1,1775.5,231.0,20.0,9.0,20.0,18.0,18.0,18.0,20.0,9.0,18.0,9.0,BR3-IRW113-D,0,0,0,0,1,0,0,1,0,0,0,0,1,1,0
13.0,1,550.0,276.0,18.0,13.0,18.0,21.0,18.0,18.0,18.0,14.0,21.0,14.0,BR3-IRW309,0,0,0,0,1,0,0,1,0,0,0,0,1,0,1
12.0,0,670.0,328.0,18.0,18.0,18.0,18.0,18.0,18.0,18.0,18.0,18.0,18.0,BR3-IRW209,0,0,0,1,0,0,0,1,0,0,0,0,1,1,0
17.0,0,679.0,408.0,25.0,21.0,25.0,32.0,21.0,21.0,25.0,21.0,32.0,21.0,BR3-IRW407,0,0,0,1,0,0,0,1,0,0,0,0,1,0,1
18.0,0,364.0,329.0,18.0,18.0,19.0,18.0,19.0,19.0,18.0,19.0,18.0,19.0,BR3-ISW301,0,0,1,0,0,0,0,1,0,0,0,0,1,1,0
16.0,1,200.0,600.0,19.0,20.0,19.0,17.0,17.0,20.0,19.0,17.0,17.0,17.0,BR3-ISW903,0,0,1,0,0,0,0,1,0,0,0,0,1,1,0
12.0,1,477.0,783.0,18.0,13.0,18.0,20.0,20.0,13.0,18.0,13.0,20.0,13.0,BR3-ISW108-K,0,0,0,1,0,0,0,1,0,0,0,0,1,1,0
10.0,1,603.0,1196.0,19.0,14.0,19.0,16.0,20.0,26.0,19.0,11.0,16.0,11.0,BR3-ISW205,0,0,0,1,0,0,0,1,0,0,0,0,1,1,0
18.0,0,529.0,364.0,18.0,22.0,18.0,18.0,0.0,0.0,18.0,12.0,0.0,0.0,BR3-ISW403,0,0,0,1,0,0,0,1,0,0,0,0,1,1,0
11.0,1,580.0,1879.0,18.0,22.0,18.0,18.0,0.0,0.0,18.0,12.0,0.0,0.0,BR3-ISW107,0,0,0,1,0,0,0,1,0,0,0,0,1,1,0
11.0,1,580.0,1879.0,29.0,22.0,29.0,18.0,0.0,0.0,29.0,12.0,18.0,12.0,BR3-ISW106-K,0,0,0,1,0,0,0,1,0,0,0,0,1,1,0
18.0,0,529.0,764.0,18.0,22.0,18.0,18.0,0.0,0.0,18.0,12.0,0.0,0.0,BR3-ISW402,0,0,0,1,0,0,0,1,0,0,0,0,1,1,0
10.0,1,500.0,816.0,22.0,11.0,22.0,20.0,0.0,0.0,22.0,13.0,16.0,11.0,BR3-ISW208,0,0,0,1,0,0,0,1,0,0,0,0,1,1,0
10.0,1,603.0,1196.0,22.0,11.0,22.0,20.0,0.0,0.0,22.0,13.0,16.0,11.0,BR3-ISW207,0,0,0,1,0,0,0,1,0,0,0,0,1,1,0
12.0,1,477.0,1008.0,18.0,13.0,18.0,20.0,20.0,13.0,18.0,13.0,20.0,13.0,BR3-ISW109-K,0,0,0,1,0,0,0,1,0,0,0,0,1,1,0
18.0,0,364.0,349.0,18.0,18.0,19.0,18.0,19.0,19.0,18.0,19.0,18.0,19.0,BR3-ISW401,0,0,1,0,0,0,0,1,0,0,0,0,1,1,0
14.0,0,529.0,375.0,18.0,14.0,18.0,18.0,18.0,18.0,18.0,14.0,18.0,18.0,BR3-ISW101-D,0,0,1,0,0,0,0,1,0,0,0,0,1,0,1
14.0,0,529.0,375.0,18.0,14.0,18.0,18.0,18.0,18.0,18.0,14.0,18.0,18.0,BR3-ISW101-K,0,0,1,0,0,0,0,1,0,0,0,0,1,0,1
16.0,0,416.0,403.0,17.0,17.0,17.0,17.0,17.0,17.0,17.0,17.0,17.0,17.0,BR3-ISW201,0,0,1,0,0,0,0,1,0,0,0,0,1,1,0
19.0,1,160.0,1288.0,19.0,15.0,28.0,19.0,0.0,0.0,28.0,19.0,0.0,0.0,BR3-ISW703,0,0,1,0,0,0,0,1,0,0,0,0,1,1,0
19.0,1,160.0,598.0,19.0,15.0,28.0,19.0,0.0,0.0,28.0,19.0,0.0,0.0,BR3-ISW702,0,0,1,0,0,0,0,1,0,0,0,0,1,1,0
19.0,0,160.0,1388.0,19.0,15.0,28.0,19.0,19.0,19.0,28.0,19.0,19.0,19.0,BR3-ISW701,0,0,1,0,0,0,0,1,0,0,0,0,1,1,0
16.0,1,520.0,378.0,24.0,16.0,24.0,24.0,24.0,24.0,24.0,16.0,24.0,24.0,BR3-ITW106-K,0,0,0,1,0,0,0,1,0,0,0,0,1,1,0
11.0,1,580.0,1879.0,29.0,22.0,29.0,18.0,0.0,0.0,29.0,12.0,18.0,12.0,BR3-ISW106-D,0,0,0,1,0,0,0,1,0,0,0,0,1,1,0
17.0,1,374.0,1002.0,21.0,18.0,27.0,27.0,27.0,27.0,27.0,12.0,27.0,21.0,BR2-IKW103-D-A,1,0,0,1,0,0,1,0,0,0,0,0,1,1,0
11.0,0,531.0,1144.0,20.0,12.0,20.0,18.0,0.0,0.0,18.0,12.0,0.0,0.0,BR3-ISW306,0,0,0,1,0,0,0,1,0,0,0,0,1,1,0
11.0,0,1697.0,396.0,26.0,11.0,26.0,26.0,12.0,18.0,26.0,12.0,26.0,12.0,BR3-IRW903,0,0,0,1,0,0,0,1,0,0,0,0,1,1,0
20.0,1,240.0,305.0,18.0,16.0,20.0,20.0,0.0,0.0,20.0,14.0,0.0,0.0,BR3-IRW412-A,1,0,1,0,0,0,0,1,0,0,0,0,1,1,0
10.0,1,1200.0,730.0,15.0,10.0,18.0,18.0,18.0,18.0,18.0,10.0,18.0,10.0,BR3-IRW215-A,1,0,0,0,1,0,0,1,0,0,0,0,1,1,0
17.0,1,427.0,670.0,21.0,18.0,21.0,27.0,21.0,30.0,27.0,21.0,21.0,21.0,BR3-IKW105,0,0,1,0,0,0,0,1,0,0,0,0,1,1,0
19.5,1,794.0,206.0,27.0,21.0,27.0,21.0,21.0,30.0,27.0,21.0,21.0,21.0,BR2-IKW901,0,0,1,0,0,0,1,0,0,0,0,0,1,1,0
17.0,0,688.0,374.0,21.0,18.0,21.0,27.0,21.0,30.0,27.0,21.0,21.0,21.0,BR2-IKW101-K,0,0,1,0,0,0,1,0,0,0,0,0,1,1,0
12.0,1,477.0,783.0,18.0,13.0,18.0,20.0,20.0,13.0,18.0,13.0,20.0,13.0,BR3-ISW108-D,0,0,0,1,0,0,0,1,0,0,0,0,1,1,0
17.0,1,374.0,1002.0,21.0,18.0,27.0,27.0,27.0,27.0,27.0,12.0,27.0,21.0,BR2-IKW103-K-A,1,0,0,1,0,0,1,0,0,0,0,0,1,1,0
19.0,1,200.0,1290.0,32.0,20.0,32.0,17.0,17.0,35.0,32.0,17.0,17.0,17.0,BR3-ISW904,0,0,1,0,0,0,0,1,0,0,0,0,1,1,0
16.0,1,223.0,764.0,19.0,20.0,19.0,17.0,17.0,20.0,19.0,17.0,17.0,17.0,BR3-ISW704,0,0,1,0,0,0,0,1,0,0,0,0,1,0,1
16.0,1,256.0,425.5,19.0,20.0,19.0,17.0,17.0,20.0,19.0,17.0,17.0,17.0,BR3-ISW112,0,0,1,0,0,0,0,1,0,0,0,0,1,1,0
12.0,1,456.0,783.0,18.0,13.0,18.0,20.0,20.0,13.0,18.0,13.0,20.0,13.0,BR3-ISW110,0,0,0,1,0,0,0,1,0,0,0,0,1,1,0
12.0,1,477.0,1233.0,18.0,13.0,18.0,20.0,20.0,13.0,18.0,13.0,20.0,13.0,BR3-ISW111-K,0,0,0,1,0,0,0,1,0,0,0,0,1,1,0
12.0,1,477.0,1233.0,18.0,13.0,18.0,20.0,20.0,13.0,18.0,13.0,20.0,13.0,BR3-ISW111-D,0,0,0,1,0,0,0,1,0,0,0,0,1,1,0
12.0,1,477.0,783.0,18.0,13.0,18.0,20.0,20.0,13.0,18.0,13.0,20.0,13.0,BR3-ISW113-K,0,0,0,1,0,0,0,1,0,0,0,0,1,1,0
12.0,1,477.0,783.0,18.0,13.0,18.0,20.0,20.0,13.0,18.0,13.0,20.0,13.0,BR3-ISW113-D,0,0,0,1,0,0,0,1,0,0,0,0,1,1,0
12.0,1,477.0,1008.0,18.0,13.0,18.0,20.0,20.0,13.0,18.0,13.0,20.0,13.0,BR3-ISW109-D,0,0,0,1,0,0,0,1,0,0,0,0,1,1,0
17.0,0,688.0,374.0,21.0,18.0,21.0,27.0,21.0,30.0,27.0,21.0,21.0,21.0,BR2-IKW101-D,0,0,1,0,0,0,1,0,0,0,0,0,1,1,0
19.5,1,794.0,210.0,27.0,21.0,27.0,21.0,21.0,27.0,27.0,21.0,21.0,18.0,BR2-IKW903-A,1,0,1,0,0,0,1,0,0,0,0,0,1,0,1
16.0,1,200.0,1390.0,32.0,20.0,32.0,17.0,17.0,35.0,32.0,17.0,17.0,17.0,BR3-ISW902,0,0,1,0,0,0,0,1,0,0,0,0,1,1,0
12.0,1,800.0,369.0,23.0,12.0,23.0,18.0,18.0,23.0,23.0,12.0,18.0,12.0,BR2-IKW301-A,1,0,0,1,0,0,1,0,0,0,0,0,1,1,0
20.0,0,275.0,335.0,20.0,10.0,20.0,20.0,20.0,20.0,20.0,10.0,20.0,20.0,BR3-ITW403,0,0,0,1,0,0,0,1,0,0,0,0,1,0,1
14.0,1,240.0,305.0,15.0,15.0,18.0,18.0,18.0,18.0,18.0,15.0,18.0,15.0,BR3-IRW313-A,1,0,0,1,0,0,0,1,0,0,0,0,1,1,0
14.0,1,566.0,258.0,22.0,20.0,22.0,21.0,21.0,21.0,22.0,21.0,21.0,21.0,BR3-IRW122-A,1,0,1,0,0,0,0,1,0,0,0,0,1,1,0
18.0,0,800.0,334.0,23.0,12.0,23.0,18.0,18.0,23.0,23.0,12.0,18.0,12.0,BR3-IKW702-A,1,0,0,1,0,0,0,1,0,0,0,0,1,1,0
12.0,1,900.0,460.0,23.0,12.0,23.0,18.0,18.0,23.0,23.0,12.0,18.0,12.0,BR3-IKW204-A,1,0,0,1,0,0,0,1,0,0,0,0,1,1,0
14.0,0,970.0,278.0,20.0,14.0,20.0,20.0,0.0,0.0,20.0,14.0,0.0,0.0,BR3-ITW107,0,0,0,1,0,0,0,1,0,0,0,0,1,0,1
20.0,0,335.0,278.0,20.0,10.0,20.0,20.0,20.0,20.0,20.0,10.0,20.0,20.0,BR3-ITW402,0,0,0,1,0,0,0,1,0,0,0,0,1,0,1
12.0,0,378.0,1438.0,24.0,12.0,24.0,12.0,12.0,12.0,24.0,12.0,12.0,12.0,BR3-ISW305,0,0,1,0,0,0,0,1,0,0,0,0,1,1,0
19.5,1,794.0,206.0,27.0,21.0,27.0,21.0,21.0,30.0,27.0,21.0,21.0,21.0,BR2-IKW902-A,1,0,1,0,0,0,1,0,0,0,0,0,1,1,0
18.0,1,794.0,206.0,27.0,21.0,27.0,21.0,21.0,27.0,27.0,21.0,21.0,18.0,BR2-IKW902-1,0,0,1,0,0,0,1,0,0,0,0,0,1,1,0
14.0,0,800.0,334.0,23.0,12.0,23.0,18.0,18.0,23.0,23.0,12.0,18.0,12.0,BR3-IKW702-A,1,0,0,1,0,0,0,1,0,0,0,0,1,1,0
14.0,0,800.0,334.0,23.0,12.0,23.0,18.0,18.0,23.0,23.0,12.0,18.0,12.0,BR2-IKW702-A,1,0,0,1,0,0,1,0,0,0,0,0,1,1,0
18.0,0,800.0,334.0,23.0,12.0,23.0,18.0,18.0,23.0,23.0,12.0,18.0,12.0,BR3-IKW702,0,0,0,1,0,0,0,1,0,0,0,0,1,1,0
20.0,0,442.0,408.5,20.0,10.0,20.0,20.0,20.0,20.0,20.0,10.0,20.0,20.0,BR3-ITW404,0,0,0,1,0,0,0,1,0,0,0,0,1,0,1
20.0,0,335.0,408.5,20.0,10.0,20.0,20.0,20.0,20.0,20.0,10.0,20.0,20.0,BR3-ITW405,0,0,0,1,0,0,0,1,0,0,0,0,1,0,1
14.0,0,970.0,278.0,20.0,14.0,20.0,20.0,0.0,0.0,20.0,14.0,0.0,0.0,BR3-ITW107,0,0,0,1,0,0,0,1,0,0,0,0,1,0,1
18.0,0,544.0,159.0,21.0,18.0,21.0,21.0,20.0,20.0,20.0,20.0,21.0,20.0,BR3-IRW706-A,1,0,1,0,0,0,0,1,0,0,0,0,1,0,1
9.0,1,1354.0,180.0,18.0,9.0,18.0,9.0,9.0,9.0,18.0,9.0,9.0,9.0,BR3-ISW604,0,0,1,0,0,0,0,1,0,0,0,0,1,1,0
15.0,0,970.0,475.0,22.0,15.0,22.0,22.0,22.0,22.0,22.0,15.0,22.0,22.0,BR3-ITW703,0,0,0,1,0,0,0,1,0,0,0,0,1,1,0
10.0,1,500.0,816.0,22.0,11.0,22.0,20.0,0.0,0.0,22.0,13.0,16.0,11.0,BR3-ISW209,0,0,0,1,0,0,0,1,0,0,0,0,1,1,0
10.0,1,500.0,816.0,15.0,11.0,15.0,16.0,0.0,0.0,15.0,11.0,16.0,11.0,BR3-ISW206,0,0,0,1,0,0,0,1,0,0,0,0,1,1,0
12.0,0,800.0,369.0,24.0,20.0,24.0,24.0,0.0,0.0,24.0,20.0,0.0,0.0,BR2-IKW301,0,0,0,0,1,0,1,0,0,0,0,0,1,0,1
12.0,0,800.0,334.0,24.0,20.0,24.0,24.0,0.0,0.0,24.0,20.0,0.0,0.0,BR2-IKW701,0,0,0,0,1,0,1,0,0,0,0,0,1,0,1
12.0,0,800.0,334.0,24.0,20.0,24.0,24.0,0.0,0.0,24.0,20.0,0.0,0.0,BR2-IKW702,0,0,0,0,1,0,1,0,0,0,0,0,1,0,1
12.0,0,378.0,1284.0,24.0,12.0,24.0,12.0,12.0,12.0,24.0,12.0,12.0,12.0,BR3-ISW304,0,0,1,0,0,0,0,1,0,0,0,0,1,1,0
14.0,1,566.0,258.0,22.0,20.0,22.0,21.0,21.0,21.0,22.0,21.0,21.0,21.0,BR2-IRW122-A,1,0,1,0,0,0,1,0,0,0,0,0,1,1,0
11.0,1,1902.0,180.0,28.0,12.0,28.0,16.0,16.0,35.0,28.0,12.0,16.0,12.0,BR3-ISW103,0,0,0,1,0,0,0,1,0,0,0,0,1,1,0
16.0,1,520.0,378.0,24.0,16.0,24.0,24.0,24.0,24.0,24.0,16.0,24.0,24.0,BR3-ITW106-D,0,0,0,1,0,0,0,1,0,0,0,0,1,1,0
9.0,1,1554.0,180.0,18.0,9.0,18.0,9.0,9.0,9.0,18.0,9.0,9.0,9.0,BR3-ISW607,0,0,1,0,0,0,0,1,0,0,0,0,1,1,0
9.0,1,1300.0,180.0,18.0,9.0,18.0,9.0,9.0,9.0,18.0,9.0,9.0,9.0,BR3-ISW610,0,0,1,0,0,0,0,1,0,0,0,0,1,1,0
9.0,1,1454.0,180.0,18.0,9.0,18.0,9.0,9.0,9.0,18.0,9.0,9.0,9.0,BR3-ISW613,0,0,1,0,0,0,0,1,0,0,0,0,1,1,0
14.0,0,578.0,455.0,20.0,15.0,20.0,20.0,20.0,20.0,20.0,15.0,20.0,15.0,BR3-ISW202,0,1,0,0,0,0,0,1,0,0,0,0,1,1,0
14.0,0,670.0,455.0,20.0,15.0,20.0,20.0,20.0,20.0,20.0,15.0,20.0,15.0,BR3-ISW203,0,1,0,0,0,0,0,1,0,0,0,0,1,1,0
14.0,0,658.0,455.0,20.0,15.0,20.0,20.0,20.0,20.0,20.0,15.0,20.0,15.0,BR3-ISW204,0,1,0,0,0,0,0,1,0,0,0,0,1,1,0
12.0,0,378.0,1338.0,24.0,12.0,24.0,12.0,0.0,0.0,24.0,12.0,0.0,0.0,BR3-ISW302,0,0,1,0,0,0,0,1,0,0,0,0,1,1,0
12.0,0,378.0,1538.0,24.0,12.0,24.0,12.0,0.0,0.0,24.0,12.0,0.0,0.0,BR3-ISW303,0,0,1,0,0,0,0,1,0,0,0,0,1,1,0
11.0,1,2002.0,180.0,28.0,12.0,28.0,16.0,16.0,35.0,28.0,12.0,16.0,12.0,BR3-ISW102,0,0,0,1,0,0,0,1,0,0,0,0,1,1,0
12.0,1,900.0,440.0,23.0,12.0,23.0,18.0,18.0,23.0,23.0,12.0,18.0,12.0,BR3-IKB202,0,0,0,1,0,0,0,1,1,0,0,0,0,1,0
14.0,0,796.0,248.0,18.0,14.0,18.0,18.0,18.0,18.0,18.0,14.0,18.0,18.0,BR3-ITB101-K,0,0,1,0,0,0,0,1,1,0,0,0,0,0,1
13.0,0,1037.0,295.0,21.0,14.0,21.0,21.0,21.0,21.0,21.0,14.0,21.0,14.0,BR3-ITB302,0,0,0,1,0,0,0,1,1,0,0,0,0,0,1
14.0,0,686.0,295.0,24.0,18.0,22.0,27.0,25.0,32.0,22.0,18.0,27.0,18.0,BR3-ITB301,0,0,0,1,0,0,0,1,1,0,0,0,0,0,1
13.0,0,1092.0,295.0,18.0,10.0,18.0,18.0,18.0,18.0,18.0,10.0,18.0,18.0,BR3-ITB104,0,0,1,0,0,0,0,1,1,0,0,0,0,0,1
14.0,0,741.0,295.0,18.0,14.0,18.0,18.0,18.0,18.0,18.0,14.0,18.0,18.0,BR3-ITB102,0,0,1,0,0,0,0,1,1,0,0,0,0,0,1
13.0,1,1157.0,345.0,22.0,13.0,22.0,22.0,22.0,22.0,22.0,13.0,22.0,13.0,BR3-ITB202,0,0,0,1,0,0,0,1,1,0,0,0,0,0,1
12.0,1,806.0,345.0,18.0,12.0,18.0,18.0,18.0,18.0,18.0,12.0,18.0,12.0,BR3-ITB201,0,0,0,1,0,0,0,1,1,0,0,0,0,0,1
18.0,1,460.0,320.0,11.0,14.0,11.0,18.0,12.0,18.0,19.0,12.0,18.0,12.0,BR3-IRB901,0,0,1,0,0,0,0,1,1,0,0,0,0,1,0
12.0,1,1718.0,440.0,27.0,12.0,27.0,18.0,18.0,27.0,27.0,12.0,18.0,12.0,BR3-IKB203,0,0,0,1,0,0,0,1,1,0,0,0,0,1,0
12.0,1,900.0,460.0,23.0,12.0,23.0,18.0,18.0,23.0,23.0,12.0,18.0,12.0,BR3-IKB204,0,0,0,1,0,0,0,1,1,0,0,0,0,1,0
17.0,1,427.0,670.0,21.0,18.0,21.0,27.0,21.0,30.0,27.0,21.0,21.0,21.0,BR2-IKB105,0,0,1,0,0,0,1,0,1,0,0,0,0,1,0
19.5,1,794.0,210.0,27.0,21.0,27.0,21.0,21.0,27.0,27.0,21.0,21.0,18.0,BR2-IKB903,0,0,1,0,0,0,1,0,1,0,0,0,0,0,1
14.0,1,566.0,258.0,22.0,20.0,22.0,21.0,21.0,21.0,22.0,21.0,21.0,21.0,BR2-IRB122,0,0,1,0,0,0,1,0,1,0,0,0,0,1,0
14.0,1,240.0,305.0,15.0,15.0,18.0,18.0,18.0,18.0,18.0,15.0,18.0,15.0,BR3-IRB313,0,0,0,1,0,0,0,1,1,0,0,0,0,1,0
10.0,1,1200.0,730.0,15.0,10.0,18.0,18.0,18.0,18.0,18.0,10.0,18.0,10.0,BR3-IRB215,0,0,0,0,1,0,0,1,1,0,0,0,0,1,0
18.0,0,544.0,159.0,21.0,18.0,21.0,21.0,20.0,20.0,20.0,20.0,21.0,20.0,BR3-IRB706,0,0,1,0,0,0,0,1,1,0,0,0,0,0,1
12.0,0,566.0,423.0,18.0,13.0,18.0,20.0,13.0,13.0,18.0,13.0,20.0,13.0,BR3-IRB121,0,0,0,1,0,0,0,1,1,0,0,0,0,1,0
19.5,1,794.0,206.0,27.0,21.0,27.0,21.0,21.0,30.0,27.0,21.0,21.0,21.0,BR2-IKB902,0,0,1,0,0,0,1,0,1,0,0,0,0,1,0
12.0,0,566.0,423.0,15.0,13.0,18.0,20.0,13.0,13.0,18.0,13.0,20.0,13.0,BR3-IRB121-A,1,0,0,1,0,0,0,1,1,0,0,0,0,1,0
14.0,1,970.0,247.0,21.0,14.0,21.0,21.0,21.0,3.0,21.0,14.0,21.0,14.0,BR3-ITB105-K,0,0,0,1,0,0,0,1,1,0,0,0,0,1,0
14.0,1,970.0,247.0,21.0,14.0,21.0,21.0,21.0,3.0,21.0,14.0,21.0,14.0,BR3-ITB105-D,0,0,0,1,0,0,0,1,1,0,0,0,0,1,0
11.0,0,408.5,1710.0,25.0,11.0,25.0,25.0,25.0,25.0,25.0,11.0,25.0,11.0,BR3-ITB303,0,0,0,1,0,0,0,1,1,0,0,0,0,1,0
9.0,1,1830.0,475.0,26.0,11.0,26.0,26.0,26.0,26.0,26.0,0.0,26.0,11.0,BR3-ITB204,0,0,0,1,0,0,0,1,1,0,0,0,0,1,0
11.0,1,1830.0,328.0,26.0,11.0,26.0,26.0,26.0,26.0,26.0,11.0,26.0,11.0,BR3-ITB203,0,0,0,1,0,0,0,1,1,0,0,0,0,0,1
18.0,1,794.0,206.0,27.0,21.0,27.0,21.0,21.0,27.0,27.0,21.0,21.0,18.0,BR2-IKB903-1,0,0,1,0,0,0,1,0,1,0,0,0,0,1,0
12.0,0,800.0,334.0,23.0,12.0,23.0,18.0,18.0,23.0,23.0,12.0,18.0,12.0,BR2-IKB701-A,1,0,0,1,0,0,1,0,1,0,0,0,0,1,0
14.0,0,796.0,248.0,18.0,14.0,18.0,18.0,18.0,18.0,18.0,14.0,18.0,18.0,BR3-ITB101-D,0,0,1,0,0,0,0,1,1,0,0,0,0,0,1
17.0,1,374.0,1002.0,21.0,18.0,27.0,27.0,27.0,27.0,27.0,12.0,27.0,21.0,BR3-IKB103-D-A,1,0,0,1,0,0,0,1,1,0,0,0,0,1,0
9.0,1,1147.0,248.0,18.0,10.0,18.0,18.0,18.0,18.0,18.0,10.0,18.0,18.0,BR3-ITB103-K,0,0,1,0,0,0,0,1,1,0,0,0,0,1,0
12.0,0,566.0,423.0,18.0,13.0,18.0,20.0,20.0,13.0,18.0,13.0,20.0,13.0,BR3-IRB120-D-A,1,0,0,1,0,0,0,1,1,0,0,0,0,1,0
12.0,0,566.0,423.0,18.0,13.0,18.0,20.0,13.0,15.0,18.0,13.0,20.0,13.0,BR3-IRB120-K-A,1,0,0,0,1,0,0,1,1,0,0,0,0,1,0
12.0,0,900.0,520.0,22.0,15.0,21.0,21.0,21.0,21.0,21.0,15.0,21.0,21.0,BR3-IRB214-A,1,0,0,1,0,0,0,1,1,0,0,0,0,1,0
17.0,0,688.0,394.0,21.0,18.0,21.0,27.0,21.0,30.0,27.0,21.0,21.0,21.0,BR2-IKB106-D,0,0,1,0,0,0,1,0,1,0,0,0,0,1,0
17.0,0,688.0,394.0,21.0,18.0,21.0,27.0,21.0,30.0,27.0,21.0,21.0,21.0,BR2-IKB106-K,0,0,1,0,0,0,1,0,1,0,0,0,0,1,0
17.0,0,688.0,394.0,21.0,18.0,21.0,27.0,21.0,30.0,27.0,21.0,21.0,21.0,BR2-IKB106-D-A,1,0,1,0,0,0,1,0,1,0,0,0,0,1,0
17.0,0,688.0,394.0,21.0,18.0,21.0,27.0,21.0,30.0,27.0,21.0,21.0,21.0,BR2-IKB106-K-A,1,0,1,0,0,0,1,0,1,0,0,0,0,1,0
12.0,0,900.0,520.0,22.0,15.0,21.0,21.0,21.0,21.0,21.0,15.0,21.0,21.0,BR3-IRB214,0,0,0,1,0,0,0,1,1,0,0,0,0,1,0
17.0,1,374.0,1002.0,21.0,18.0,27.0,27.0,27.0,27.0,27.0,12.0,27.0,21.0,BR3-IKB103-K-A,1,0,0,1,0,0,0,1,1,0,0,0,0,1,0
16.0,0,801.0,519.0,23.0,18.0,23.0,23.0,18.0,27.0,23.0,18.0,23.0,18.0,BR3-IRB402,0,0,0,1,0,0,0,1,1,0,0,0,0,1,0
12.0,0,566.0,423.0,18.0,13.0,18.0,20.0,20.0,13.0,18.0,13.0,20.0,13.0,BR3-IRB120-K,0,0,0,1,0,0,0,1,1,0,0,0,0,1,0
17.0,0,724.0,264.0,18.0,16.0,18.0,18.0,18.0,18.0,22.0,18.0,18.0,18.0,BR3-IRB118-D,0,0,1,0,0,0,0,1,1,0,0,0,0,1,0
17.0,0,724.0,264.0,18.0,16.0,18.0,18.0,18.0,18.0,22.0,18.0,18.0,18.0,BR3-IRB118-K,0,0,0,1,0,0,0,1,1,0,0,0,0,1,0
17.0,1,500.0,264.0,18.0,18.0,18.0,18.0,18.0,18.0,18.0,18.0,18.0,18.0,BR3-IRB116-D,0,0,0,1,0,0,0,1,1,0,0,0,0,1,0
17.0,1,500.0,264.0,18.0,16.0,18.0,18.0,22.0,18.0,18.0,18.0,22.0,12.0,BR3-IRB116-K,0,0,0,1,0,0,0,1,1,0,0,0,0,1,0
16.0,1,1080.0,312.0,26.0,20.0,26.0,17.0,18.0,18.0,27.0,17.0,21.0,18.0,BR3-IRB311,0,0,1,0,0,0,0,1,1,0,0,0,0,1,0
12.0,0,800.0,475.0,18.0,12.0,18.0,20.0,13.0,13.0,18.0,13.0,20.0,13.0,BR3-IRB213,0,0,0,1,0,0,0,1,1,0,0,0,0,1,0
19.0,0,669.0,308.0,24.0,20.0,24.0,20.0,18.0,18.0,24.0,20.0,18.0,18.0,BR3-IRB119,0,0,1,0,0,0,0,1,1,0,0,0,0,1,0
11.0,0,1697.0,396.0,26.0,11.0,26.0,26.0,12.0,18.0,26.0,12.0,26.0,12.0,BR2-IRB903,0,0,0,1,0,0,1,0,1,0,0,0,0,1,0
18.0,0,600.0,200.0,20.0,20.0,18.0,20.0,18.0,18.0,18.0,18.0,18.0,18.0,BR3-IRB902,0,0,1,0,0,0,0,1,1,0,0,0,0,1,0
18.0,0,382.0,519.0,18.0,18.0,19.0,18.0,19.0,19.0,18.0,19.0,18.0,19.0,BR3-IRB403,0,0,1,0,0,0,0,1,1,0,0,0,0,1,0
12.0,0,1200.0,505.0,26.0,20.0,26.0,23.0,18.0,22.0,26.0,15.0,23.0,18.0,BR3-IRB305,0,0,0,1,0,0,0,1,1,0,0,0,0,1,0
11.0,1,1310.0,571.0,26.0,20.0,26.0,18.0,18.0,18.0,22.0,12.0,18.0,12.0,BR3-IRB205,0,0,0,1,0,0,0,1,1,0,0,0,0,1,0
16.0,0,674.0,200.0,21.0,16.0,21.0,16.0,18.0,18.0,22.0,16.0,18.0,18.0,BR3-IRB907,0,0,1,0,0,0,0,1,1,0,0,0,0,1,0
12.0,1,900.0,440.0,23.0,12.0,23.0,18.0,18.0,23.0,23.0,12.0,18.0,12.0,BR3-IKB202-A,1,0,0,1,0,0,0,1,1,0,0,0,0,1,0
17.0,1,374.0,1002.0,21.0,18.0,27.0,27.0,27.0,27.0,27.0,12.0,27.0,21.0,BR2-IKB103-D-A,1,0,0,1,0,0,1,0,1,0,0,0,0,1,0
17.0,1,374.0,1002.0,21.0,18.0,27.0,27.0,27.0,27.0,27.0,12.0,27.0,21.0,BR2-IKB103-K-A,1,0,0,1,0,0,1,0,1,0,0,0,0,1,0
9.0,1,1147.0,248.0,18.0,10.0,18.0,18.0,18.0,18.0,18.0,10.0,18.0,18.0,BR3-ITB103-D,0,0,1,0,0,0,0,1,1,0,0,0,0,1,0
12.0,1,506.0,475.0,11.0,14.0,11.0,18.0,18.0,20.0,20.0,12.0,18.0,20.0,BR3-IRB206,0,0,0,1,0,0,0,1,1,0,0,0,0,1,0
8.0,1,806.0,780.0,18.0,8.0,18.0,18.0,9.0,9.0,18.0,9.0,18.0,9.0,BR3-IRB114-D,0,0,0,0,0,1,0,1,1,0,0,0,0,1,0
18.0,0,408.5,465.0,18.0,18.0,18.0,18.0,20.0,35.0,18.0,18.0,18.0,18.0,BR3-ITB108,0,0,1,0,0,0,0,1,1,0,0,0,0,0,1
20.0,0,679.0,285.0,25.0,20.0,25.0,21.0,21.0,21.0,25.0,21.0,21.0,21.0,BR3-IRB408,0,0,1,0,0,0,0,1,1,0,0,0,0,0,1
13.0,1,952.0,231.0,22.0,15.0,22.0,22.0,22.0,22.0,22.0,15.0,22.0,22.0,BR3-IRB115-D,0,0,0,1,0,0,0,1,1,0,0,0,0,1,0
13.0,1,952.0,231.0,22.0,15.0,22.0,22.0,22.0,22.0,22.0,15.0,22.0,22.0,BR3-IRB115-K,0,0,0,1,0,0,0,1,1,0,0,0,0,1,0
12.0,1,800.0,475.0,18.0,12.0,18.0,20.0,13.0,13.0,18.0,13.0,20.0,13.0,BR3-IRB212,0,0,0,1,0,0,0,1,1,0,0,0,0,1,0
16.0,0,800.0,326.0,20.0,18.0,20.0,18.0,18.0,18.0,20.0,18.0,18.0,18.0,BR3-IRB211,0,0,1,0,0,0,0,1,1,0,0,0,0,1,0
17.0,0,684.0,336.0,21.0,16.0,21.0,18.0,18.0,18.0,21.0,18.0,18.0,18.0,BR3-IRB912,0,0,1,0,0,0,0,1,1,0,0,0,0,1,0
18.0,0,445.0,308.0,27.0,16.0,27.0,18.0,18.0,18.0,27.0,16.0,18.0,18.0,BR3-IRB117,0,0,0,1,0,0,0,1,1,0,0,0,0,1,0
8.0,1,806.0,780.0,18.0,8.0,18.0,18.0,9.0,9.0,18.0,9.0,18.0,9.0,BR3-IRB114-K,0,0,0,0,0,1,0,1,1,0,0,0,0,1,0
12.0,0,566.0,423.0,18.0,13.0,18.0,20.0,13.0,15.0,18.0,13.0,20.0,13.0,BR3-IRB120-D,0,0,0,0,1,0,0,1,1,0,0,0,0,1,0
17.0,1,680.0,412.0,18.0,14.0,18.0,21.0,18.0,18.0,18.0,14.0,21.0,14.0,BR3-IRB310,0,0,0,0,1,0,0,1,1,0,0,0,0,1,0
12.0,0,800.0,475.0,17.0,13.0,17.0,20.0,13.0,13.0,17.0,13.0,20.0,13.0,BR3-IRB210,0,0,0,1,0,0,0,1,1,0,0,0,0,1,0
20.0,1,549.0,285.0,22.0,20.0,22.0,21.0,21.0,21.0,22.0,21.0,21.0,21.0,BR3-IRB406,0,0,1,0,0,0,0,1,1,0,0,0,0,0,1
20.0,1,550.0,285.0,21.0,13.0,21.0,21.0,14.0,14.0,21.0,14.0,21.0,14.0,BR3-IRB405,0,0,0,1,0,0,0,1,1,0,0,0,0,0,1
8.0,1,1775.5,231.0,20.0,9.0,20.0,18.0,18.0,18.0,20.0,9.0,18.0,9.0,BR3-IRB113-K,0,0,0,0,1,0,0,1,1,0,0,0,0,1,0
8.0,1,1775.5,231.0,20.0,9.0,20.0,18.0,18.0,18.0,20.0,9.0,18.0,9.0,BR3-IRB113-D,0,0,0,0,1,0,0,1,1,0,0,0,0,1,0
13.0,1,550.0,276.0,18.0,13.0,18.0,21.0,18.0,18.0,18.0,14.0,21.0,14.0,BR3-IRB309,0,0,0,0,1,0,0,1,1,0,0,0,0,0,1
12.0,0,670.0,328.0,18.0,18.0,18.0,18.0,18.0,18.0,18.0,18.0,18.0,18.0,BR3-IRB209,0,0,0,1,0,0,0,1,1,0,0,0,0,1,0
17.0,0,679.0,408.0,25.0,21.0,25.0,32.0,21.0,21.0,25.0,21.0,32.0,21.0,BR3-IRB407,0,0,0,1,0,0,0,1,1,0,0,0,0,0,1
18.0,0,364.0,329.0,18.0,18.0,19.0,18.0,19.0,19.0,18.0,19.0,18.0,19.0,BR3-ISB301,0,0,1,0,0,0,0,1,1,0,0,0,0,1,0
16.0,1,200.0,600.0,19.0,20.0,19.0,17.0,17.0,20.0,19.0,17.0,17.0,17.0,BR3-ISB903,0,0,1,0,0,0,0,1,1,0,0,0,0,1,0
12.0,1,477.0,783.0,18.0,13.0,18.0,20.0,20.0,13.0,18.0,13.0,20.0,13.0,BR3-ISB108-K,0,0,0,1,0,0,0,1,1,0,0,0,0,1,0
10.0,1,603.0,1196.0,19.0,14.0,19.0,16.0,20.0,26.0,19.0,11.0,16.0,11.0,BR3-ISB205,0,0,0,1,0,0,0,1,1,0,0,0,0,1,0
18.0,0,529.0,364.0,18.0,22.0,18.0,18.0,0.0,0.0,18.0,12.0,0.0,0.0,BR3-ISB403,0,0,0,1,0,0,0,1,1,0,0,0,0,1,0
11.0,1,580.0,1879.0,18.0,22.0,18.0,18.0,0.0,0.0,18.0,12.0,0.0,0.0,BR3-ISB107,0,0,0,1,0,0,0,1,1,0,0,0,0,1,0
11.0,1,580.0,1879.0,29.0,22.0,29.0,18.0,0.0,0.0,29.0,12.0,18.0,12.0,BR3-ISB106-K,0,0,0,1,0,0,0,1,1,0,0,0,0,1,0
18.0,0,529.0,764.0,18.0,22.0,18.0,18.0,0.0,0.0,18.0,12.0,0.0,0.0,BR3-ISB402,0,0,0,1,0,0,0,1,1,0,0,0,0,1,0
10.0,1,500.0,816.0,22.0,11.0,22.0,20.0,0.0,0.0,22.0,13.0,16.0,11.0,BR3-ISB208,0,0,0,1,0,0,0,1,1,0,0,0,0,1,0
10.0,1,603.0,1196.0,22.0,11.0,22.0,20.0,0.0,0.0,22.0,13.0,16.0,11.0,BR3-ISB207,0,0,0,1,0,0,0,1,1,0,0,0,0,1,0
12.0,1,477.0,1008.0,18.0,13.0,18.0,20.0,20.0,13.0,18.0,13.0,20.0,13.0,BR3-ISB109-K,0,0,0,1,0,0,0,1,1,0,0,0,0,1,0
18.0,0,364.0,349.0,18.0,18.0,19.0,18.0,19.0,19.0,18.0,19.0,18.0,19.0,BR3-ISB401,0,0,1,0,0,0,0,1,1,0,0,0,0,1,0
14.0,0,529.0,375.0,18.0,14.0,18.0,18.0,18.0,18.0,18.0,14.0,18.0,18.0,BR3-ISB101-D,0,0,1,0,0,0,0,1,1,0,0,0,0,0,1
14.0,0,529.0,375.0,18.0,14.0,18.0,18.0,18.0,18.0,18.0,14.0,18.0,18.0,BR3-ISB101-K,0,0,1,0,0,0,0,1,1,0,0,0,0,0,1
16.0,0,416.0,403.0,17.0,17.0,17.0,17.0,17.0,17.0,17.0,17.0,17.0,17.0,BR3-ISB201,0,0,1,0,0,0,0,1,1,0,0,0,0,1,0
19.0,1,160.0,1288.0,19.0,15.0,28.0,19.0,0.0,0.0,28.0,19.0,0.0,0.0,BR3-ISB703,0,0,1,0,0,0,0,1,1,0,0,0,0,1,0
19.0,1,160.0,598.0,19.0,15.0,28.0,19.0,0.0,0.0,28.0,19.0,0.0,0.0,BR3-ISB702,0,0,1,0,0,0,0,1,1,0,0,0,0,1,0
19.0,0,160.0,1388.0,19.0,15.0,28.0,19.0,19.0,19.0,28.0,19.0,19.0,19.0,BR3-ISB701,0,0,1,0,0,0,0,1,1,0,0,0,0,1,0
16.0,1,520.0,378.0,24.0,16.0,24.0,24.0,24.0,24.0,24.0,16.0,24.0,24.0,BR3-ITB106-K,0,0,0,1,0,0,0,1,1,0,0,0,0,1,0
11.0,1,580.0,1879.0,29.0,22.0,29.0,18.0,0.0,0.0,29.0,12.0,18.0,12.0,BR3-ISB106-D,0,0,0,1,0,0,0,1,1,0,0,0,0,1,0
17.0,1,374.0,1002.0,21.0,18.0,27.0,27.0,27.0,27.0,27.0,12.0,27.0,21.0,BR2-IKB103-D-A,1,0,0,1,0,0,1,0,1,0,0,0,0,1,0
11.0,0,531.0,1144.0,20.0,12.0,20.0,18.0,0.0,0.0,18.0,12.0,0.0,0.0,BR3-ISB306,0,0,0,1,0,0,0,1,1,0,0,0,0,1,0
11.0,0,1697.0,396.0,26.0,11.0,26.0,26.0,12.0,18.0,26.0,12.0,26.0,12.0,BR3-IRB903,0,0,0,1,0,0,0,1,1,0,0,0,0,1,0
20.0,1,240.0,305.0,18.0,16.0,20.0,20.0,0.0,0.0,20.0,14.0,0.0,0.0,BR3-IRB412-A,1,0,1,0,0,0,0,1,1,0,0,0,0,1,0
10.0,1,1200.0,730.0,15.0,10.0,18.0,18.0,18.0,18.0,18.0,10.0,18.0,10.0,BR3-IRB215-A,1,0,0,0,1,0,0,1,1,0,0,0,0,1,0
17.0,1,427.0,670.0,21.0,18.0,21.0,27.0,21.0,30.0,27.0,21.0,21.0,21.0,BR3-IKB105,0,0,1,0,0,0,0,1,1,0,0,0,0,1,0
19.5,1,794.0,206.0,27.0,21.0,27.0,21.0,21.0,30.0,27.0,21.0,21.0,21.0,BR2-IKB901,0,0,1,0,0,0,1,0,1,0,0,0,0,1,0
17.0,0,688.0,374.0,21.0,18.0,21.0,27.0,21.0,30.0,27.0,21.0,21.0,21.0,BR2-IKB101-K,0,0,1,0,0,0,1,0,1,0,0,0,0,1,0
12.0,1,477.0,783.0,18.0,13.0,18.0,20.0,20.0,13.0,18.0,13.0,20.0,13.0,BR3-ISB108-D,0,0,0,1,0,0,0,1,1,0,0,0,0,1,0
17.0,1,374.0,1002.0,21.0,18.0,27.0,27.0,27.0,27.0,27.0,12.0,27.0,21.0,BR2-IKB103-K-A,1,0,0,1,0,0,1,0,1,0,0,0,0,1,0
19.0,1,200.0,1290.0,32.0,20.0,32.0,17.0,17.0,35.0,32.0,17.0,17.0,17.0,BR3-ISB904,0,0,1,0,0,0,0,1,1,0,0,0,0,1,0
16.0,1,223.0,764.0,19.0,20.0,19.0,17.0,17.0,20.0,19.0,17.0,17.0,17.0,BR3-ISB704,0,0,1,0,0,0,0,1,1,0,0,0,0,0,1
16.0,1,256.0,425.5,19.0,20.0,19.0,17.0,17.0,20.0,19.0,17.0,17.0,17.0,BR3-ISB112,0,0,1,0,0,0,0,1,1,0,0,0,0,1,0
12.0,1,456.0,783.0,18.0,13.0,18.0,20.0,20.0,13.0,18.0,13.0,20.0,13.0,BR3-ISB110,0,0,0,1,0,0,0,1,1,0,0,0,0,1,0
12.0,1,477.0,1233.0,18.0,13.0,18.0,20.0,20.0,13.0,18.0,13.0,20.0,13.0,BR3-ISB111-K,0,0,0,1,0,0,0,1,1,0,0,0,0,1,0
12.0,1,477.0,1233.0,18.0,13.0,18.0,20.0,20.0,13.0,18.0,13.0,20.0,13.0,BR3-ISB111-D,0,0,0,1,0,0,0,1,1,0,0,0,0,1,0
12.0,1,477.0,783.0,18.0,13.0,18.0,20.0,20.0,13.0,18.0,13.0,20.0,13.0,BR3-ISB113-K,0,0,0,1,0,0,0,1,1,0,0,0,0,1,0
12.0,1,477.0,783.0,18.0,13.0,18.0,20.0,20.0,13.0,18.0,13.0,20.0,13.0,BR3-ISB113-D,0,0,0,1,0,0,0,1,1,0,0,0,0,1,0
12.0,1,477.0,1008.0,18.0,13.0,18.0,20.0,20.0,13.0,18.0,13.0,20.0,13.0,BR3-ISB109-D,0,0,0,1,0,0,0,1,1,0,0,0,0,1,0
17.0,0,688.0,374.0,21.0,18.0,21.0,27.0,21.0,30.0,27.0,21.0,21.0,21.0,BR2-IKB101-D,0,0,1,0,0,0,1,0,1,0,0,0,0,1,0
19.5,1,794.0,210.0,27.0,21.0,27.0,21.0,21.0,27.0,27.0,21.0,21.0,18.0,BR2-IKB903-A,1,0,1,0,0,0,1,0,1,0,0,0,0,0,1
16.0,1,200.0,1390.0,32.0,20.0,32.0,17.0,17.0,35.0,32.0,17.0,17.0,17.0,BR3-ISB902,0,0,1,0,0,0,0,1,1,0,0,0,0,1,0
12.0,1,800.0,369.0,23.0,12.0,23.0,18.0,18.0,23.0,23.0,12.0,18.0,12.0,BR2-IKB301-A,1,0,0,1,0,0,1,0,1,0,0,0,0,1,0
20.0,0,275.0,335.0,20.0,10.0,20.0,20.0,20.0,20.0,20.0,10.0,20.0,20.0,BR3-ITB403,0,0,0,1,0,0,0,1,1,0,0,0,0,0,1
14.0,1,240.0,305.0,15.0,15.0,18.0,18.0,18.0,18.0,18.0,15.0,18.0,15.0,BR3-IRB313-A,1,0,0,1,0,0,0,1,1,0,0,0,0,1,0
14.0,1,566.0,258.0,22.0,20.0,22.0,21.0,21.0,21.0,22.0,21.0,21.0,21.0,BR3-IRB122-A,1,0,1,0,0,0,0,1,1,0,0,0,0,1,0
18.0,0,800.0,334.0,23.0,12.0,23.0,18.0,18.0,23.0,23.0,12.0,18.0,12.0,BR3-IKB702-A,1,0,0,1,0,0,0,1,1,0,0,0,0,1,0
12.0,1,900.0,460.0,23.0,12.0,23.0,18.0,18.0,23.0,23.0,12.0,18.0,12.0,BR3-IKB204-A,1,0,0,1,0,0,0,1,1,0,0,0,0,1,0
14.0,0,970.0,278.0,20.0,14.0,20.0,20.0,0.0,0.0,20.0,14.0,0.0,0.0,BR3-ITB107,0,0,0,1,0,0,0,1,1,0,0,0,0,0,1
20.0,0,335.0,278.0,20.0,10.0,20.0,20.0,20.0,20.0,20.0,10.0,20.0,20.0,BR3-ITB402,0,0,0,1,0,0,0,1,1,0,0,0,0,0,1
12.0,0,378.0,1438.0,24.0,12.0,24.0,12.0,12.0,12.0,24.0,12.0,12.0,12.0,BR3-ISB305,0,0,1,0,0,0,0,1,1,0,0,0,0,1,0
19.5,1,794.0,206.0,27.0,21.0,27.0,21.0,21.0,30.0,27.0,21.0,21.0,21.0,BR2-IKB902-A,1,0,1,0,0,0,1,0,1,0,0,0,0,1,0
18.0,1,794.0,206.0,27.0,21.0,27.0,21.0,21.0,27.0,27.0,21.0,21.0,18.0,BR2-IKB902-1,0,0,1,0,0,0,1,0,1,0,0,0,0,1,0
14.0,0,800.0,334.0,23.0,12.0,23.0,18.0,18.0,23.0,23.0,12.0,18.0,12.0,BR3-IKB702-A,1,0,0,1,0,0,0,1,1,0,0,0,0,1,0
14.0,0,800.0,334.0,23.0,12.0,23.0,18.0,18.0,23.0,23.0,12.0,18.0,12.0,BR2-IKB702-A,1,0,0,1,0,0,1,0,1,0,0,0,0,1,0
18.0,0,800.0,334.0,23.0,12.0,23.0,18.0,18.0,23.0,23.0,12.0,18.0,12.0,BR3-IKB702,0,0,0,1,0,0,0,1,1,0,0,0,0,1,0
20.0,0,442.0,408.5,20.0,10.0,20.0,20.0,20.0,20.0,20.0,10.0,20.0,20.0,BR3-ITB404,0,0,0,1,0,0,0,1,1,0,0,0,0,0,1
20.0,0,335.0,408.5,20.0,10.0,20.0,20.0,20.0,20.0,20.0,10.0,20.0,20.0,BR3-ITB405,0,0,0,1,0,0,0,1,1,0,0,0,0,0,1
14.0,0,970.0,278.0,20.0,14.0,20.0,20.0,0.0,0.0,20.0,14.0,0.0,0.0,BR3-ITB107,0,0,0,1,0,0,0,1,1,0,0,0,0,0,1
18.0,0,544.0,159.0,21.0,18.0,21.0,21.0,20.0,20.0,20.0,20.0,21.0,20.0,BR3-IRB706-A,1,0,1,0,0,0,0,1,1,0,0,0,0,0,1
9.0,1,1354.0,180.0,18.0,9.0,18.0,9.0,9.0,9.0,18.0,9.0,9.0,9.0,BR3-ISB604,0,0,1,0,0,0,0,1,1,0,0,0,0,1,0
15.0,0,970.0,475.0,22.0,15.0,22.0,22.0,22.0,22.0,22.0,15.0,22.0,22.0,BR3-ITB703,0,0,0,1,0,0,0,1,1,0,0,0,0,1,0
10.0,1,500.0,816.0,22.0,11.0,22.0,20.0,0.0,0.0,22.0,13.0,16.0,11.0,BR3-ISB209,0,0,0,1,0,0,0,1,1,0,0,0,0,1,0
10.0,1,500.0,816.0,15.0,11.0,15.0,16.0,0.0,0.0,15.0,11.0,16.0,11.0,BR3-ISB206,0,0,0,1,0,0,0,1,1,0,0,0,0,1,0
12.0,0,800.0,369.0,24.0,20.0,24.0,24.0,0.0,0.0,24.0,20.0,0.0,0.0,BR2-IKB301,0,0,0,0,1,0,1,0,1,0,0,0,0,0,1
12.0,0,800.0,334.0,24.0,20.0,24.0,24.0,0.0,0.0,24.0,20.0,0.0,0.0,BR2-IKB701,0,0,0,0,1,0,1,0,1,0,0,0,0,0,1
12.0,0,800.0,334.0,24.0,20.0,24.0,24.0,0.0,0.0,24.0,20.0,0.0,0.0,BR2-IKB702,0,0,0,0,1,0,1,0,1,0,0,0,0,0,1
12.0,0,378.0,1284.0,24.0,12.0,24.0,12.0,12.0,12.0,24.0,12.0,12.0,12.0,BR3-ISB304,0,0,1,0,0,0,0,1,1,0,0,0,0,1,0
14.0,1,566.0,258.0,22.0,20.0,22.0,21.0,21.0,21.0,22.0,21.0,21.0,21.0,BR2-IRB122-A,1,0,1,0,0,0,1,0,1,0,0,0,0,1,0
11.0,1,1902.0,180.0,28.0,12.0,28.0,16.0,16.0,35.0,28.0,12.0,16.0,12.0,BR3-ISB103,0,0,0,1,0,0,0,1,1,0,0,0,0,1,0
16.0,1,520.0,378.0,24.0,16.0,24.0,24.0,24.0,24.0,24.0,16.0,24.0,24.0,BR3-ITB106-D,0,0,0,1,0,0,0,1,1,0,0,0,0,1,0
9.0,1,1554.0,180.0,18.0,9.0,18.0,9.0,9.0,9.0,18.0,9.0,9.0,9.0,BR3-ISB607,0,0,1,0,0,0,0,1,1,0,0,0,0,1,0
9.0,1,1300.0,180.0,18.0,9.0,18.0,9.0,9.0,9.0,18.0,9.0,9.0,9.0,BR3-ISB610,0,0,1,0,0,0,0,1,1,0,0,0,0,1,0
9.0,1,1454.0,180.0,18.0,9.0,18.0,9.0,9.0,9.0,18.0,9.0,9.0,9.0,BR3-ISB613,0,0,1,0,0,0,0,1,1,0,0,0,0,1,0
14.0,0,578.0,455.0,20.0,15.0,20.0,20.0,20.0,20.0,20.0,15.0,20.0,15.0,BR3-ISB202,0,1,0,0,0,0,0,1,1,0,0,0,0,1,0
14.0,0,670.0,455.0,20.0,15.0,20.0,20.0,20.0,20.0,20.0,15.0,20.0,15.0,BR3-ISB203,0,1,0,0,0,0,0,1,1,0,0,0,0,1,0
14.0,0,658.0,455.0,20.0,15.0,20.0,20.0,20.0,20.0,20.0,15.0,20.0,15.0,BR3-ISB204,0,1,0,0,0,0,0,1,1,0,0,0,0,1,0
12.0,0,378.0,1338.0,24.0,12.0,24.0,12.0,0.0,0.0,24.0,12.0,0.0,0.0,BR3-ISB302,0,0,1,0,0,0,0,1,1,0,0,0,0,1,0
12.0,0,378.0,1538.0,24.0,12.0,24.0,12.0,0.0,0.0,24.0,12.0,0.0,0.0,BR3-ISB303,0,0,1,0,0,0,0,1,1,0,0,0,0,1,0
11.0,1,2002.0,180.0,28.0,12.0,28.0,16.0,16.0,35.0,28.0,12.0,16.0,12.0,BR3-ISB102,0,0,0,1,0,0,0,1,1,0,0,0,0,1,0
12.0,1,900.0,440.0,23.0,12.0,23.0,18.0,18.0,23.0,23.0,12.0,18.0,12.0,BR3-IKO202,0,0,0,1,0,0,0,1,0,0,0,1,0,1,0
14.0,0,796.0,248.0,18.0,14.0,18.0,18.0,18.0,18.0,18.0,14.0,18.0,18.0,BR3-ITO101-K,0,0,1,0,0,0,0,1,0,0,0,1,0,0,1
13.0,0,1037.0,295.0,21.0,14.0,21.0,21.0,21.0,21.0,21.0,14.0,21.0,14.0,BR3-ITO302,0,0,0,1,0,0,0,1,0,0,0,1,0,0,1
14.0,0,686.0,295.0,24.0,18.0,22.0,27.0,25.0,32.0,22.0,18.0,27.0,18.0,BR3-ITO301,0,0,0,1,0,0,0,1,0,0,0,1,0,0,1
13.0,0,1092.0,295.0,18.0,10.0,18.0,18.0,18.0,18.0,18.0,10.0,18.0,18.0,BR3-ITO104,0,0,1,0,0,0,0,1,0,0,0,1,0,0,1
14.0,0,741.0,295.0,18.0,14.0,18.0,18.0,18.0,18.0,18.0,14.0,18.0,18.0,BR3-ITO102,0,0,1,0,0,0,0,1,0,0,0,1,0,0,1
13.0,1,1157.0,345.0,22.0,13.0,22.0,22.0,22.0,22.0,22.0,13.0,22.0,13.0,BR3-ITO202,0,0,0,1,0,0,0,1,0,0,0,1,0,0,1
12.0,1,806.0,345.0,18.0,12.0,18.0,18.0,18.0,18.0,18.0,12.0,18.0,12.0,BR3-ITO201,0,0,0,1,0,0,0,1,0,0,0,1,0,0,1
18.0,1,460.0,320.0,11.0,14.0,11.0,18.0,12.0,18.0,19.0,12.0,18.0,12.0,BR3-IRO901,0,0,1,0,0,0,0,1,0,0,0,1,0,1,0
12.0,1,1718.0,440.0,27.0,12.0,27.0,18.0,18.0,27.0,27.0,12.0,18.0,12.0,BR3-IKO203,0,0,0,1,0,0,0,1,0,0,0,1,0,1,0
12.0,1,900.0,460.0,23.0,12.0,23.0,18.0,18.0,23.0,23.0,12.0,18.0,12.0,BR3-IKO204,0,0,0,1,0,0,0,1,0,0,0,1,0,1,0
17.0,1,427.0,670.0,21.0,18.0,21.0,27.0,21.0,30.0,27.0,21.0,21.0,21.0,BR2-IKO105,0,0,1,0,0,0,1,0,0,0,0,1,0,1,0
19.5,1,794.0,210.0,27.0,21.0,27.0,21.0,21.0,27.0,27.0,21.0,21.0,18.0,BR2-IKO903,0,0,1,0,0,0,1,0,0,0,0,1,0,0,1
14.0,1,566.0,258.0,22.0,20.0,22.0,21.0,21.0,21.0,22.0,21.0,21.0,21.0,BR2-IRO122,0,0,1,0,0,0,1,0,0,0,0,1,0,1,0
14.0,1,240.0,305.0,15.0,15.0,18.0,18.0,18.0,18.0,18.0,15.0,18.0,15.0,BR3-IRO313,0,0,0,1,0,0,0,1,0,0,0,1,0,1,0
10.0,1,1200.0,730.0,15.0,10.0,18.0,18.0,18.0,18.0,18.0,10.0,18.0,10.0,BR3-IRO215,0,0,0,0,1,0,0,1,0,0,0,1,0,1,0
18.0,0,544.0,159.0,21.0,18.0,21.0,21.0,20.0,20.0,20.0,20.0,21.0,20.0,BR3-IRO706,0,0,1,0,0,0,0,1,0,0,0,1,0,0,1
12.0,0,566.0,423.0,18.0,13.0,18.0,20.0,13.0,13.0,18.0,13.0,20.0,13.0,BR3-IRO121,0,0,0,1,0,0,0,1,0,0,0,1,0,1,0
19.5,1,794.0,206.0,27.0,21.0,27.0,21.0,21.0,30.0,27.0,21.0,21.0,21.0,BR2-IKO902,0,0,1,0,0,0,1,0,0,0,0,1,0,1,0
12.0,0,566.0,423.0,15.0,13.0,18.0,20.0,13.0,13.0,18.0,13.0,20.0,13.0,BR3-IRO121-A,1,0,0,1,0,0,0,1,0,0,0,1,0,1,0
14.0,1,970.0,247.0,21.0,14.0,21.0,21.0,21.0,3.0,21.0,14.0,21.0,14.0,BR3-ITO105-K,0,0,0,1,0,0,0,1,0,0,0,1,0,1,0
14.0,1,970.0,247.0,21.0,14.0,21.0,21.0,21.0,3.0,21.0,14.0,21.0,14.0,BR3-ITO105-D,0,0,0,1,0,0,0,1,0,0,0,1,0,1,0
11.0,0,408.5,1710.0,25.0,11.0,25.0,25.0,25.0,25.0,25.0,11.0,25.0,11.0,BR3-ITO303,0,0,0,1,0,0,0,1,0,0,0,1,0,1,0
9.0,1,1830.0,475.0,26.0,11.0,26.0,26.0,26.0,26.0,26.0,0.0,26.0,11.0,BR3-ITO204,0,0,0,1,0,0,0,1,0,0,0,1,0,1,0
11.0,1,1830.0,328.0,26.0,11.0,26.0,26.0,26.0,26.0,26.0,11.0,26.0,11.0,BR3-ITO203,0,0,0,1,0,0,0,1,0,0,0,1,0,0,1
18.0,1,794.0,206.0,27.0,21.0,27.0,21.0,21.0,27.0,27.0,21.0,21.0,18.0,BR2-IKO903-1,0,0,1,0,0,0,1,0,0,0,0,1,0,1,0
12.0,0,800.0,334.0,23.0,12.0,23.0,18.0,18.0,23.0,23.0,12.0,18.0,12.0,BR2-IKO701-A,1,0,0,1,0,0,1,0,0,0,0,1,0,1,0
14.0,0,796.0,248.0,18.0,14.0,18.0,18.0,18.0,18.0,18.0,14.0,18.0,18.0,BR3-ITO101-D,0,0,1,0,0,0,0,1,0,0,0,1,0,0,1
17.0,1,374.0,1002.0,21.0,18.0,27.0,27.0,27.0,27.0,27.0,12.0,27.0,21.0,BR3-IKO103-D-A,1,0,0,1,0,0,0,1,0,0,0,1,0,1,0
9.0,1,1147.0,248.0,18.0,10.0,18.0,18.0,18.0,18.0,18.0,10.0,18.0,18.0,BR3-ITO103-K,0,0,1,0,0,0,0,1,0,0,0,1,0,1,0
12.0,0,566.0,423.0,18.0,13.0,18.0,20.0,20.0,13.0,18.0,13.0,20.0,13.0,BR3-IRO120-D-A,1,0,0,1,0,0,0,1,0,0,0,1,0,1,0
12.0,0,566.0,423.0,18.0,13.0,18.0,20.0,13.0,15.0,18.0,13.0,20.0,13.0,BR3-IRO120-K-A,1,0,0,0,1,0,0,1,0,0,0,1,0,1,0
12.0,0,900.0,520.0,22.0,15.0,21.0,21.0,21.0,21.0,21.0,15.0,21.0,21.0,BR3-IRO214-A,1,0,0,1,0,0,0,1,0,0,0,1,0,1,0
17.0,0,688.0,394.0,21.0,18.0,21.0,27.0,21.0,30.0,27.0,21.0,21.0,21.0,BR2-IKO106-D,0,0,1,0,0,0,1,0,0,0,0,1,0,1,0
17.0,0,688.0,394.0,21.0,18.0,21.0,27.0,21.0,30.0,27.0,21.0,21.0,21.0,BR2-IKO106-K,0,0,1,0,0,0,1,0,0,0,0,1,0,1,0
17.0,0,688.0,394.0,21.0,18.0,21.0,27.0,21.0,30.0,27.0,21.0,21.0,21.0,BR2-IKO106-D-A,1,0,1,0,0,0,1,0,0,0,0,1,0,1,0
17.0,0,688.0,394.0,21.0,18.0,21.0,27.0,21.0,30.0,27.0,21.0,21.0,21.0,BR2-IKO106-K-A,1,0,1,0,0,0,1,0,0,0,0,1,0,1,0
12.0,0,900.0,520.0,22.0,15.0,21.0,21.0,21.0,21.0,21.0,15.0,21.0,21.0,BR3-IRO214,0,0,0,1,0,0,0,1,0,0,0,1,0,1,0
17.0,1,374.0,1002.0,21.0,18.0,27.0,27.0,27.0,27.0,27.0,12.0,27.0,21.0,BR3-IKO103-K-A,1,0,0,1,0,0,0,1,0,0,0,1,0,1,0
16.0,0,801.0,519.0,23.0,18.0,23.0,23.0,18.0,27.0,23.0,18.0,23.0,18.0,BR3-IRO402,0,0,0,1,0,0,0,1,0,0,0,1,0,1,0
12.0,0,566.0,423.0,18.0,13.0,18.0,20.0,20.0,13.0,18.0,13.0,20.0,13.0,BR3-IRO120-K,0,0,0,1,0,0,0,1,0,0,0,1,0,1,0
17.0,0,724.0,264.0,18.0,16.0,18.0,18.0,18.0,18.0,22.0,18.0,18.0,18.0,BR3-IRO118-D,0,0,1,0,0,0,0,1,0,0,0,1,0,1,0
17.0,0,724.0,264.0,18.0,16.0,18.0,18.0,18.0,18.0,22.0,18.0,18.0,18.0,BR3-IRO118-K,0,0,0,1,0,0,0,1,0,0,0,1,0,1,0
17.0,1,500.0,264.0,18.0,18.0,18.0,18.0,18.0,18.0,18.0,18.0,18.0,18.0,BR3-IRO116-D,0,0,0,1,0,0,0,1,0,0,0,1,0,1,0
17.0,1,500.0,264.0,18.0,16.0,18.0,18.0,22.0,18.0,18.0,18.0,22.0,12.0,BR3-IRO116-K,0,0,0,1,0,0,0,1,0,0,0,1,0,1,0
16.0,1,1080.0,312.0,26.0,20.0,26.0,17.0,18.0,18.0,27.0,17.0,21.0,18.0,BR3-IRO311,0,0,1,0,0,0,0,1,0,0,0,1,0,1,0
12.0,0,800.0,475.0,18.0,12.0,18.0,20.0,13.0,13.0,18.0,13.0,20.0,13.0,BR3-IRO213,0,0,0,1,0,0,0,1,0,0,0,1,0,1,0
19.0,0,669.0,308.0,24.0,20.0,24.0,20.0,18.0,18.0,24.0,20.0,18.0,18.0,BR3-IRO119,0,0,1,0,0,0,0,1,0,0,0,1,0,1,0
11.0,0,1697.0,396.0,26.0,11.0,26.0,26.0,12.0,18.0,26.0,12.0,26.0,12.0,BR2-IRO903,0,0,0,1,0,0,1,0,0,0,0,1,0,1,0
18.0,0,600.0,200.0,20.0,20.0,18.0,20.0,18.0,18.0,18.0,18.0,18.0,18.0,BR3-IRO902,0,0,1,0,0,0,0,1,0,0,0,1,0,1,0
18.0,0,382.0,519.0,18.0,18.0,19.0,18.0,19.0,19.0,18.0,19.0,18.0,19.0,BR3-IRO403,0,0,1,0,0,0,0,1,0,0,0,1,0,1,0
12.0,0,1200.0,505.0,26.0,20.0,26.0,23.0,18.0,22.0,26.0,15.0,23.0,18.0,BR3-IRO305,0,0,0,1,0,0,0,1,0,0,0,1,0,1,0
11.0,1,1310.0,571.0,26.0,20.0,26.0,18.0,18.0,18.0,22.0,12.0,18.0,12.0,BR3-IRO205,0,0,0,1,0,0,0,1,0,0,0,1,0,1,0
16.0,0,674.0,200.0,21.0,16.0,21.0,16.0,18.0,18.0,22.0,16.0,18.0,18.0,BR3-IRO907,0,0,1,0,0,0,0,1,0,0,0,1,0,1,0
12.0,1,900.0,440.0,23.0,12.0,23.0,18.0,18.0,23.0,23.0,12.0,18.0,12.0,BR3-IKO202-A,1,0,0,1,0,0,0,1,0,0,0,1,0,1,0
17.0,1,374.0,1002.0,21.0,18.0,27.0,27.0,27.0,27.0,27.0,12.0,27.0,21.0,BR2-IKO103-D-A,1,0,0,1,0,0,1,0,0,0,0,1,0,1,0
17.0,1,374.0,1002.0,21.0,18.0,27.0,27.0,27.0,27.0,27.0,12.0,27.0,21.0,BR2-IKO103-K-A,1,0,0,1,0,0,1,0,0,0,0,1,0,1,0
9.0,1,1147.0,248.0,18.0,10.0,18.0,18.0,18.0,18.0,18.0,10.0,18.0,18.0,BR3-ITO103-D,0,0,1,0,0,0,0,1,0,0,0,1,0,1,0
12.0,1,506.0,475.0,11.0,14.0,11.0,18.0,18.0,20.0,20.0,12.0,18.0,20.0,BR3-IRO206,0,0,0,1,0,0,0,1,0,0,0,1,0,1,0
8.0,1,806.0,780.0,18.0,8.0,18.0,18.0,9.0,9.0,18.0,9.0,18.0,9.0,BR3-IRO114-D,0,0,0,0,0,1,0,1,0,0,0,1,0,1,0
18.0,0,408.5,465.0,18.0,18.0,18.0,18.0,20.0,35.0,18.0,18.0,18.0,18.0,BR3-ITO108,0,0,1,0,0,0,0,1,0,0,0,1,0,0,1
20.0,0,679.0,285.0,25.0,20.0,25.0,21.0,21.0,21.0,25.0,21.0,21.0,21.0,BR3-IRO408,0,0,1,0,0,0,0,1,0,0,0,1,0,0,1
13.0,1,952.0,231.0,22.0,15.0,22.0,22.0,22.0,22.0,22.0,15.0,22.0,22.0,BR3-IRO115-D,0,0,0,1,0,0,0,1,0,0,0,1,0,1,0
13.0,1,952.0,231.0,22.0,15.0,22.0,22.0,22.0,22.0,22.0,15.0,22.0,22.0,BR3-IRO115-K,0,0,0,1,0,0,0,1,0,0,0,1,0,1,0
12.0,1,800.0,475.0,18.0,12.0,18.0,20.0,13.0,13.0,18.0,13.0,20.0,13.0,BR3-IRO212,0,0,0,1,0,0,0,1,0,0,0,1,0,1,0
16.0,0,800.0,326.0,20.0,18.0,20.0,18.0,18.0,18.0,20.0,18.0,18.0,18.0,BR3-IRO211,0,0,1,0,0,0,0,1,0,0,0,1,0,1,0
17.0,0,684.0,336.0,21.0,16.0,21.0,18.0,18.0,18.0,21.0,18.0,18.0,18.0,BR3-IRO912,0,0,1,0,0,0,0,1,0,0,0,1,0,1,0
18.0,0,445.0,308.0,27.0,16.0,27.0,18.0,18.0,18.0,27.0,16.0,18.0,18.0,BR3-IRO117,0,0,0,1,0,0,0,1,0,0,0,1,0,1,0
8.0,1,806.0,780.0,18.0,8.0,18.0,18.0,9.0,9.0,18.0,9.0,18.0,9.0,BR3-IRO114-K,0,0,0,0,0,1,0,1,0,0,0,1,0,1,0
12.0,0,566.0,423.0,18.0,13.0,18.0,20.0,13.0,15.0,18.0,13.0,20.0,13.0,BR3-IRO120-D,0,0,0,0,1,0,0,1,0,0,0,1,0,1,0
17.0,1,680.0,412.0,18.0,14.0,18.0,21.0,18.0,18.0,18.0,14.0,21.0,14.0,BR3-IRO310,0,0,0,0,1,0,0,1,0,0,0,1,0,1,0
12.0,0,800.0,475.0,17.0,13.0,17.0,20.0,13.0,13.0,17.0,13.0,20.0,13.0,BR3-IRO210,0,0,0,1,0,0,0,1,0,0,0,1,0,1,0
20.0,1,549.0,285.0,22.0,20.0,22.0,21.0,21.0,21.0,22.0,21.0,21.0,21.0,BR3-IRO406,0,0,1,0,0,0,0,1,0,0,0,1,0,0,1
20.0,1,550.0,285.0,21.0,13.0,21.0,21.0,14.0,14.0,21.0,14.0,21.0,14.0,BR3-IRO405,0,0,0,1,0,0,0,1,0,0,0,1,0,0,1
8.0,1,1775.5,231.0,20.0,9.0,20.0,18.0,18.0,18.0,20.0,9.0,18.0,9.0,BR3-IRO113-K,0,0,0,0,1,0,0,1,0,0,0,1,0,1,0
8.0,1,1775.5,231.0,20.0,9.0,20.0,18.0,18.0,18.0,20.0,9.0,18.0,9.0,BR3-IRO113-D,0,0,0,0,1,0,0,1,0,0,0,1,0,1,0
13.0,1,550.0,276.0,18.0,13.0,18.0,21.0,18.0,18.0,18.0,14.0,21.0,14.0,BR3-IRO309,0,0,0,0,1,0,0,1,0,0,0,1,0,0,1
12.0,0,670.0,328.0,18.0,18.0,18.0,18.0,18.0,18.0,18.0,18.0,18.0,18.0,BR3-IRO209,0,0,0,1,0,0,0,1,0,0,0,1,0,1,0
17.0,0,679.0,408.0,25.0,21.0,25.0,32.0,21.0,21.0,25.0,21.0,32.0,21.0,BR3-IRO407,0,0,0,1,0,0,0,1,0,0,0,1,0,0,1
18.0,0,364.0,329.0,18.0,18.0,19.0,18.0,19.0,19.0,18.0,19.0,18.0,19.0,BR3-ISO301,0,0,1,0,0,0,0,1,0,0,0,1,0,1,0
16.0,1,200.0,600.0,19.0,20.0,19.0,17.0,17.0,20.0,19.0,17.0,17.0,17.0,BR3-ISO903,0,0,1,0,0,0,0,1,0,0,0,1,0,1,0
12.0,1,477.0,783.0,18.0,13.0,18.0,20.0,20.0,13.0,18.0,13.0,20.0,13.0,BR3-ISO108-K,0,0,0,1,0,0,0,1,0,0,0,1,0,1,0
10.0,1,603.0,1196.0,19.0,14.0,19.0,16.0,20.0,26.0,19.0,11.0,16.0,11.0,BR3-ISO205,0,0,0,1,0,0,0,1,0,0,0,1,0,1,0
18.0,0,529.0,364.0,18.0,22.0,18.0,18.0,0.0,0.0,18.0,12.0,0.0,0.0,BR3-ISO403,0,0,0,1,0,0,0,1,0,0,0,1,0,1,0
11.0,1,580.0,1879.0,18.0,22.0,18.0,18.0,0.0,0.0,18.0,12.0,0.0,0.0,BR3-ISO107,0,0,0,1,0,0,0,1,0,0,0,1,0,1,0
11.0,1,580.0,1879.0,29.0,22.0,29.0,18.0,0.0,0.0,29.0,12.0,18.0,12.0,BR3-ISO106-K,0,0,0,1,0,0,0,1,0,0,0,1,0,1,0
18.0,0,529.0,764.0,18.0,22.0,18.0,18.0,0.0,0.0,18.0,12.0,0.0,0.0,BR3-ISO402,0,0,0,1,0,0,0,1,0,0,0,1,0,1,0
10.0,1,500.0,816.0,22.0,11.0,22.0,20.0,0.0,0.0,22.0,13.0,16.0,11.0,BR3-ISO208,0,0,0,1,0,0,0,1,0,0,0,1,0,1,0
10.0,1,603.0,1196.0,22.0,11.0,22.0,20.0,0.0,0.0,22.0,13.0,16.0,11.0,BR3-ISO207,0,0,0,1,0,0,0,1,0,0,0,1,0,1,0
12.0,1,477.0,1008.0,18.0,13.0,18.0,20.0,20.0,13.0,18.0,13.0,20.0,13.0,BR3-ISO109-K,0,0,0,1,0,0,0,1,0,0,0,1,0,1,0
18.0,0,364.0,349.0,18.0,18.0,19.0,18.0,19.0,19.0,18.0,19.0,18.0,19.0,BR3-ISO401,0,0,1,0,0,0,0,1,0,0,0,1,0,1,0
14.0,0,529.0,375.0,18.0,14.0,18.0,18.0,18.0,18.0,18.0,14.0,18.0,18.0,BR3-ISO101-D,0,0,1,0,0,0,0,1,0,0,0,1,0,0,1
14.0,0,529.0,375.0,18.0,14.0,18.0,18.0,18.0,18.0,18.0,14.0,18.0,18.0,BR3-ISO101-K,0,0,1,0,0,0,0,1,0,0,0,1,0,0,1
16.0,0,416.0,403.0,17.0,17.0,17.0,17.0,17.0,17.0,17.0,17.0,17.0,17.0,BR3-ISO201,0,0,1,0,0,0,0,1,0,0,0,1,0,1,0
19.0,1,160.0,1288.0,19.0,15.0,28.0,19.0,0.0,0.0,28.0,19.0,0.0,0.0,BR3-ISO703,0,0,1,0,0,0,0,1,0,0,0,1,0,1,0
19.0,1,160.0,598.0,19.0,15.0,28.0,19.0,0.0,0.0,28.0,19.0,0.0,0.0,BR3-ISO702,0,0,1,0,0,0,0,1,0,0,0,1,0,1,0
19.0,0,160.0,1388.0,19.0,15.0,28.0,19.0,19.0,19.0,28.0,19.0,19.0,19.0,BR3-ISO701,0,0,1,0,0,0,0,1,0,0,0,1,0,1,0
16.0,1,520.0,378.0,24.0,16.0,24.0,24.0,24.0,24.0,24.0,16.0,24.0,24.0,BR3-ITO106-K,0,0,0,1,0,0,0,1,0,0,0,1,0,1,0
11.0,1,580.0,1879.0,29.0,22.0,29.0,18.0,0.0,0.0,29.0,12.0,18.0,12.0,BR3-ISO106-D,0,0,0,1,0,0,0,1,0,0,0,1,0,1,0
17.0,1,374.0,1002.0,21.0,18.0,27.0,27.0,27.0,27.0,27.0,12.0,27.0,21.0,BR2-IKO103-D-A,1,0,0,1,0,0,1,0,0,0,0,1,0,1,0
11.0,0,531.0,1144.0,20.0,12.0,20.0,18.0,0.0,0.0,18.0,12.0,0.0,0.0,BR3-ISO306,0,0,0,1,0,0,0,1,0,0,0,1,0,1,0
11.0,0,1697.0,396.0,26.0,11.0,26.0,26.0,12.0,18.0,26.0,12.0,26.0,12.0,BR3-IRO903,0,0,0,1,0,0,0,1,0,0,0,1,0,1,0
20.0,1,240.0,305.0,18.0,16.0,20.0,20.0,0.0,0.0,20.0,14.0,0.0,0.0,BR3-IRO412-A,1,0,1,0,0,0,0,1,0,0,0,1,0,1,0
10.0,1,1200.0,730.0,15.0,10.0,18.0,18.0,18.0,18.0,18.0,10.0,18.0,10.0,BR3-IRO215-A,1,0,0,0,1,0,0,1,0,0,0,1,0,1,0
17.0,1,427.0,670.0,21.0,18.0,21.0,27.0,21.0,30.0,27.0,21.0,21.0,21.0,BR3-IKO105,0,0,1,0,0,0,0,1,0,0,0,1,0,1,0
19.5,1,794.0,206.0,27.0,21.0,27.0,21.0,21.0,30.0,27.0,21.0,21.0,21.0,BR2-IKO901,0,0,1,0,0,0,1,0,0,0,0,1,0,1,0
17.0,0,688.0,374.0,21.0,18.0,21.0,27.0,21.0,30.0,27.0,21.0,21.0,21.0,BR2-IKO101-K,0,0,1,0,0,0,1,0,0,0,0,1,0,1,0
12.0,1,477.0,783.0,18.0,13.0,18.0,20.0,20.0,13.0,18.0,13.0,20.0,13.0,BR3-ISO108-D,0,0,0,1,0,0,0,1,0,0,0,1,0,1,0
17.0,1,374.0,1002.0,21.0,18.0,27.0,27.0,27.0,27.0,27.0,12.0,27.0,21.0,BR2-IKO103-K-A,1,0,0,1,0,0,1,0,0,0,0,1,0,1,0
19.0,1,200.0,1290.0,32.0,20.0,32.0,17.0,17.0,35.0,32.0,17.0,17.0,17.0,BR3-ISO904,0,0,1,0,0,0,0,1,0,0,0,1,0,1,0
16.0,1,223.0,764.0,19.0,20.0,19.0,17.0,17.0,20.0,19.0,17.0,17.0,17.0,BR3-ISO704,0,0,1,0,0,0,0,1,0,0,0,1,0,0,1
16.0,1,256.0,425.5,19.0,20.0,19.0,17.0,17.0,20.0,19.0,17.0,17.0,17.0,BR3-ISO112,0,0,1,0,0,0,0,1,0,0,0,1,0,1,0
12.0,1,456.0,783.0,18.0,13.0,18.0,20.0,20.0,13.0,18.0,13.0,20.0,13.0,BR3-ISO110,0,0,0,1,0,0,0,1,0,0,0,1,0,1,0
12.0,1,477.0,1233.0,18.0,13.0,18.0,20.0,20.0,13.0,18.0,13.0,20.0,13.0,BR3-ISO111-K,0,0,0,1,0,0,0,1,0,0,0,1,0,1,0
12.0,1,477.0,1233.0,18.0,13.0,18.0,20.0,20.0,13.0,18.0,13.0,20.0,13.0,BR3-ISO111-D,0,0,0,1,0,0,0,1,0,0,0,1,0,1,0
12.0,1,477.0,783.0,18.0,13.0,18.0,20.0,20.0,13.0,18.0,13.0,20.0,13.0,BR3-ISO113-K,0,0,0,1,0,0,0,1,0,0,0,1,0,1,0
12.0,1,477.0,783.0,18.0,13.0,18.0,20.0,20.0,13.0,18.0,13.0,20.0,13.0,BR3-ISO113-D,0,0,0,1,0,0,0,1,0,0,0,1,0,1,0
12.0,1,477.0,1008.0,18.0,13.0,18.0,20.0,20.0,13.0,18.0,13.0,20.0,13.0,BR3-ISO109-D,0,0,0,1,0,0,0,1,0,0,0,1,0,1,0
17.0,0,688.0,374.0,21.0,18.0,21.0,27.0,21.0,30.0,27.0,21.0,21.0,21.0,BR2-IKO101-D,0,0,1,0,0,0,1,0,0,0,0,1,0,1,0
19.5,1,794.0,210.0,27.0,21.0,27.0,21.0,21.0,27.0,27.0,21.0,21.0,18.0,BR2-IKO903-A,1,0,1,0,0,0,1,0,0,0,0,1,0,0,1
16.0,1,200.0,1390.0,32.0,20.0,32.0,17.0,17.0,35.0,32.0,17.0,17.0,17.0,BR3-ISO902,0,0,1,0,0,0,0,1,0,0,0,1,0,1,0
12.0,1,800.0,369.0,23.0,12.0,23.0,18.0,18.0,23.0,23.0,12.0,18.0,12.0,BR2-IKO301-A,1,0,0,1,0,0,1,0,0,0,0,1,0,1,0
20.0,0,275.0,335.0,20.0,10.0,20.0,20.0,20.0,20.0,20.0,10.0,20.0,20.0,BR3-ITO403,0,0,0,1,0,0,0,1,0,0,0,1,0,0,1
14.0,1,240.0,305.0,15.0,15.0,18.0,18.0,18.0,18.0,18.0,15.0,18.0,15.0,BR3-IRO313-A,1,0,0,1,0,0,0,1,0,0,0,1,0,1,0
14.0,1,566.0,258.0,22.0,20.0,22.0,21.0,21.0,21.0,22.0,21.0,21.0,21.0,BR3-IRO122-A,1,0,1,0,0,0,0,1,0,0,0,1,0,1,0
18.0,0,800.0,334.0,23.0,12.0,23.0,18.0,18.0,23.0,23.0,12.0,18.0,12.0,BR3-IKO702-A,1,0,0,1,0,0,0,1,0,0,0,1,0,1,0
12.0,1,900.0,460.0,23.0,12.0,23.0,18.0,18.0,23.0,23.0,12.0,18.0,12.0,BR3-IKO204-A,1,0,0,1,0,0,0,1,0,0,0,1,0,1,0
14.0,0,970.0,278.0,20.0,14.0,20.0,20.0,0.0,0.0,20.0,14.0,0.0,0.0,BR3-ITO107,0,0,0,1,0,0,0,1,0,0,0,1,0,0,1
20.0,0,335.0,278.0,20.0,10.0,20.0,20.0,20.0,20.0,20.0,10.0,20.0,20.0,BR3-ITO402,0,0,0,1,0,0,0,1,0,0,0,1,0,0,1
12.0,0,378.0,1438.0,24.0,12.0,24.0,12.0,12.0,12.0,24.0,12.0,12.0,12.0,BR3-ISO305,0,0,1,0,0,0,0,1,0,0,0,1,0,1,0
19.5,1,794.0,206.0,27.0,21.0,27.0,21.0,21.0,30.0,27.0,21.0,21.0,21.0,BR2-IKO902-A,1,0,1,0,0,0,1,0,0,0,0,1,0,1,0
18.0,1,794.0,206.0,27.0,21.0,27.0,21.0,21.0,27.0,27.0,21.0,21.0,18.0,BR2-IKO902-1,0,0,1,0,0,0,1,0,0,0,0,1,0,1,0
14.0,0,800.0,334.0,23.0,12.0,23.0,18.0,18.0,23.0,23.0,12.0,18.0,12.0,BR3-IKO702-A,1,0,0,1,0,0,0,1,0,0,0,1,0,1,0
14.0,0,800.0,334.0,23.0,12.0,23.0,18.0,18.0,23.0,23.0,12.0,18.0,12.0,BR2-IKO702-A,1,0,0,1,0,0,1,0,0,0,0,1,0,1,0
18.0,0,800.0,334.0,23.0,12.0,23.0,18.0,18.0,23.0,23.0,12.0,18.0,12.0,BR3-IKO702,0,0,0,1,0,0,0,1,0,0,0,1,0,1,0
20.0,0,442.0,408.5,20.0,10.0,20.0,20.0,20.0,20.0,20.0,10.0,20.0,20.0,BR3-ITO404,0,0,0,1,0,0,0,1,0,0,0,1,0,0,1
20.0,0,335.0,408.5,20.0,10.0,20.0,20.0,20.0,20.0,20.0,10.0,20.0,20.0,BR3-ITO405,0,0,0,1,0,0,0,1,0,0,0,1,0,0,1
14.0,0,970.0,278.0,20.0,14.0,20.0,20.0,0.0,0.0,20.0,14.0,0.0,0.0,BR3-ITO107,0,0,0,1,0,0,0,1,0,0,0,1,0,0,1
18.0,0,544.0,159.0,21.0,18.0,21.0,21.0,20.0,20.0,20.0,20.0,21.0,20.0,BR3-IRO706-A,1,0,1,0,0,0,0,1,0,0,0,1,0,0,1
9.0,1,1354.0,180.0,18.0,9.0,18.0,9.0,9.0,9.0,18.0,9.0,9.0,9.0,BR3-ISO604,0,0,1,0,0,0,0,1,0,0,0,1,0,1,0
15.0,0,970.0,475.0,22.0,15.0,22.0,22.0,22.0,22.0,22.0,15.0,22.0,22.0,BR3-ITO703,0,0,0,1,0,0,0,1,0,0,0,1,0,1,0
10.0,1,500.0,816.0,22.0,11.0,22.0,20.0,0.0,0.0,22.0,13.0,16.0,11.0,BR3-ISO209,0,0,0,1,0,0,0,1,0,0,0,1,0,1,0
10.0,1,500.0,816.0,15.0,11.0,15.0,16.0,0.0,0.0,15.0,11.0,16.0,11.0,BR3-ISO206,0,0,0,1,0,0,0,1,0,0,0,1,0,1,0
12.0,0,800.0,369.0,24.0,20.0,24.0,24.0,0.0,0.0,24.0,20.0,0.0,0.0,BR2-IKO301,0,0,0,0,1,0,1,0,0,0,0,1,0,0,1
12.0,0,800.0,334.0,24.0,20.0,24.0,24.0,0.0,0.0,24.0,20.0,0.0,0.0,BR2-IKO701,0,0,0,0,1,0,1,0,0,0,0,1,0,0,1
12.0,0,800.0,334.0,24.0,20.0,24.0,24.0,0.0,0.0,24.0,20.0,0.0,0.0,BR2-IKO702,0,0,0,0,1,0,1,0,0,0,0,1,0,0,1
12.0,0,378.0,1284.0,24.0,12.0,24.0,12.0,12.0,12.0,24.0,12.0,12.0,12.0,BR3-ISO304,0,0,1,0,0,0,0,1,0,0,0,1,0,1,0
14.0,1,566.0,258.0,22.0,20.0,22.0,21.0,21.0,21.0,22.0,21.0,21.0,21.0,BR2-IRO122-A,1,0,1,0,0,0,1,0,0,0,0,1,0,1,0
11.0,1,1902.0,180.0,28.0,12.0,28.0,16.0,16.0,35.0,28.0,12.0,16.0,12.0,BR3-ISO103,0,0,0,1,0,0,0,1,0,0,0,1,0,1,0
16.0,1,520.0,378.0,24.0,16.0,24.0,24.0,24.0,24.0,24.0,16.0,24.0,24.0,BR3-ITO106-D,0,0,0,1,0,0,0,1,0,0,0,1,0,1,0
9.0,1,1554.0,180.0,18.0,9.0,18.0,9.0,9.0,9.0,18.0,9.0,9.0,9.0,BR3-ISO607,0,0,1,0,0,0,0,1,0,0,0,1,0,1,0
9.0,1,1300.0,180.0,18.0,9.0,18.0,9.0,9.0,9.0,18.0,9.0,9.0,9.0,BR3-ISO610,0,0,1,0,0,0,0,1,0,0,0,1,0,1,0
9.0,1,1454.0,180.0,18.0,9.0,18.0,9.0,9.0,9.0,18.0,9.0,9.0,9.0,BR3-ISO613,0,0,1,0,0,0,0,1,0,0,0,1,0,1,0
14.0,0,578.0,455.0,20.0,15.0,20.0,20.0,20.0,20.0,20.0,15.0,20.0,15.0,BR3-ISO202,0,1,0,0,0,0,0,1,0,0,0,1,0,1,0
14.0,0,670.0,455.0,20.0,15.0,20.0,20.0,20.0,20.0,20.0,15.0,20.0,15.0,BR3-ISO203,0,1,0,0,0,0,0,1,0,0,0,1,0,1,0
14.0,0,658.0,455.0,20.0,15.0,20.0,20.0,20.0,20.0,20.0,15.0,20.0,15.0,BR3-ISO204,0,1,0,0,0,0,0,1,0,0,0,1,0,1,0
12.0,0,378.0,1338.0,24.0,12.0,24.0,12.0,0.0,0.0,24.0,12.0,0.0,0.0,BR3-ISO302,0,0,1,0,0,0,0,1,0,0,0,1,0,1,0
12.0,0,378.0,1538.0,24.0,12.0,24.0,12.0,0.0,0.0,24.0,12.0,0.0,0.0,BR3-ISO303,0,0,1,0,0,0,0,1,0,0,0,1,0,1,0
11.0,1,2002.0,180.0,28.0,12.0,28.0,16.0,16.0,35.0,28.0,12.0,16.0,12.0,BR3-ISO102,0,0,0,1,0,0,0,1,0,0,0,1,0,1,0
12.0,1,900.0,440.0,23.0,12.0,23.0,18.0,18.0,23.0,23.0,12.0,18.0,12.0,BR3-IKX202,0,0,0,1,0,0,0,1,0,0,1,0,0,1,0
14.0,0,796.0,248.0,18.0,14.0,18.0,18.0,18.0,18.0,18.0,14.0,18.0,18.0,BR3-ITX101-K,0,0,1,0,0,0,0,1,0,0,1,0,0,0,1
13.0,0,1037.0,295.0,21.0,14.0,21.0,21.0,21.0,21.0,21.0,14.0,21.0,14.0,BR3-ITX302,0,0,0,1,0,0,0,1,0,0,1,0,0,0,1
14.0,0,686.0,295.0,24.0,18.0,22.0,27.0,25.0,32.0,22.0,18.0,27.0,18.0,BR3-ITX301,0,0,0,1,0,0,0,1,0,0,1,0,0,0,1
13.0,0,1092.0,295.0,18.0,10.0,18.0,18.0,18.0,18.0,18.0,10.0,18.0,18.0,BR3-ITX104,0,0,1,0,0,0,0,1,0,0,1,0,0,0,1
14.0,0,741.0,295.0,18.0,14.0,18.0,18.0,18.0,18.0,18.0,14.0,18.0,18.0,BR3-ITX102,0,0,1,0,0,0,0,1,0,0,1,0,0,0,1
13.0,1,1157.0,345.0,22.0,13.0,22.0,22.0,22.0,22.0,22.0,13.0,22.0,13.0,BR3-ITX202,0,0,0,1,0,0,0,1,0,0,1,0,0,0,1
12.0,1,806.0,345.0,18.0,12.0,18.0,18.0,18.0,18.0,18.0,12.0,18.0,12.0,BR3-ITX201,0,0,0,1,0,0,0,1,0,0,1,0,0,0,1
18.0,1,460.0,320.0,11.0,14.0,11.0,18.0,12.0,18.0,19.0,12.0,18.0,12.0,BR3-IRX901,0,0,1,0,0,0,0,1,0,0,1,0,0,1,0
12.0,1,1718.0,440.0,27.0,12.0,27.0,18.0,18.0,27.0,27.0,12.0,18.0,12.0,BR3-IKX203,0,0,0,1,0,0,0,1,0,0,1,0,0,1,0
12.0,1,900.0,460.0,23.0,12.0,23.0,18.0,18.0,23.0,23.0,12.0,18.0,12.0,BR3-IKX204,0,0,0,1,0,0,0,1,0,0,1,0,0,1,0
17.0,1,427.0,670.0,21.0,18.0,21.0,27.0,21.0,30.0,27.0,21.0,21.0,21.0,BR2-IKX105,0,0,1,0,0,0,1,0,0,0,1,0,0,1,0
19.5,1,794.0,210.0,27.0,21.0,27.0,21.0,21.0,27.0,27.0,21.0,21.0,18.0,BR2-IKX903,0,0,1,0,0,0,1,0,0,0,1,0,0,0,1
14.0,1,566.0,258.0,22.0,20.0,22.0,21.0,21.0,21.0,22.0,21.0,21.0,21.0,BR2-IRX122,0,0,1,0,0,0,1,0,0,0,1,0,0,1,0
14.0,1,240.0,305.0,15.0,15.0,18.0,18.0,18.0,18.0,18.0,15.0,18.0,15.0,BR3-IRX313,0,0,0,1,0,0,0,1,0,0,1,0,0,1,0
10.0,1,1200.0,730.0,15.0,10.0,18.0,18.0,18.0,18.0,18.0,10.0,18.0,10.0,BR3-IRX215,0,0,0,0,1,0,0,1,0,0,1,0,0,1,0
18.0,0,544.0,159.0,21.0,18.0,21.0,21.0,20.0,20.0,20.0,20.0,21.0,20.0,BR3-IRX706,0,0,1,0,0,0,0,1,0,0,1,0,0,0,1
12.0,0,566.0,423.0,18.0,13.0,18.0,20.0,13.0,13.0,18.0,13.0,20.0,13.0,BR3-IRX121,0,0,0,1,0,0,0,1,0,0,1,0,0,1,0
19.5,1,794.0,206.0,27.0,21.0,27.0,21.0,21.0,30.0,27.0,21.0,21.0,21.0,BR2-IKX902,0,0,1,0,0,0,1,0,0,0,1,0,0,1,0
12.0,0,566.0,423.0,15.0,13.0,18.0,20.0,13.0,13.0,18.0,13.0,20.0,13.0,BR3-IRX121-A,1,0,0,1,0,0,0,1,0,0,1,0,0,1,0
14.0,1,970.0,247.0,21.0,14.0,21.0,21.0,21.0,3.0,21.0,14.0,21.0,14.0,BR3-ITX105-K,0,0,0,1,0,0,0,1,0,0,1,0,0,1,0
14.0,1,970.0,247.0,21.0,14.0,21.0,21.0,21.0,3.0,21.0,14.0,21.0,14.0,BR3-ITX105-D,0,0,0,1,0,0,0,1,0,0,1,0,0,1,0
11.0,0,408.5,1710.0,25.0,11.0,25.0,25.0,25.0,25.0,25.0,11.0,25.0,11.0,BR3-ITX303,0,0,0,1,0,0,0,1,0,0,1,0,0,1,0
9.0,1,1830.0,475.0,26.0,11.0,26.0,26.0,26.0,26.0,26.0,0.0,26.0,11.0,BR3-ITX204,0,0,0,1,0,0,0,1,0,0,1,0,0,1,0
11.0,1,1830.0,328.0,26.0,11.0,26.0,26.0,26.0,26.0,26.0,11.0,26.0,11.0,BR3-ITX203,0,0,0,1,0,0,0,1,0,0,1,0,0,0,1
18.0,1,794.0,206.0,27.0,21.0,27.0,21.0,21.0,27.0,27.0,21.0,21.0,18.0,BR2-IKX903-1,0,0,1,0,0,0,1,0,0,0,1,0,0,1,0
12.0,0,800.0,334.0,23.0,12.0,23.0,18.0,18.0,23.0,23.0,12.0,18.0,12.0,BR2-IKX701-A,1,0,0,1,0,0,1,0,0,0,1,0,0,1,0
14.0,0,796.0,248.0,18.0,14.0,18.0,18.0,18.0,18.0,18.0,14.0,18.0,18.0,BR3-ITX101-D,0,0,1,0,0,0,0,1,0,0,1,0,0,0,1
17.0,1,374.0,1002.0,21.0,18.0,27.0,27.0,27.0,27.0,27.0,12.0,27.0,21.0,BR3-IKX103-D-A,1,0,0,1,0,0,0,1,0,0,1,0,0,1,0
9.0,1,1147.0,248.0,18.0,10.0,18.0,18.0,18.0,18.0,18.0,10.0,18.0,18.0,BR3-ITX103-K,0,0,1,0,0,0,0,1,0,0,1,0,0,1,0
12.0,0,566.0,423.0,18.0,13.0,18.0,20.0,20.0,13.0,18.0,13.0,20.0,13.0,BR3-IRX120-D-A,1,0,0,1,0,0,0,1,0,0,1,0,0,1,0
12.0,0,566.0,423.0,18.0,13.0,18.0,20.0,13.0,15.0,18.0,13.0,20.0,13.0,BR3-IRX120-K-A,1,0,0,0,1,0,0,1,0,0,1,0,0,1,0
12.0,0,900.0,520.0,22.0,15.0,21.0,21.0,21.0,21.0,21.0,15.0,21.0,21.0,BR3-IRX214-A,1,0,0,1,0,0,0,1,0,0,1,0,0,1,0
17.0,0,688.0,394.0,21.0,18.0,21.0,27.0,21.0,30.0,27.0,21.0,21.0,21.0,BR2-IKX106-D,0,0,1,0,0,0,1,0,0,0,1,0,0,1,0
17.0,0,688.0,394.0,21.0,18.0,21.0,27.0,21.0,30.0,27.0,21.0,21.0,21.0,BR2-IKX106-K,0,0,1,0,0,0,1,0,0,0,1,0,0,1,0
17.0,0,688.0,394.0,21.0,18.0,21.0,27.0,21.0,30.0,27.0,21.0,21.0,21.0,BR2-IKX106-D-A,1,0,1,0,0,0,1,0,0,0,1,0,0,1,0
17.0,0,688.0,394.0,21.0,18.0,21.0,27.0,21.0,30.0,27.0,21.0,21.0,21.0,BR2-IKX106-K-A,1,0,1,0,0,0,1,0,0,0,1,0,0,1,0
12.0,0,900.0,520.0,22.0,15.0,21.0,21.0,21.0,21.0,21.0,15.0,21.0,21.0,BR3-IRX214,0,0,0,1,0,0,0,1,0,0,1,0,0,1,0
17.0,1,374.0,1002.0,21.0,18.0,27.0,27.0,27.0,27.0,27.0,12.0,27.0,21.0,BR3-IKX103-K-A,1,0,0,1,0,0,0,1,0,0,1,0,0,1,0
16.0,0,801.0,519.0,23.0,18.0,23.0,23.0,18.0,27.0,23.0,18.0,23.0,18.0,BR3-IRX402,0,0,0,1,0,0,0,1,0,0,1,0,0,1,0
12.0,0,566.0,423.0,18.0,13.0,18.0,20.0,20.0,13.0,18.0,13.0,20.0,13.0,BR3-IRX120-K,0,0,0,1,0,0,0,1,0,0,1,0,0,1,0
17.0,0,724.0,264.0,18.0,16.0,18.0,18.0,18.0,18.0,22.0,18.0,18.0,18.0,BR3-IRX118-D,0,0,1,0,0,0,0,1,0,0,1,0,0,1,0
17.0,0,724.0,264.0,18.0,16.0,18.0,18.0,18.0,18.0,22.0,18.0,18.0,18.0,BR3-IRX118-K,0,0,0,1,0,0,0,1,0,0,1,0,0,1,0
17.0,1,500.0,264.0,18.0,18.0,18.0,18.0,18.0,18.0,18.0,18.0,18.0,18.0,BR3-IRX116-D,0,0,0,1,0,0,0,1,0,0,1,0,0,1,0
17.0,1,500.0,264.0,18.0,16.0,18.0,18.0,22.0,18.0,18.0,18.0,22.0,12.0,BR3-IRX116-K,0,0,0,1,0,0,0,1,0,0,1,0,0,1,0
16.0,1,1080.0,312.0,26.0,20.0,26.0,17.0,18.0,18.0,27.0,17.0,21.0,18.0,BR3-IRX311,0,0,1,0,0,0,0,1,0,0,1,0,0,1,0
12.0,0,800.0,475.0,18.0,12.0,18.0,20.0,13.0,13.0,18.0,13.0,20.0,13.0,BR3-IRX213,0,0,0,1,0,0,0,1,0,0,1,0,0,1,0
19.0,0,669.0,308.0,24.0,20.0,24.0,20.0,18.0,18.0,24.0,20.0,18.0,18.0,BR3-IRX119,0,0,1,0,0,0,0,1,0,0,1,0,0,1,0
11.0,0,1697.0,396.0,26.0,11.0,26.0,26.0,12.0,18.0,26.0,12.0,26.0,12.0,BR2-IRX903,0,0,0,1,0,0,1,0,0,0,1,0,0,1,0
18.0,0,600.0,200.0,20.0,20.0,18.0,20.0,18.0,18.0,18.0,18.0,18.0,18.0,BR3-IRX902,0,0,1,0,0,0,0,1,0,0,1,0,0,1,0
18.0,0,382.0,519.0,18.0,18.0,19.0,18.0,19.0,19.0,18.0,19.0,18.0,19.0,BR3-IRX403,0,0,1,0,0,0,0,1,0,0,1,0,0,1,0
12.0,0,1200.0,505.0,26.0,20.0,26.0,23.0,18.0,22.0,26.0,15.0,23.0,18.0,BR3-IRX305,0,0,0,1,0,0,0,1,0,0,1,0,0,1,0
11.0,1,1310.0,571.0,26.0,20.0,26.0,18.0,18.0,18.0,22.0,12.0,18.0,12.0,BR3-IRX205,0,0,0,1,0,0,0,1,0,0,1,0,0,1,0
16.0,0,674.0,200.0,21.0,16.0,21.0,16.0,18.0,18.0,22.0,16.0,18.0,18.0,BR3-IRX907,0,0,1,0,0,0,0,1,0,0,1,0,0,1,0
12.0,1,900.0,440.0,23.0,12.0,23.0,18.0,18.0,23.0,23.0,12.0,18.0,12.0,BR3-IKX202-A,1,0,0,1,0,0,0,1,0,0,1,0,0,1,0
17.0,1,374.0,1002.0,21.0,18.0,27.0,27.0,27.0,27.0,27.0,12.0,27.0,21.0,BR2-IKX103-D-A,1,0,0,1,0,0,1,0,0,0,1,0,0,1,0
17.0,1,374.0,1002.0,21.0,18.0,27.0,27.0,27.0,27.0,27.0,12.0,27.0,21.0,BR2-IKX103-K-A,1,0,0,1,0,0,1,0,0,0,1,0,0,1,0
9.0,1,1147.0,248.0,18.0,10.0,18.0,18.0,18.0,18.0,18.0,10.0,18.0,18.0,BR3-ITX103-D,0,0,1,0,0,0,0,1,0,0,1,0,0,1,0
12.0,1,506.0,475.0,11.0,14.0,11.0,18.0,18.0,20.0,20.0,12.0,18.0,20.0,BR3-IRX206,0,0,0,1,0,0,0,1,0,0,1,0,0,1,0
8.0,1,806.0,780.0,18.0,8.0,18.0,18.0,9.0,9.0,18.0,9.0,18.0,9.0,BR3-IRX114-D,0,0,0,0,0,1,0,1,0,0,1,0,0,1,0
18.0,0,408.5,465.0,18.0,18.0,18.0,18.0,20.0,35.0,18.0,18.0,18.0,18.0,BR3-ITX108,0,0,1,0,0,0,0,1,0,0,1,0,0,0,1
20.0,0,679.0,285.0,25.0,20.0,25.0,21.0,21.0,21.0,25.0,21.0,21.0,21.0,BR3-IRX408,0,0,1,0,0,0,0,1,0,0,1,0,0,0,1
13.0,1,952.0,231.0,22.0,15.0,22.0,22.0,22.0,22.0,22.0,15.0,22.0,22.0,BR3-IRX115-D,0,0,0,1,0,0,0,1,0,0,1,0,0,1,0
13.0,1,952.0,231.0,22.0,15.0,22.0,22.0,22.0,22.0,22.0,15.0,22.0,22.0,BR3-IRX115-K,0,0,0,1,0,0,0,1,0,0,1,0,0,1,0
12.0,1,800.0,475.0,18.0,12.0,18.0,20.0,13.0,13.0,18.0,13.0,20.0,13.0,BR3-IRX212,0,0,0,1,0,0,0,1,0,0,1,0,0,1,0
16.0,0,800.0,326.0,20.0,18.0,20.0,18.0,18.0,18.0,20.0,18.0,18.0,18.0,BR3-IRX211,0,0,1,0,0,0,0,1,0,0,1,0,0,1,0
17.0,0,684.0,336.0,21.0,16.0,21.0,18.0,18.0,18.0,21.0,18.0,18.0,18.0,BR3-IRX912,0,0,1,0,0,0,0,1,0,0,1,0,0,1,0
18.0,0,445.0,308.0,27.0,16.0,27.0,18.0,18.0,18.0,27.0,16.0,18.0,18.0,BR3-IRX117,0,0,0,1,0,0,0,1,0,0,1,0,0,1,0
8.0,1,806.0,780.0,18.0,8.0,18.0,18.0,9.0,9.0,18.0,9.0,18.0,9.0,BR3-IRX114-K,0,0,0,0,0,1,0,1,0,0,1,0,0,1,0
12.0,0,566.0,423.0,18.0,13.0,18.0,20.0,13.0,15.0,18.0,13.0,20.0,13.0,BR3-IRX120-D,0,0,0,0,1,0,0,1,0,0,1,0,0,1,0
17.0,1,680.0,412.0,18.0,14.0,18.0,21.0,18.0,18.0,18.0,14.0,21.0,14.0,BR3-IRX310,0,0,0,0,1,0,0,1,0,0,1,0,0,1,0
12.0,0,800.0,475.0,17.0,13.0,17.0,20.0,13.0,13.0,17.0,13.0,20.0,13.0,BR3-IRX210,0,0,0,1,0,0,0,1,0,0,1,0,0,1,0
20.0,1,549.0,285.0,22.0,20.0,22.0,21.0,21.0,21.0,22.0,21.0,21.0,21.0,BR3-IRX406,0,0,1,0,0,0,0,1,0,0,1,0,0,0,1
20.0,1,550.0,285.0,21.0,13.0,21.0,21.0,14.0,14.0,21.0,14.0,21.0,14.0,BR3-IRX405,0,0,0,1,0,0,0,1,0,0,1,0,0,0,1
8.0,1,1775.5,231.0,20.0,9.0,20.0,18.0,18.0,18.0,20.0,9.0,18.0,9.0,BR3-IRX113-K,0,0,0,0,1,0,0,1,0,0,1,0,0,1,0
8.0,1,1775.5,231.0,20.0,9.0,20.0,18.0,18.0,18.0,20.0,9.0,18.0,9.0,BR3-IRX113-D,0,0,0,0,1,0,0,1,0,0,1,0,0,1,0
13.0,1,550.0,276.0,18.0,13.0,18.0,21.0,18.0,18.0,18.0,14.0,21.0,14.0,BR3-IRX309,0,0,0,0,1,0,0,1,0,0,1,0,0,0,1
12.0,0,670.0,328.0,18.0,18.0,18.0,18.0,18.0,18.0,18.0,18.0,18.0,18.0,BR3-IRX209,0,0,0,1,0,0,0,1,0,0,1,0,0,1,0
17.0,0,679.0,408.0,25.0,21.0,25.0,32.0,21.0,21.0,25.0,21.0,32.0,21.0,BR3-IRX407,0,0,0,1,0,0,0,1,0,0,1,0,0,0,1
18.0,0,364.0,329.0,18.0,18.0,19.0,18.0,19.0,19.0,18.0,19.0,18.0,19.0,BR3-ISX301,0,0,1,0,0,0,0,1,0,0,1,0,0,1,0
16.0,1,200.0,600.0,19.0,20.0,19.0,17.0,17.0,20.0,19.0,17.0,17.0,17.0,BR3-ISX903,0,0,1,0,0,0,0,1,0,0,1,0,0,1,0
12.0,1,477.0,783.0,18.0,13.0,18.0,20.0,20.0,13.0,18.0,13.0,20.0,13.0,BR3-ISX108-K,0,0,0,1,0,0,0,1,0,0,1,0,0,1,0
10.0,1,603.0,1196.0,19.0,14.0,19.0,16.0,20.0,26.0,19.0,11.0,16.0,11.0,BR3-ISX205,0,0,0,1,0,0,0,1,0,0,1,0,0,1,0
18.0,0,529.0,364.0,18.0,22.0,18.0,18.0,0.0,0.0,18.0,12.0,0.0,0.0,BR3-ISX403,0,0,0,1,0,0,0,1,0,0,1,0,0,1,0
11.0,1,580.0,1879.0,18.0,22.0,18.0,18.0,0.0,0.0,18.0,12.0,0.0,0.0,BR3-ISX107,0,0,0,1,0,0,0,1,0,0,1,0,0,1,0
11.0,1,580.0,1879.0,29.0,22.0,29.0,18.0,0.0,0.0,29.0,12.0,18.0,12.0,BR3-ISX106-K,0,0,0,1,0,0,0,1,0,0,1,0,0,1,0
18.0,0,529.0,764.0,18.0,22.0,18.0,18.0,0.0,0.0,18.0,12.0,0.0,0.0,BR3-ISX402,0,0,0,1,0,0,0,1,0,0,1,0,0,1,0
10.0,1,500.0,816.0,22.0,11.0,22.0,20.0,0.0,0.0,22.0,13.0,16.0,11.0,BR3-ISX208,0,0,0,1,0,0,0,1,0,0,1,0,0,1,0
10.0,1,603.0,1196.0,22.0,11.0,22.0,20.0,0.0,0.0,22.0,13.0,16.0,11.0,BR3-ISX207,0,0,0,1,0,0,0,1,0,0,1,0,0,1,0
12.0,1,477.0,1008.0,18.0,13.0,18.0,20.0,20.0,13.0,18.0,13.0,20.0,13.0,BR3-ISX109-K,0,0,0,1,0,0,0,1,0,0,1,0,0,1,0
18.0,0,364.0,349.0,18.0,18.0,19.0,18.0,19.0,19.0,18.0,19.0,18.0,19.0,BR3-ISX401,0,0,1,0,0,0,0,1,0,0,1,0,0,1,0
14.0,0,529.0,375.0,18.0,14.0,18.0,18.0,18.0,18.0,18.0,14.0,18.0,18.0,BR3-ISX101-D,0,0,1,0,0,0,0,1,0,0,1,0,0,0,1
14.0,0,529.0,375.0,18.0,14.0,18.0,18.0,18.0,18.0,18.0,14.0,18.0,18.0,BR3-ISX101-K,0,0,1,0,0,0,0,1,0,0,1,0,0,0,1
16.0,0,416.0,403.0,17.0,17.0,17.0,17.0,17.0,17.0,17.0,17.0,17.0,17.0,BR3-ISX201,0,0,1,0,0,0,0,1,0,0,1,0,0,1,0
19.0,1,160.0,1288.0,19.0,15.0,28.0,19.0,0.0,0.0,28.0,19.0,0.0,0.0,BR3-ISX703,0,0,1,0,0,0,0,1,0,0,1,0,0,1,0
19.0,1,160.0,598.0,19.0,15.0,28.0,19.0,0.0,0.0,28.0,19.0,0.0,0.0,BR3-ISX702,0,0,1,0,0,0,0,1,0,0,1,0,0,1,0
19.0,0,160.0,1388.0,19.0,15.0,28.0,19.0,19.0,19.0,28.0,19.0,19.0,19.0,BR3-ISX701,0,0,1,0,0,0,0,1,0,0,1,0,0,1,0
16.0,1,520.0,378.0,24.0,16.0,24.0,24.0,24.0,24.0,24.0,16.0,24.0,24.0,BR3-ITX106-K,0,0,0,1,0,0,0,1,0,0,1,0,0,1,0
11.0,1,580.0,1879.0,29.0,22.0,29.0,18.0,0.0,0.0,29.0,12.0,18.0,12.0,BR3-ISX106-D,0,0,0,1,0,0,0,1,0,0,1,0,0,1,0
17.0,1,374.0,1002.0,21.0,18.0,27.0,27.0,27.0,27.0,27.0,12.0,27.0,21.0,BR2-IKX103-D-A,1,0,0,1,0,0,1,0,0,0,1,0,0,1,0
11.0,0,531.0,1144.0,20.0,12.0,20.0,18.0,0.0,0.0,18.0,12.0,0.0,0.0,BR3-ISX306,0,0,0,1,0,0,0,1,0,0,1,0,0,1,0
11.0,0,1697.0,396.0,26.0,11.0,26.0,26.0,12.0,18.0,26.0,12.0,26.0,12.0,BR3-IRX903,0,0,0,1,0,0,0,1,0,0,1,0,0,1,0
20.0,1,240.0,305.0,18.0,16.0,20.0,20.0,0.0,0.0,20.0,14.0,0.0,0.0,BR3-IRX412-A,1,0,1,0,0,0,0,1,0,0,1,0,0,1,0
10.0,1,1200.0,730.0,15.0,10.0,18.0,18.0,18.0,18.0,18.0,10.0,18.0,10.0,BR3-IRX215-A,1,0,0,0,1,0,0,1,0,0,1,0,0,1,0
17.0,1,427.0,670.0,21.0,18.0,21.0,27.0,21.0,30.0,27.0,21.0,21.0,21.0,BR3-IKX105,0,0,1,0,0,0,0,1,0,0,1,0,0,1,0
19.5,1,794.0,206.0,27.0,21.0,27.0,21.0,21.0,30.0,27.0,21.0,21.0,21.0,BR2-IKX901,0,0,1,0,0,0,1,0,0,0,1,0,0,1,0
17.0,0,688.0,374.0,21.0,18.0,21.0,27.0,21.0,30.0,27.0,21.0,21.0,21.0,BR2-IKX101-K,0,0,1,0,0,0,1,0,0,0,1,0,0,1,0
12.0,1,477.0,783.0,18.0,13.0,18.0,20.0,20.0,13.0,18.0,13.0,20.0,13.0,BR3-ISX108-D,0,0,0,1,0,0,0,1,0,0,1,0,0,1,0
17.0,1,374.0,1002.0,21.0,18.0,27.0,27.0,27.0,27.0,27.0,12.0,27.0,21.0,BR2-IKX103-K-A,1,0,0,1,0,0,1,0,0,0,1,0,0,1,0
19.0,1,200.0,1290.0,32.0,20.0,32.0,17.0,17.0,35.0,32.0,17.0,17.0,17.0,BR3-ISX904,0,0,1,0,0,0,0,1,0,0,1,0,0,1,0
16.0,1,223.0,764.0,19.0,20.0,19.0,17.0,17.0,20.0,19.0,17.0,17.0,17.0,BR3-ISX704,0,0,1,0,0,0,0,1,0,0,1,0,0,0,1
16.0,1,256.0,425.5,19.0,20.0,19.0,17.0,17.0,20.0,19.0,17.0,17.0,17.0,BR3-ISX112,0,0,1,0,0,0,0,1,0,0,1,0,0,1,0
12.0,1,456.0,783.0,18.0,13.0,18.0,20.0,20.0,13.0,18.0,13.0,20.0,13.0,BR3-ISX110,0,0,0,1,0,0,0,1,0,0,1,0,0,1,0
12.0,1,477.0,1233.0,18.0,13.0,18.0,20.0,20.0,13.0,18.0,13.0,20.0,13.0,BR3-ISX111-K,0,0,0,1,0,0,0,1,0,0,1,0,0,1,0
12.0,1,477.0,1233.0,18.0,13.0,18.0,20.0,20.0,13.0,18.0,13.0,20.0,13.0,BR3-ISX111-D,0,0,0,1,0,0,0,1,0,0,1,0,0,1,0
12.0,1,477.0,783.0,18.0,13.0,18.0,20.0,20.0,13.0,18.0,13.0,20.0,13.0,BR3-ISX113-K,0,0,0,1,0,0,0,1,0,0,1,0,0,1,0
12.0,1,477.0,783.0,18.0,13.0,18.0,20.0,20.0,13.0,18.0,13.0,20.0,13.0,BR3-ISX113-D,0,0,0,1,0,0,0,1,0,0,1,0,0,1,0
12.0,1,477.0,1008.0,18.0,13.0,18.0,20.0,20.0,13.0,18.0,13.0,20.0,13.0,BR3-ISX109-D,0,0,0,1,0,0,0,1,0,0,1,0,0,1,0
17.0,0,688.0,374.0,21.0,18.0,21.0,27.0,21.0,30.0,27.0,21.0,21.0,21.0,BR2-IKX101-D,0,0,1,0,0,0,1,0,0,0,1,0,0,1,0
19.5,1,794.0,210.0,27.0,21.0,27.0,21.0,21.0,27.0,27.0,21.0,21.0,18.0,BR2-IKX903-A,1,0,1,0,0,0,1,0,0,0,1,0,0,0,1
16.0,1,200.0,1390.0,32.0,20.0,32.0,17.0,17.0,35.0,32.0,17.0,17.0,17.0,BR3-ISX902,0,0,1,0,0,0,0,1,0,0,1,0,0,1,0
12.0,1,800.0,369.0,23.0,12.0,23.0,18.0,18.0,23.0,23.0,12.0,18.0,12.0,BR2-IKX301-A,1,0,0,1,0,0,1,0,0,0,1,0,0,1,0
20.0,0,275.0,335.0,20.0,10.0,20.0,20.0,20.0,20.0,20.0,10.0,20.0,20.0,BR3-ITX403,0,0,0,1,0,0,0,1,0,0,1,0,0,0,1
14.0,1,240.0,305.0,15.0,15.0,18.0,18.0,18.0,18.0,18.0,15.0,18.0,15.0,BR3-IRX313-A,1,0,0,1,0,0,0,1,0,0,1,0,0,1,0
14.0,1,566.0,258.0,22.0,20.0,22.0,21.0,21.0,21.0,22.0,21.0,21.0,21.0,BR3-IRX122-A,1,0,1,0,0,0,0,1,0,0,1,0,0,1,0
18.0,0,800.0,334.0,23.0,12.0,23.0,18.0,18.0,23.0,23.0,12.0,18.0,12.0,BR3-IKX702-A,1,0,0,1,0,0,0,1,0,0,1,0,0,1,0
12.0,1,900.0,460.0,23.0,12.0,23.0,18.0,18.0,23.0,23.0,12.0,18.0,12.0,BR3-IKX204-A,1,0,0,1,0,0,0,1,0,0,1,0,0,1,0
14.0,0,970.0,278.0,20.0,14.0,20.0,20.0,0.0,0.0,20.0,14.0,0.0,0.0,BR3-ITX107,0,0,0,1,0,0,0,1,0,0,1,0,0,0,1
20.0,0,335.0,278.0,20.0,10.0,20.0,20.0,20.0,20.0,20.0,10.0,20.0,20.0,BR3-ITX402,0,0,0,1,0,0,0,1,0,0,1,0,0,0,1
12.0,0,378.0,1438.0,24.0,12.0,24.0,12.0,12.0,12.0,24.0,12.0,12.0,12.0,BR3-ISX305,0,0,1,0,0,0,0,1,0,0,1,0,0,1,0
19.5,1,794.0,206.0,27.0,21.0,27.0,21.0,21.0,30.0,27.0,21.0,21.0,21.0,BR2-IKX902-A,1,0,1,0,0,0,1,0,0,0,1,0,0,1,0
18.0,1,794.0,206.0,27.0,21.0,27.0,21.0,21.0,27.0,27.0,21.0,21.0,18.0,BR2-IKX902-1,0,0,1,0,0,0,1,0,0,0,1,0,0,1,0
14.0,0,800.0,334.0,23.0,12.0,23.0,18.0,18.0,23.0,23.0,12.0,18.0,12.0,BR3-IKX702-A,1,0,0,1,0,0,0,1,0,0,1,0,0,1,0
14.0,0,800.0,334.0,23.0,12.0,23.0,18.0,18.0,23.0,23.0,12.0,18.0,12.0,BR2-IKX702-A,1,0,0,1,0,0,1,0,0,0,1,0,0,1,0
18.0,0,800.0,334.0,23.0,12.0,23.0,18.0,18.0,23.0,23.0,12.0,18.0,12.0,BR3-IKX702,0,0,0,1,0,0,0,1,0,0,1,0,0,1,0
20.0,0,442.0,408.5,20.0,10.0,20.0,20.0,20.0,20.0,20.0,10.0,20.0,20.0,BR3-ITX404,0,0,0,1,0,0,0,1,0,0,1,0,0,0,1
20.0,0,335.0,408.5,20.0,10.0,20.0,20.0,20.0,20.0,20.0,10.0,20.0,20.0,BR3-ITX405,0,0,0,1,0,0,0,1,0,0,1,0,0,0,1
14.0,0,970.0,278.0,20.0,14.0,20.0,20.0,0.0,0.0,20.0,14.0,0.0,0.0,BR3-ITX107,0,0,0,1,0,0,0,1,0,0,1,0,0,0,1
18.0,0,544.0,159.0,21.0,18.0,21.0,21.0,20.0,20.0,20.0,20.0,21.0,20.0,BR3-IRX706-A,1,0,1,0,0,0,0,1,0,0,1,0,0,0,1
9.0,1,1354.0,180.0,18.0,9.0,18.0,9.0,9.0,9.0,18.0,9.0,9.0,9.0,BR3-ISX604,0,0,1,0,0,0,0,1,0,0,1,0,0,1,0
15.0,0,970.0,475.0,22.0,15.0,22.0,22.0,22.0,22.0,22.0,15.0,22.0,22.0,BR3-ITX703,0,0,0,1,0,0,0,1,0,0,1,0,0,1,0
10.0,1,500.0,816.0,22.0,11.0,22.0,20.0,0.0,0.0,22.0,13.0,16.0,11.0,BR3-ISX209,0,0,0,1,0,0,0,1,0,0,1,0,0,1,0
10.0,1,500.0,816.0,15.0,11.0,15.0,16.0,0.0,0.0,15.0,11.0,16.0,11.0,BR3-ISX206,0,0,0,1,0,0,0,1,0,0,1,0,0,1,0
12.0,0,800.0,369.0,24.0,20.0,24.0,24.0,0.0,0.0,24.0,20.0,0.0,0.0,BR2-IKX301,0,0,0,0,1,0,1,0,0,0,1,0,0,0,1
12.0,0,800.0,334.0,24.0,20.0,24.0,24.0,0.0,0.0,24.0,20.0,0.0,0.0,BR2-IKX701,0,0,0,0,1,0,1,0,0,0,1,0,0,0,1
12.0,0,800.0,334.0,24.0,20.0,24.0,24.0,0.0,0.0,24.0,20.0,0.0,0.0,BR2-IKX702,0,0,0,0,1,0,1,0,0,0,1,0,0,0,1
12.0,0,378.0,1284.0,24.0,12.0,24.0,12.0,12.0,12.0,24.0,12.0,12.0,12.0,BR3-ISX304,0,0,1,0,0,0,0,1,0,0,1,0,0,1,0
14.0,1,566.0,258.0,22.0,20.0,22.0,21.0,21.0,21.0,22.0,21.0,21.0,21.0,BR2-IRX122-A,1,0,1,0,0,0,1,0,0,0,1,0,0,1,0
11.0,1,1902.0,180.0,28.0,12.0,28.0,16.0,16.0,35.0,28.0,12.0,16.0,12.0,BR3-ISX103,0,0,0,1,0,0,0,1,0,0,1,0,0,1,0
16.0,1,520.0,378.0,24.0,16.0,24.0,24.0,24.0,24.0,24.0,16.0,24.0,24.0,BR3-ITX106-D,0,0,0,1,0,0,0,1,0,0,1,0,0,1,0
9.0,1,1554.0,180.0,18.0,9.0,18.0,9.0,9.0,9.0,18.0,9.0,9.0,9.0,BR3-ISX607,0,0,1,0,0,0,0,1,0,0,1,0,0,1,0
9.0,1,1300.0,180.0,18.0,9.0,18.0,9.0,9.0,9.0,18.0,9.0,9.0,9.0,BR3-ISX610,0,0,1,0,0,0,0,1,0,0,1,0,0,1,0
9.0,1,1454.0,180.0,18.0,9.0,18.0,9.0,9.0,9.0,18.0,9.0,9.0,9.0,BR3-ISX613,0,0,1,0,0,0,0,1,0,0,1,0,0,1,0
14.0,0,578.0,455.0,20.0,15.0,20.0,20.0,20.0,20.0,20.0,15.0,20.0,15.0,BR3-ISX202,0,1,0,0,0,0,0,1,0,0,1,0,0,1,0
14.0,0,670.0,455.0,20.0,15.0,20.0,20.0,20.0,20.0,20.0,15.0,20.0,15.0,BR3-ISX203,0,1,0,0,0,0,0,1,0,0,1,0,0,1,0
14.0,0,658.0,455.0,20.0,15.0,20.0,20.0,20.0,20.0,20.0,15.0,20.0,15.0,BR3-ISX204,0,1,0,0,0,0,0,1,0,0,1,0,0,1,0
12.0,0,378.0,1338.0,24.0,12.0,24.0,12.0,0.0,0.0,24.0,12.0,0.0,0.0,BR3-ISX302,0,0,1,0,0,0,0,1,0,0,1,0,0,1,0
12.0,0,378.0,1538.0,24.0,12.0,24.0,12.0,0.0,0.0,24.0,12.0,0.0,0.0,BR3-ISX303,0,0,1,0,0,0,0,1,0,0,1,0,0,1,0
11.0,1,2002.0,180.0,28.0,12.0,28.0,16.0,16.0,35.0,28.0,12.0,16.0,12.0,BR3-ISX102,0,0,0,1,0,0,0,1,0,0,1,0,0,1,0
12.0,1,900.0,440.0,23.0,12.0,23.0,18.0,18.0,23.0,23.0,12.0,18.0,12.0,BR3-IKC202,0,0,0,1,0,0,0,1,0,1,0,0,0,1,0
14.0,0,796.0,248.0,18.0,14.0,18.0,18.0,18.0,18.0,18.0,14.0,18.0,18.0,BR3-ITC101-K,0,0,1,0,0,0,0,1,0,1,0,0,0,0,1
13.0,0,1037.0,295.0,21.0,14.0,21.0,21.0,21.0,21.0,21.0,14.0,21.0,14.0,BR3-ITC302,0,0,0,1,0,0,0,1,0,1,0,0,0,0,1
14.0,0,686.0,295.0,24.0,18.0,22.0,27.0,25.0,32.0,22.0,18.0,27.0,18.0,BR3-ITC301,0,0,0,1,0,0,0,1,0,1,0,0,0,0,1
13.0,0,1092.0,295.0,18.0,10.0,18.0,18.0,18.0,18.0,18.0,10.0,18.0,18.0,BR3-ITC104,0,0,1,0,0,0,0,1,0,1,0,0,0,0,1
14.0,0,741.0,295.0,18.0,14.0,18.0,18.0,18.0,18.0,18.0,14.0,18.0,18.0,BR3-ITC102,0,0,1,0,0,0,0,1,0,1,0,0,0,0,1
13.0,1,1157.0,345.0,22.0,13.0,22.0,22.0,22.0,22.0,22.0,13.0,22.0,13.0,BR3-ITC202,0,0,0,1,0,0,0,1,0,1,0,0,0,0,1
12.0,1,806.0,345.0,18.0,12.0,18.0,18.0,18.0,18.0,18.0,12.0,18.0,12.0,BR3-ITC201,0,0,0,1,0,0,0,1,0,1,0,0,0,0,1
18.0,1,460.0,320.0,11.0,14.0,11.0,18.0,12.0,18.0,19.0,12.0,18.0,12.0,BR3-IRC901,0,0,1,0,0,0,0,1,0,1,0,0,0,1,0
12.0,1,1718.0,440.0,27.0,12.0,27.0,18.0,18.0,27.0,27.0,12.0,18.0,12.0,BR3-IKC203,0,0,0,1,0,0,0,1,0,1,0,0,0,1,0
12.0,1,900.0,460.0,23.0,12.0,23.0,18.0,18.0,23.0,23.0,12.0,18.0,12.0,BR3-IKC204,0,0,0,1,0,0,0,1,0,1,0,0,0,1,0
17.0,1,427.0,670.0,21.0,18.0,21.0,27.0,21.0,30.0,27.0,21.0,21.0,21.0,BR2-IKC105,0,0,1,0,0,0,1,0,0,1,0,0,0,1,0
19.5,1,794.0,210.0,27.0,21.0,27.0,21.0,21.0,27.0,27.0,21.0,21.0,18.0,BR2-IKC903,0,0,1,0,0,0,1,0,0,1,0,0,0,0,1
14.0,1,566.0,258.0,22.0,20.0,22.0,21.0,21.0,21.0,22.0,21.0,21.0,21.0,BR2-IRC122,0,0,1,0,0,0,1,0,0,1,0,0,0,1,0
14.0,1,240.0,305.0,15.0,15.0,18.0,18.0,18.0,18.0,18.0,15.0,18.0,15.0,BR3-IRC313,0,0,0,1,0,0,0,1,0,1,0,0,0,1,0
10.0,1,1200.0,730.0,15.0,10.0,18.0,18.0,18.0,18.0,18.0,10.0,18.0,10.0,BR3-IRC215,0,0,0,0,1,0,0,1,0,1,0,0,0,1,0
18.0,0,544.0,159.0,21.0,18.0,21.0,21.0,20.0,20.0,20.0,20.0,21.0,20.0,BR3-IRC706,0,0,1,0,0,0,0,1,0,1,0,0,0,0,1
12.0,0,566.0,423.0,18.0,13.0,18.0,20.0,13.0,13.0,18.0,13.0,20.0,13.0,BR3-IRC121,0,0,0,1,0,0,0,1,0,1,0,0,0,1,0
19.5,1,794.0,206.0,27.0,21.0,27.0,21.0,21.0,30.0,27.0,21.0,21.0,21.0,BR2-IKC902,0,0,1,0,0,0,1,0,0,1,0,0,0,1,0
12.0,0,566.0,423.0,15.0,13.0,18.0,20.0,13.0,13.0,18.0,13.0,20.0,13.0,BR3-IRC121-A,1,0,0,1,0,0,0,1,0,1,0,0,0,1,0
14.0,1,970.0,247.0,21.0,14.0,21.0,21.0,21.0,3.0,21.0,14.0,21.0,14.0,BR3-ITC105-K,0,0,0,1,0,0,0,1,0,1,0,0,0,1,0
14.0,1,970.0,247.0,21.0,14.0,21.0,21.0,21.0,3.0,21.0,14.0,21.0,14.0,BR3-ITC105-D,0,0,0,1,0,0,0,1,0,1,0,0,0,1,0
11.0,0,408.5,1710.0,25.0,11.0,25.0,25.0,25.0,25.0,25.0,11.0,25.0,11.0,BR3-ITC303,0,0,0,1,0,0,0,1,0,1,0,0,0,1,0
9.0,1,1830.0,475.0,26.0,11.0,26.0,26.0,26.0,26.0,26.0,0.0,26.0,11.0,BR3-ITC204,0,0,0,1,0,0,0,1,0,1,0,0,0,1,0
11.0,1,1830.0,328.0,26.0,11.0,26.0,26.0,26.0,26.0,26.0,11.0,26.0,11.0,BR3-ITC203,0,0,0,1,0,0,0,1,0,1,0,0,0,0,1
18.0,1,794.0,206.0,27.0,21.0,27.0,21.0,21.0,27.0,27.0,21.0,21.0,18.0,BR2-IKC903-1,0,0,1,0,0,0,1,0,0,1,0,0,0,1,0
12.0,0,800.0,334.0,23.0,12.0,23.0,18.0,18.0,23.0,23.0,12.0,18.0,12.0,BR2-IKC701-A,1,0,0,1,0,0,1,0,0,1,0,0,0,1,0
14.0,0,796.0,248.0,18.0,14.0,18.0,18.0,18.0,18.0,18.0,14.0,18.0,18.0,BR3-ITC101-D,0,0,1,0,0,0,0,1,0,1,0,0,0,0,1
17.0,1,374.0,1002.0,21.0,18.0,27.0,27.0,27.0,27.0,27.0,12.0,27.0,21.0,BR3-IKC103-D-A,1,0,0,1,0,0,0,1,0,1,0,0,0,1,0
9.0,1,1147.0,248.0,18.0,10.0,18.0,18.0,18.0,18.0,18.0,10.0,18.0,18.0,BR3-ITC103-K,0,0,1,0,0,0,0,1,0,1,0,0,0,1,0
12.0,0,566.0,423.0,18.0,13.0,18.0,20.0,20.0,13.0,18.0,13.0,20.0,13.0,BR3-IRC120-D-A,1,0,0,1,0,0,0,1,0,1,0,0,0,1,0
12.0,0,566.0,423.0,18.0,13.0,18.0,20.0,13.0,15.0,18.0,13.0,20.0,13.0,BR3-IRC120-K-A,1,0,0,0,1,0,0,1,0,1,0,0,0,1,0
12.0,0,900.0,520.0,22.0,15.0,21.0,21.0,21.0,21.0,21.0,15.0,21.0,21.0,BR3-IRC214-A,1,0,0,1,0,0,0,1,0,1,0,0,0,1,0
17.0,0,688.0,394.0,21.0,18.0,21.0,27.0,21.0,30.0,27.0,21.0,21.0,21.0,BR2-IKC106-D,0,0,1,0,0,0,1,0,0,1,0,0,0,1,0
17.0,0,688.0,394.0,21.0,18.0,21.0,27.0,21.0,30.0,27.0,21.0,21.0,21.0,BR2-IKC106-K,0,0,1,0,0,0,1,0,0,1,0,0,0,1,0
17.0,0,688.0,394.0,21.0,18.0,21.0,27.0,21.0,30.0,27.0,21.0,21.0,21.0,BR2-IKC106-D-A,1,0,1,0,0,0,1,0,0,1,0,0,0,1,0
17.0,0,688.0,394.0,21.0,18.0,21.0,27.0,21.0,30.0,27.0,21.0,21.0,21.0,BR2-IKC106-K-A,1,0,1,0,0,0,1,0,0,1,0,0,0,1,0
12.0,0,900.0,520.0,22.0,15.0,21.0,21.0,21.0,21.0,21.0,15.0,21.0,21.0,BR3-IRC214,0,0,0,1,0,0,0,1,0,1,0,0,0,1,0
17.0,1,374.0,1002.0,21.0,18.0,27.0,27.0,27.0,27.0,27.0,12.0,27.0,21.0,BR3-IKC103-K-A,1,0,0,1,0,0,0,1,0,1,0,0,0,1,0
16.0,0,801.0,519.0,23.0,18.0,23.0,23.0,18.0,27.0,23.0,18.0,23.0,18.0,BR3-IRC402,0,0,0,1,0,0,0,1,0,1,0,0,0,1,0
12.0,0,566.0,423.0,18.0,13.0,18.0,20.0,20.0,13.0,18.0,13.0,20.0,13.0,BR3-IRC120-K,0,0,0,1,0,0,0,1,0,1,0,0,0,1,0
17.0,0,724.0,264.0,18.0,16.0,18.0,18.0,18.0,18.0,22.0,18.0,18.0,18.0,BR3-IRC118-D,0,0,1,0,0,0,0,1,0,1,0,0,0,1,0
17.0,0,724.0,264.0,18.0,16.0,18.0,18.0,18.0,18.0,22.0,18.0,18.0,18.0,BR3-IRC118-K,0,0,0,1,0,0,0,1,0,1,0,0,0,1,0
17.0,1,500.0,264.0,18.0,18.0,18.0,18.0,18.0,18.0,18.0,18.0,18.0,18.0,BR3-IRC116-D,0,0,0,1,0,0,0,1,0,1,0,0,0,1,0
17.0,1,500.0,264.0,18.0,16.0,18.0,18.0,22.0,18.0,18.0,18.0,22.0,12.0,BR3-IRC116-K,0,0,0,1,0,0,0,1,0,1,0,0,0,1,0
16.0,1,1080.0,312.0,26.0,20.0,26.0,17.0,18.0,18.0,27.0,17.0,21.0,18.0,BR3-IRC311,0,0,1,0,0,0,0,1,0,1,0,0,0,1,0
12.0,0,800.0,475.0,18.0,12.0,18.0,20.0,13.0,13.0,18.0,13.0,20.0,13.0,BR3-IRC213,0,0,0,1,0,0,0,1,0,1,0,0,0,1,0
19.0,0,669.0,308.0,24.0,20.0,24.0,20.0,18.0,18.0,24.0,20.0,18.0,18.0,BR3-IRC119,0,0,1,0,0,0,0,1,0,1,0,0,0,1,0
11.0,0,1697.0,396.0,26.0,11.0,26.0,26.0,12.0,18.0,26.0,12.0,26.0,12.0,BR2-IRC903,0,0,0,1,0,0,1,0,0,1,0,0,0,1,0
18.0,0,600.0,200.0,20.0,20.0,18.0,20.0,18.0,18.0,18.0,18.0,18.0,18.0,BR3-IRC902,0,0,1,0,0,0,0,1,0,1,0,0,0,1,0
18.0,0,382.0,519.0,18.0,18.0,19.0,18.0,19.0,19.0,18.0,19.0,18.0,19.0,BR3-IRC403,0,0,1,0,0,0,0,1,0,1,0,0,0,1,0
12.0,0,1200.0,505.0,26.0,20.0,26.0,23.0,18.0,22.0,26.0,15.0,23.0,18.0,BR3-IRC305,0,0,0,1,0,0,0,1,0,1,0,0,0,1,0
11.0,1,1310.0,571.0,26.0,20.0,26.0,18.0,18.0,18.0,22.0,12.0,18.0,12.0,BR3-IRC205,0,0,0,1,0,0,0,1,0,1,0,0,0,1,0
16.0,0,674.0,200.0,21.0,16.0,21.0,16.0,18.0,18.0,22.0,16.0,18.0,18.0,BR3-IRC907,0,0,1,0,0,0,0,1,0,1,0,0,0,1,0
12.0,1,900.0,440.0,23.0,12.0,23.0,18.0,18.0,23.0,23.0,12.0,18.0,12.0,BR3-IKC202-A,1,0,0,1,0,0,0,1,0,1,0,0,0,1,0
17.0,1,374.0,1002.0,21.0,18.0,27.0,27.0,27.0,27.0,27.0,12.0,27.0,21.0,BR2-IKC103-D-A,1,0,0,1,0,0,1,0,0,1,0,0,0,1,0
17.0,1,374.0,1002.0,21.0,18.0,27.0,27.0,27.0,27.0,27.0,12.0,27.0,21.0,BR2-IKC103-K-A,1,0,0,1,0,0,1,0,0,1,0,0,0,1,0
9.0,1,1147.0,248.0,18.0,10.0,18.0,18.0,18.0,18.0,18.0,10.0,18.0,18.0,BR3-ITC103-D,0,0,1,0,0,0,0,1,0,1,0,0,0,1,0
12.0,1,506.0,475.0,11.0,14.0,11.0,18.0,18.0,20.0,20.0,12.0,18.0,20.0,BR3-IRC206,0,0,0,1,0,0,0,1,0,1,0,0,0,1,0
8.0,1,806.0,780.0,18.0,8.0,18.0,18.0,9.0,9.0,18.0,9.0,18.0,9.0,BR3-IRC114-D,0,0,0,0,0,1,0,1,0,1,0,0,0,1,0
18.0,0,408.5,465.0,18.0,18.0,18.0,18.0,20.0,35.0,18.0,18.0,18.0,18.0,BR3-ITC108,0,0,1,0,0,0,0,1,0,1,0,0,0,0,1
20.0,0,679.0,285.0,25.0,20.0,25.0,21.0,21.0,21.0,25.0,21.0,21.0,21.0,BR3-IRC408,0,0,1,0,0,0,0,1,0,1,0,0,0,0,1
13.0,1,952.0,231.0,22.0,15.0,22.0,22.0,22.0,22.0,22.0,15.0,22.0,22.0,BR3-IRC115-D,0,0,0,1,0,0,0,1,0,1,0,0,0,1,0
13.0,1,952.0,231.0,22.0,15.0,22.0,22.0,22.0,22.0,22.0,15.0,22.0,22.0,BR3-IRC115-K,0,0,0,1,0,0,0,1,0,1,0,0,0,1,0
12.0,1,800.0,475.0,18.0,12.0,18.0,20.0,13.0,13.0,18.0,13.0,20.0,13.0,BR3-IRC212,0,0,0,1,0,0,0,1,0,1,0,0,0,1,0
16.0,0,800.0,326.0,20.0,18.0,20.0,18.0,18.0,18.0,20.0,18.0,18.0,18.0,BR3-IRC211,0,0,1,0,0,0,0,1,0,1,0,0,0,1,0
17.0,0,684.0,336.0,21.0,16.0,21.0,18.0,18.0,18.0,21.0,18.0,18.0,18.0,BR3-IRC912,0,0,1,0,0,0,0,1,0,1,0,0,0,1,0
18.0,0,445.0,308.0,27.0,16.0,27.0,18.0,18.0,18.0,27.0,16.0,18.0,18.0,BR3-IRC117,0,0,0,1,0,0,0,1,0,1,0,0,0,1,0
8.0,1,806.0,780.0,18.0,8.0,18.0,18.0,9.0,9.0,18.0,9.0,18.0,9.0,BR3-IRC114-K,0,0,0,0,0,1,0,1,0,1,0,0,0,1,0
12.0,0,566.0,423.0,18.0,13.0,18.0,20.0,13.0,15.0,18.0,13.0,20.0,13.0,BR3-IRC120-D,0,0,0,0,1,0,0,1,0,1,0,0,0,1,0
17.0,1,680.0,412.0,18.0,14.0,18.0,21.0,18.0,18.0,18.0,14.0,21.0,14.0,BR3-IRC310,0,0,0,0,1,0,0,1,0,1,0,0,0,1,0
12.0,0,800.0,475.0,17.0,13.0,17.0,20.0,13.0,13.0,17.0,13.0,20.0,13.0,BR3-IRC210,0,0,0,1,0,0,0,1,0,1,0,0,0,1,0
20.0,1,549.0,285.0,22.0,20.0,22.0,21.0,21.0,21.0,22.0,21.0,21.0,21.0,BR3-IRC406,0,0,1,0,0,0,0,1,0,1,0,0,0,0,1
20.0,1,550.0,285.0,21.0,13.0,21.0,21.0,14.0,14.0,21.0,14.0,21.0,14.0,BR3-IRC405,0,0,0,1,0,0,0,1,0,1,0,0,0,0,1
8.0,1,1775.5,231.0,20.0,9.0,20.0,18.0,18.0,18.0,20.0,9.0,18.0,9.0,BR3-IRC113-K,0,0,0,0,1,0,0,1,0,1,0,0,0,1,0
8.0,1,1775.5,231.0,20.0,9.0,20.0,18.0,18.0,18.0,20.0,9.0,18.0,9.0,BR3-IRC113-D,0,0,0,0,1,0,0,1,0,1,0,0,0,1,0
13.0,1,550.0,276.0,18.0,13.0,18.0,21.0,18.0,18.0,18.0,14.0,21.0,14.0,BR3-IRC309,0,0,0,0,1,0,0,1,0,1,0,0,0,0,1
12.0,0,670.0,328.0,18.0,18.0,18.0,18.0,18.0,18.0,18.0,18.0,18.0,18.0,BR3-IRC209,0,0,0,1,0,0,0,1,0,1,0,0,0,1,0
17.0,0,679.0,408.0,25.0,21.0,25.0,32.0,21.0,21.0,25.0,21.0,32.0,21.0,BR3-IRC407,0,0,0,1,0,0,0,1,0,1,0,0,0,0,1
18.0,0,364.0,329.0,18.0,18.0,19.0,18.0,19.0,19.0,18.0,19.0,18.0,19.0,BR3-ISC301,0,0,1,0,0,0,0,1,0,1,0,0,0,1,0
16.0,1,200.0,600.0,19.0,20.0,19.0,17.0,17.0,20.0,19.0,17.0,17.0,17.0,BR3-ISC903,0,0,1,0,0,0,0,1,0,1,0,0,0,1,0
12.0,1,477.0,783.0,18.0,13.0,18.0,20.0,20.0,13.0,18.0,13.0,20.0,13.0,BR3-ISC108-K,0,0,0,1,0,0,0,1,0,1,0,0,0,1,0
10.0,1,603.0,1196.0,19.0,14.0,19.0,16.0,20.0,26.0,19.0,11.0,16.0,11.0,BR3-ISC205,0,0,0,1,0,0,0,1,0,1,0,0,0,1,0
18.0,0,529.0,364.0,18.0,22.0,18.0,18.0,0.0,0.0,18.0,12.0,0.0,0.0,BR3-ISC403,0,0,0,1,0,0,0,1,0,1,0,0,0,1,0
11.0,1,580.0,1879.0,18.0,22.0,18.0,18.0,0.0,0.0,18.0,12.0,0.0,0.0,BR3-ISC107,0,0,0,1,0,0,0,1,0,1,0,0,0,1,0
11.0,1,580.0,1879.0,29.0,22.0,29.0,18.0,0.0,0.0,29.0,12.0,18.0,12.0,BR3-ISC106-K,0,0,0,1,0,0,0,1,0,1,0,0,0,1,0
18.0,0,529.0,764.0,18.0,22.0,18.0,18.0,0.0,0.0,18.0,12.0,0.0,0.0,BR3-ISC402,0,0,0,1,0,0,0,1,0,1,0,0,0,1,0
10.0,1,500.0,816.0,22.0,11.0,22.0,20.0,0.0,0.0,22.0,13.0,16.0,11.0,BR3-ISC208,0,0,0,1,0,0,0,1,0,1,0,0,0,1,0
10.0,1,603.0,1196.0,22.0,11.0,22.0,20.0,0.0,0.0,22.0,13.0,16.0,11.0,BR3-ISC207,0,0,0,1,0,0,0,1,0,1,0,0,0,1,0
12.0,1,477.0,1008.0,18.0,13.0,18.0,20.0,20.0,13.0,18.0,13.0,20.0,13.0,BR3-ISC109-K,0,0,0,1,0,0,0,1,0,1,0,0,0,1,0
18.0,0,364.0,349.0,18.0,18.0,19.0,18.0,19.0,19.0,18.0,19.0,18.0,19.0,BR3-ISC401,0,0,1,0,0,0,0,1,0,1,0,0,0,1,0
14.0,0,529.0,375.0,18.0,14.0,18.0,18.0,18.0,18.0,18.0,14.0,18.0,18.0,BR3-ISC101-D,0,0,1,0,0,0,0,1,0,1,0,0,0,0,1
14.0,0,529.0,375.0,18.0,14.0,18.0,18.0,18.0,18.0,18.0,14.0,18.0,18.0,BR3-ISC101-K,0,0,1,0,0,0,0,1,0,1,0,0,0,0,1
16.0,0,416.0,403.0,17.0,17.0,17.0,17.0,17.0,17.0,17.0,17.0,17.0,17.0,BR3-ISC201,0,0,1,0,0,0,0,1,0,1,0,0,0,1,0
19.0,1,160.0,1288.0,19.0,15.0,28.0,19.0,0.0,0.0,28.0,19.0,0.0,0.0,BR3-ISC703,0,0,1,0,0,0,0,1,0,1,0,0,0,1,0
19.0,1,160.0,598.0,19.0,15.0,28.0,19.0,0.0,0.0,28.0,19.0,0.0,0.0,BR3-ISC702,0,0,1,0,0,0,0,1,0,1,0,0,0,1,0
19.0,0,160.0,1388.0,19.0,15.0,28.0,19.0,19.0,19.0,28.0,19.0,19.0,19.0,BR3-ISC701,0,0,1,0,0,0,0,1,0,1,0,0,0,1,0
16.0,1,520.0,378.0,24.0,16.0,24.0,24.0,24.0,24.0,24.0,16.0,24.0,24.0,BR3-ITC106-K,0,0,0,1,0,0,0,1,0,1,0,0,0,1,0
11.0,1,580.0,1879.0,29.0,22.0,29.0,18.0,0.0,0.0,29.0,12.0,18.0,12.0,BR3-ISC106-D,0,0,0,1,0,0,0,1,0,1,0,0,0,1,0
17.0,1,374.0,1002.0,21.0,18.0,27.0,27.0,27.0,27.0,27.0,12.0,27.0,21.0,BR2-IKC103-D-A,1,0,0,1,0,0,1,0,0,1,0,0,0,1,0
11.0,0,531.0,1144.0,20.0,12.0,20.0,18.0,0.0,0.0,18.0,12.0,0.0,0.0,BR3-ISC306,0,0,0,1,0,0,0,1,0,1,0,0,0,1,0
11.0,0,1697.0,396.0,26.0,11.0,26.0,26.0,12.0,18.0,26.0,12.0,26.0,12.0,BR3-IRC903,0,0,0,1,0,0,0,1,0,1,0,0,0,1,0
20.0,1,240.0,305.0,18.0,16.0,20.0,20.0,0.0,0.0,20.0,14.0,0.0,0.0,BR3-IRC412-A,1,0,1,0,0,0,0,1,0,1,0,0,0,1,0
10.0,1,1200.0,730.0,15.0,10.0,18.0,18.0,18.0,18.0,18.0,10.0,18.0,10.0,BR3-IRC215-A,1,0,0,0,1,0,0,1,0,1,0,0,0,1,0
17.0,1,427.0,670.0,21.0,18.0,21.0,27.0,21.0,30.0,27.0,21.0,21.0,21.0,BR3-IKC105,0,0,1,0,0,0,0,1,0,1,0,0,0,1,0
19.5,1,794.0,206.0,27.0,21.0,27.0,21.0,21.0,30.0,27.0,21.0,21.0,21.0,BR2-IKC901,0,0,1,0,0,0,1,0,0,1,0,0,0,1,0
17.0,0,688.0,374.0,21.0,18.0,21.0,27.0,21.0,30.0,27.0,21.0,21.0,21.0,BR2-IKC101-K,0,0,1,0,0,0,1,0,0,1,0,0,0,1,0
12.0,1,477.0,783.0,18.0,13.0,18.0,20.0,20.0,13.0,18.0,13.0,20.0,13.0,BR3-ISC108-D,0,0,0,1,0,0,0,1,0,1,0,0,0,1,0
17.0,1,374.0,1002.0,21.0,18.0,27.0,27.0,27.0,27.0,27.0,12.0,27.0,21.0,BR2-IKC103-K-A,1,0,0,1,0,0,1,0,0,1,0,0,0,1,0
19.0,1,200.0,1290.0,32.0,20.0,32.0,17.0,17.0,35.0,32.0,17.0,17.0,17.0,BR3-ISC904,0,0,1,0,0,0,0,1,0,1,0,0,0,1,0
16.0,1,223.0,764.0,19.0,20.0,19.0,17.0,17.0,20.0,19.0,17.0,17.0,17.0,BR3-ISC704,0,0,1,0,0,0,0,1,0,1,0,0,0,0,1
16.0,1,256.0,425.5,19.0,20.0,19.0,17.0,17.0,20.0,19.0,17.0,17.0,17.0,BR3-ISC112,0,0,1,0,0,0,0,1,0,1,0,0,0,1,0
12.0,1,456.0,783.0,18.0,13.0,18.0,20.0,20.0,13.0,18.0,13.0,20.0,13.0,BR3-ISC110,0,0,0,1,0,0,0,1,0,1,0,0,0,1,0
12.0,1,477.0,1233.0,18.0,13.0,18.0,20.0,20.0,13.0,18.0,13.0,20.0,13.0,BR3-ISC111-K,0,0,0,1,0,0,0,1,0,1,0,0,0,1,0
12.0,1,477.0,1233.0,18.0,13.0,18.0,20.0,20.0,13.0,18.0,13.0,20.0,13.0,BR3-ISC111-D,0,0,0,1,0,0,0,1,0,1,0,0,0,1,0
12.0,1,477.0,783.0,18.0,13.0,18.0,20.0,20.0,13.0,18.0,13.0,20.0,13.0,BR3-ISC113-K,0,0,0,1,0,0,0,1,0,1,0,0,0,1,0
12.0,1,477.0,783.0,18.0,13.0,18.0,20.0,20.0,13.0,18.0,13.0,20.0,13.0,BR3-ISC113-D,0,0,0,1,0,0,0,1,0,1,0,0,0,1,0
12.0,1,477.0,1008.0,18.0,13.0,18.0,20.0,20.0,13.0,18.0,13.0,20.0,13.0,BR3-ISC109-D,0,0,0,1,0,0,0,1,0,1,0,0,0,1,0
17.0,0,688.0,374.0,21.0,18.0,21.0,27.0,21.0,30.0,27.0,21.0,21.0,21.0,BR2-IKC101-D,0,0,1,0,0,0,1,0,0,1,0,0,0,1,0
19.5,1,794.0,210.0,27.0,21.0,27.0,21.0,21.0,27.0,27.0,21.0,21.0,18.0,BR2-IKC903-A,1,0,1,0,0,0,1,0,0,1,0,0,0,0,1
16.0,1,200.0,1390.0,32.0,20.0,32.0,17.0,17.0,35.0,32.0,17.0,17.0,17.0,BR3-ISC902,0,0,1,0,0,0,0,1,0,1,0,0,0,1,0
12.0,1,800.0,369.0,23.0,12.0,23.0,18.0,18.0,23.0,23.0,12.0,18.0,12.0,BR2-IKC301-A,1,0,0,1,0,0,1,0,0,1,0,0,0,1,0
20.0,0,275.0,335.0,20.0,10.0,20.0,20.0,20.0,20.0,20.0,10.0,20.0,20.0,BR3-ITC403,0,0,0,1,0,0,0,1,0,1,0,0,0,0,1
14.0,1,240.0,305.0,15.0,15.0,18.0,18.0,18.0,18.0,18.0,15.0,18.0,15.0,BR3-IRC313-A,1,0,0,1,0,0,0,1,0,1,0,0,0,1,0
14.0,1,566.0,258.0,22.0,20.0,22.0,21.0,21.0,21.0,22.0,21.0,21.0,21.0,BR3-IRC122-A,1,0,1,0,0,0,0,1,0,1,0,0,0,1,0
18.0,0,800.0,334.0,23.0,12.0,23.0,18.0,18.0,23.0,23.0,12.0,18.0,12.0,BR3-IKC702-A,1,0,0,1,0,0,0,1,0,1,0,0,0,1,0
12.0,1,900.0,460.0,23.0,12.0,23.0,18.0,18.0,23.0,23.0,12.0,18.0,12.0,BR3-IKC204-A,1,0,0,1,0,0,0,1,0,1,0,0,0,1,0
14.0,0,970.0,278.0,20.0,14.0,20.0,20.0,0.0,0.0,20.0,14.0,0.0,0.0,BR3-ITC107,0,0,0,1,0,0,0,1,0,1,0,0,0,0,1
20.0,0,335.0,278.0,20.0,10.0,20.0,20.0,20.0,20.0,20.0,10.0,20.0,20.0,BR3-ITC402,0,0,0,1,0,0,0,1,0,1,0,0,0,0,1
12.0,0,378.0,1438.0,24.0,12.0,24.0,12.0,12.0,12.0,24.0,12.0,12.0,12.0,BR3-ISC305,0,0,1,0,0,0,0,1,0,1,0,0,0,1,0
19.5,1,794.0,206.0,27.0,21.0,27.0,21.0,21.0,30.0,27.0,21.0,21.0,21.0,BR2-IKC902-A,1,0,1,0,0,0,1,0,0,1,0,0,0,1,0
18.0,1,794.0,206.0,27.0,21.0,27.0,21.0,21.0,27.0,27.0,21.0,21.0,18.0,BR2-IKC902-1,0,0,1,0,0,0,1,0,0,1,0,0,0,1,0
14.0,0,800.0,334.0,23.0,12.0,23.0,18.0,18.0,23.0,23.0,12.0,18.0,12.0,BR3-IKC702-A,1,0,0,1,0,0,0,1,0,1,0,0,0,1,0
14.0,0,800.0,334.0,23.0,12.0,23.0,18.0,18.0,23.0,23.0,12.0,18.0,12.0,BR2-IKC702-A,1,0,0,1,0,0,1,0,0,1,0,0,0,1,0
18.0,0,800.0,334.0,23.0,12.0,23.0,18.0,18.0,23.0,23.0,12.0,18.0,12.0,BR3-IKC702,0,0,0,1,0,0,0,1,0,1,0,0,0,1,0
20.0,0,442.0,408.5,20.0,10.0,20.0,20.0,20.0,20.0,20.0,10.0,20.0,20.0,BR3-ITC404,0,0,0,1,0,0,0,1,0,1,0,0,0,0,1
20.0,0,335.0,408.5,20.0,10.0,20.0,20.0,20.0,20.0,20.0,10.0,20.0,20.0,BR3-ITC405,0,0,0,1,0,0,0,1,0,1,0,0,0,0,1
14.0,0,970.0,278.0,20.0,14.0,20.0,20.0,0.0,0.0,20.0,14.0,0.0,0.0,BR3-ITC107,0,0,0,1,0,0,0,1,0,1,0,0,0,0,1
18.0,0,544.0,159.0,21.0,18.0,21.0,21.0,20.0,20.0,20.0,20.0,21.0,20.0,BR3-IRC706-A,1,0,1,0,0,0,0,1,0,1,0,0,0,0,1
9.0,1,1354.0,180.0,18.0,9.0,18.0,9.0,9.0,9.0,18.0,9.0,9.0,9.0,BR3-ISC604,0,0,1,0,0,0,0,1,0,1,0,0,0,1,0
15.0,0,970.0,475.0,22.0,15.0,22.0,22.0,22.0,22.0,22.0,15.0,22.0,22.0,BR3-ITC703,0,0,0,1,0,0,0,1,0,1,0,0,0,1,0
10.0,1,500.0,816.0,22.0,11.0,22.0,20.0,0.0,0.0,22.0,13.0,16.0,11.0,BR3-ISC209,0,0,0,1,0,0,0,1,0,1,0,0,0,1,0
10.0,1,500.0,816.0,15.0,11.0,15.0,16.0,0.0,0.0,15.0,11.0,16.0,11.0,BR3-ISC206,0,0,0,1,0,0,0,1,0,1,0,0,0,1,0
12.0,0,800.0,369.0,24.0,20.0,24.0,24.0,0.0,0.0,24.0,20.0,0.0,0.0,BR2-IKC301,0,0,0,0,1,0,1,0,0,1,0,0,0,0,1
12.0,0,800.0,334.0,24.0,20.0,24.0,24.0,0.0,0.0,24.0,20.0,0.0,0.0,BR2-IKC701,0,0,0,0,1,0,1,0,0,1,0,0,0,0,1
12.0,0,800.0,334.0,24.0,20.0,24.0,24.0,0.0,0.0,24.0,20.0,0.0,0.0,BR2-IKC702,0,0,0,0,1,0,1,0,0,1,0,0,0,0,1
12.0,0,378.0,1284.0,24.0,12.0,24.0,12.0,12.0,12.0,24.0,12.0,12.0,12.0,BR3-ISC304,0,0,1,0,0,0,0,1,0,1,0,0,0,1,0
14.0,1,566.0,258.0,22.0,20.0,22.0,21.0,21.0,21.0,22.0,21.0,21.0,21.0,BR2-IRC122-A,1,0,1,0,0,0,1,0,0,1,0,0,0,1,0
11.0,1,1902.0,180.0,28.0,12.0,28.0,16.0,16.0,35.0,28.0,12.0,16.0,12.0,BR3-ISC103,0,0,0,1,0,0,0,1,0,1,0,0,0,1,0
16.0,1,520.0,378.0,24.0,16.0,24.0,24.0,24.0,24.0,24.0,16.0,24.0,24.0,BR3-ITC106-D,0,0,0,1,0,0,0,1,0,1,0,0,0,1,0
9.0,1,1554.0,180.0,18.0,9.0,18.0,9.0,9.0,9.0,18.0,9.0,9.0,9.0,BR3-ISC607,0,0,1,0,0,0,0,1,0,1,0,0,0,1,0
9.0,1,1300.0,180.0,18.0,9.0,18.0,9.0,9.0,9.0,18.0,9.0,9.0,9.0,BR3-ISC610,0,0,1,0,0,0,0,1,0,1,0,0,0,1,0
9.0,1,1454.0,180.0,18.0,9.0,18.0,9.0,9.0,9.0,18.0,9.0,9.0,9.0,BR3-ISC613,0,0,1,0,0,0,0,1,0,1,0,0,0,1,0
14.0,0,578.0,455.0,20.0,15.0,20.0,20.0,20.0,20.0,20.0,15.0,20.0,15.0,BR3-ISC202,0,1,0,0,0,0,0,1,0,1,0,0,0,1,0
14.0,0,670.0,455.0,20.0,15.0,20.0,20.0,20.0,20.0,20.0,15.0,20.0,15.0,BR3-ISC203,0,1,0,0,0,0,0,1,0,1,0,0,0,1,0
14.0,0,658.0,455.0,20.0,15.0,20.0,20.0,20.0,20.0,20.0,15.0,20.0,15.0,BR3-ISC204,0,1,0,0,0,0,0,1,0,1,0,0,0,1,0
12.0,0,378.0,1338.0,24.0,12.0,24.0,12.0,0.0,0.0,24.0,12.0,0.0,0.0,BR3-ISC302,0,0,1,0,0,0,0,1,0,1,0,0,0,1,0
12.0,0,378.0,1538.0,24.0,12.0,24.0,12.0,0.0,0.0,24.0,12.0,0.0,0.0,BR3-ISC303,0,0,1,0,0,0,0,1,0,1,0,0,0,1,0
11.0,1,2002.0,180.0,28.0,12.0,28.0,16.0,16.0,35.0,28.0,12.0,16.0,12.0,BR3-ISC102,0,0,0,1,0,0,0,1,0,1,0,0,0,1,0
