,WorkCenter,ProductAGR,ProductName,NPC,Parts,Path,Width,Length,LiftPushSpeed,LiftRegularSpeed,RT1EntranceSpeed,RT1ExitSpeed,RT2EntranceSpeed,RT2ExitSpeed,EM1PushSpeed,EM1PushCycle,EM2PushSpeed,EM2PushCycle,Position,Product,BR
0,12010,BR3-IKX203,Virðus,12.0,1,1,1718.0,440.0,27,12,27,18,18,27,27,12,18,12,3,BR3-IKW203,BR3
1,12010,BR3-IRX120-K,Kairinis ðonas,12.0,1,2,566.0,423.0,18,13,18,20,20,13,18,13,20,13,3,BR3-IRW120-K,BR3
2,12010,BR3-ITX101-K,Kairinis ðonas,14.0,2,2,796.0,248.0,18,14,18,18,18,18,18,14,18,18,2,BR3-ITW101-K,BR3
3,12010,BR3-ITX302,Dugnas,13.0,2,2,1037.0,295.0,21,14,21,21,21,21,21,14,21,14,3,BR3-ITW302,BR3
4,12010,BR3-ITX301,Dugnas,14.0,2,2,686.0,295.0,24,18,22,27,25,32,22,18,27,18,3,BR3-ITW301,BR3
5,12010,BR3-ITX104,Pertvara,13.0,2,2,1092.0,295.0,18,10,18,18,18,18,18,10,18,18,2,BR3-ITW104,BR3
6,12010,BR3-ITX102,Pertvara,14.0,2,2,741.0,295.0,18,14,18,18,18,18,18,14,18,18,2,BR3-ITW102,BR3
7,12010,BR3-ITX202,Virðus,13.0,2,1,1157.0,345.0,22,13,22,22,22,22,22,13,22,13,3,BR3-ITW202,BR3
8,12010,BR3-ITX103-K,Kairinis ðonas,9.0,1,1,1147.0,248.0,18,10,18,18,18,18,18,10,18,18,2,BR3-ITW103-K,BR3
9,12010,BR2-IKX902,Stalèiaus priekis,19.5,1,1,794.0,206.0,27,21,27,21,21,30,27,21,21,21,2,BR2-IKW902,BR2
10,12010,BR3-IKX204,Virðus,12.0,1,1,900.0,460.0,23,12,23,18,18,23,23,12,18,12,3,BR3-IKW204,BR3
11,12010,BR3-IKX202,Virðus,12.0,1,1,900.0,440.0,23,12,23,18,18,23,23,12,18,12,3,BR3-IKW202,BR3
12,12010,BR2-IKX105,Pertvara,17.0,1,1,427.0,670.0,21,18,21,27,21,30,27,21,21,21,2,BR2-IKW105,BR2
13,12010,BR2-IKX903,Maþas stalèiaus priekis,19.5,2,1,794.0,210.0,27,21,27,21,21,27,27,21,21,18,2,BR2-IKW903,BR2
14,12010,BR2-IRX122,Universalus ðonas,14.0,1,1,566.0,258.0,22,20,22,21,21,21,22,21,21,21,2,BR2-IRW122,BR2
15,12010,BR3-IRX313,Dugnas,14.0,1,1,240.0,305.0,15,15,18,18,18,18,18,15,18,15,3,BR3-IRW313,BR3
16,12010,BR3-IRX215,Virðus,10.0,1,1,1200.0,730.0,15,10,18,18,18,18,18,10,18,10,4,BR3-IRW215,BR3
17,12010,BR3-IRX706,Prilaikymo juosta,18.0,2,2,544.0,159.0,21,18,21,21,20,20,20,20,21,20,2,BR3-IRW706,BR3
18,12010,BR3-IRX901,Durys,18.0,1,1,460.0,320.0,11,14,11,18,12,18,19,12,18,12,2,BR3-IRW901,BR3
19,12010,BR3-ITX201,Virðus,12.0,2,1,806.0,345.0,18,12,18,18,18,18,18,12,18,12,3,BR3-ITW201,BR3
20,12010,BR3-IKX103-D-A,Ðonas,17.0,1,1,374.0,1002.0,21,18,27,27,27,27,27,12,27,21,3,BR3-IKW103-D-A,BR3
21,12010,BR3-ITX106-K,Kairinis ðonas,16.0,1,1,520.0,378.0,24,16,24,24,24,24,24,16,24,24,3,BR3-ITW106-K,BR3
22,12010,BR3-ITX105-K,Kairinis ðonas,14.0,1,1,970.0,247.0,21,14,21,21,21,3,21,14,21,14,3,BR3-ITW105-K,BR3
23,12010,BR3-ITX105-D,Deðininis ðonas,14.0,1,1,970.0,247.0,21,14,21,21,21,3,21,14,21,14,3,BR3-ITW105-D,BR3
24,12010,BR3-ITX303,Dugnas,11.0,1,2,408.5,1710.0,25,11,25,25,25,25,25,11,25,11,3,BR3-ITW303,BR3
25,12010,BR3-ITX204,Virðus,9.0,1,1,1830.0,475.0,26,11,26,26,26,26,26,0,26,11,3,BR3-ITW204,BR3
26,12010,BR3-ITX203,Virðus,11.0,2,1,1830.0,328.0,26,11,26,26,26,26,26,11,26,11,3,BR3-ITW203,BR3
27,12010,BR2-IKX903-1,Maþas stalèiaus priekis dvigubos,18.0,1,1,794.0,206.0,27,21,27,21,21,27,27,21,21,18,2,BR2-IKW903-1,BR2
28,12010,BR3-ITX101-D,Deðininis ðonas,14.0,2,2,796.0,248.0,18,14,18,18,18,18,18,14,18,18,2,BR3-ITW101-D,BR3
29,12010,BR3-IKX103-K-A,Ðonas,17.0,1,1,374.0,1002.0,21,18,27,27,27,27,27,12,27,21,3,BR3-IKW103-K-A,BR3
30,12010,BR3-IRX120-D,Deðininis ðonas,12.0,1,2,566.0,423.0,18,13,18,20,13,15,18,13,20,13,4,BR3-IRW120-D,BR3
31,12010,BR3-IRX121-A,Pertvara,12.0,1,2,566.0,423.0,15,13,18,20,13,13,18,13,20,13,3,BR3-IRW121-A,BR3
32,12010,BR3-IRX120-D-A,Deðininis ðonas,12.0,1,2,566.0,423.0,18,13,18,20,20,13,18,13,20,13,3,BR3-IRW120-D-A,BR3
33,12010,BR3-IRX120-K-A,Kairinis ðonas,12.0,1,2,566.0,423.0,18,13,18,20,13,15,18,13,20,13,4,BR3-IRW120-K-A,BR3
34,12010,BR3-IRX214-A,Virðus,12.0,1,2,900.0,520.0,22,15,21,21,21,21,21,15,21,21,3,BR3-IRW214-A,BR3
35,12010,BR2-IKX106-D,Ðonas,17.0,1,2,688.0,394.0,21,18,21,27,21,30,27,21,21,21,2,BR2-IKW106-D,BR2
36,12010,BR2-IKX106-K,Ðonas,17.0,1,2,688.0,394.0,21,18,21,27,21,30,27,21,21,21,2,BR2-IKW106-K,BR2
37,12010,BR2-IKX106-D-A,Ðonas,17.0,1,2,688.0,394.0,21,18,21,27,21,30,27,21,21,21,2,BR2-IKW106-D-A,BR2
38,12010,BR2-IKX106-K-A,Ðonas,17.0,1,2,688.0,394.0,21,18,21,27,21,30,27,21,21,21,2,BR2-IKW106-K-A,BR2
39,12010,BR2-IKX701-A,Nugarëlë,12.0,1,2,800.0,334.0,23,12,23,18,18,23,23,12,18,12,3,BR2-IKW701-A,BR2
40,12010,BR3-IRX402,Lentyna,16.0,1,2,801.0,519.0,23,18,23,23,18,27,23,18,23,18,3,BR3-IRW402,BR3
41,12010,BR3-IRX121,Pertvara,12.0,1,2,566.0,423.0,18,13,18,20,13,13,18,13,20,13,3,BR3-IRW121,BR3
42,12010,BR3-IRX118-D,Deðininis ðonas,17.0,1,2,724.0,264.0,18,16,18,18,18,18,22,18,18,18,2,BR3-IRW118-D,BR3
43,12010,BR3-IRX118-K,Kairinis ðonas,17.0,1,2,724.0,264.0,18,16,18,18,18,18,22,18,18,18,3,BR3-IRW118-K,BR3
44,12010,BR3-IRX116-D,Deðininis ðonas,17.0,1,1,500.0,264.0,18,18,18,18,18,18,18,18,18,18,3,BR3-IRW116-D,BR3
45,12010,BR3-IRX116-K,Kairinis ðonas,17.0,1,1,500.0,264.0,18,16,18,18,22,18,18,18,22,12,3,BR3-IRW116-K,BR3
46,12010,BR3-IRX311,Dugnas,16.0,1,1,1080.0,312.0,26,20,26,17,18,18,27,17,21,18,2,BR3-IRW311,BR3
47,12010,BR3-IRX213,Virðus,12.0,1,2,800.0,475.0,18,12,18,20,13,13,18,13,20,13,3,BR3-IRW213,BR3
48,12010,BR3-IRX119,Pertvara,19.0,1,2,669.0,308.0,24,20,24,20,18,18,24,20,18,18,2,BR3-IRW119,BR3
49,12010,BR2-IRX903,Durys,11.0,1,2,1697.0,396.0,26,11,26,26,12,18,26,12,26,12,3,BR2-IRW903,BR2
50,12010,BR3-IRX902,Siauros dëþës fasadas,18.0,1,2,600.0,200.0,20,20,18,20,18,18,18,18,18,18,2,BR3-IRW902,BR3
51,12010,BR3-IRX403,Lentyna,18.0,1,2,382.0,519.0,18,18,19,18,19,19,18,19,18,19,2,BR3-IRW403,BR3
52,12010,BR3-IRX305,Dugnas,12.0,1,2,1200.0,505.0,26,20,26,23,18,22,26,15,23,18,3,BR3-IRW305,BR3
53,12010,BR3-IRX205,Virðus,11.0,1,1,1310.0,571.0,26,20,26,18,18,18,22,12,18,12,3,BR3-IRW205,BR3
54,12010,BR3-IRX907,Stalèiaus priekis,16.0,1,2,674.0,200.0,21,16,21,16,18,18,22,16,18,18,2,BR3-IRW907,BR3
55,12010,BR3-IKX202-A,Virðus,12.0,1,1,900.0,440.0,23,12,23,18,18,23,23,12,18,12,3,BR3-IKW202-A,BR3
56,12010,BR2-IKX103-D-A,Ðonas,17.0,1,1,374.0,1002.0,21,18,27,27,27,27,27,12,27,21,3,BR2-IKW103-D-A,BR2
57,12010,BR2-IKX103-K,Ðonas,17.0,1,1,374.0,1002.0,21,18,27,27,27,27,27,12,27,21,3,BR2-IKW103-K,BR2
58,12010,BR3-ITX103-D,Deðininis ðonas,9.0,1,1,1147.0,248.0,18,10,18,18,18,18,18,10,18,18,2,BR3-ITW103-D,BR3
59,12010,BR3-IRX206,Virðus,12.0,1,1,506.0,475.0,11,14,11,18,18,20,20,12,18,20,3,BR3-IRW206,BR3
60,12010,BR3-IRX114-D,Deðininis ðonas,8.0,1,1,806.0,780.0,18,8,18,18,9,9,18,9,18,9,5,BR3-IRW114-D,BR3
61,12010,BR3-IRX214,Virðus,12.0,1,2,900.0,520.0,22,15,21,21,21,21,21,15,21,21,3,BR3-IRW214,BR3
62,12010,BR3-IRX408,Lentyna,20.0,2,2,679.0,285.0,25,20,25,21,21,21,25,21,21,21,2,BR3-IRW408,BR3
63,12010,BR3-IRX115-D,Deðininis ðonas,13.0,1,1,952.0,231.0,22,15,22,22,22,22,22,15,22,22,3,BR3-IRW115-D,BR3
64,12010,BR3-IRX115-K,Kairinis ðonas,13.0,1,1,952.0,231.0,22,15,22,22,22,22,22,15,22,22,3,BR3-IRW115-K,BR3
65,12010,BR3-IRX212,Virðus,12.0,1,1,800.0,475.0,18,12,18,20,13,13,18,13,20,13,3,BR3-IRW212,BR3
66,12010,BR3-IRX211,Virðus,16.0,1,2,800.0,326.0,20,18,20,18,18,18,20,18,18,18,2,BR3-IRW211,BR3
67,12010,BR3-IRX912,Durys,17.0,1,2,684.0,336.0,21,16,21,18,18,18,21,18,18,18,2,BR3-IRW912,BR3
68,12010,BR3-IRX117,Pertvara,18.0,1,2,445.0,308.0,27,16,27,18,18,18,27,16,18,18,3,BR3-IRW117,BR3
69,12010,BR3-IRX114-K,Kairinis ðonas,8.0,1,1,806.0,780.0,18,8,18,18,9,9,18,9,18,9,5,BR3-IRW114-K,BR3
70,12010,BR3-ITX405,Lentyna,20.0,2,2,335.0,408.5,20,10,20,20,20,20,20,10,20,20,3,BR3-ITW405,BR3
71,12010,BR3-IRX310,Dugnas,17.0,1,1,680.0,412.0,18,14,18,21,18,18,18,14,21,14,4,BR3-IRW310,BR3
72,12010,BR3-IRX210,Virðus,12.0,1,2,800.0,475.0,17,13,17,20,13,13,17,13,20,13,3,BR3-IRW210,BR3
73,12010,BR3-IRX406,Lentyna,20.0,2,1,549.0,285.0,22,20,22,21,21,21,22,21,21,21,2,BR3-IRW406,BR3
74,12010,BR3-IRX405,Lentyna,20.0,2,1,550.0,285.0,21,13,21,21,14,14,21,14,21,14,3,BR3-IRW405,BR3
75,12010,BR3-IRX113-K,Kairinis ðonas,8.0,1,1,1775.5,231.0,20,9,20,18,18,18,20,9,18,9,4,BR3-IRW113-K,BR3
76,12010,BR3-IRX113-D,Deðininis ðonas,8.0,1,1,1775.5,231.0,20,9,20,18,18,18,20,9,18,9,4,BR3-IRW113-D,BR3
77,12010,BR3-IRX309,Dugnas,13.0,2,1,550.0,276.0,18,13,18,21,18,18,18,14,21,14,4,BR3-IRW309,BR3
78,12010,BR3-IRX209,Virðus,12.0,1,2,670.0,328.0,18,18,18,18,18,18,18,18,18,18,3,BR3-IRW209,BR3
79,12010,BR3-IRX407,Lentyna,17.0,2,2,679.0,408.0,25,21,25,32,21,21,25,21,32,21,3,BR3-IRW407,BR3
80,12010,BR3-ISX301,Dugnas,18.0,1,2,364.0,329.0,18,18,19,18,19,19,18,19,18,19,2,BR3-ISW301,BR3
81,12010,BR3-ITX106-D,Deðininis ðonas,16.0,1,1,520.0,378.0,24,16,24,24,24,24,24,16,24,24,3,BR3-ITW106-D,BR3
82,12010,BR3-ISX108-K,Kairinis ðonas,12.0,1,1,477.0,783.0,18,13,18,20,20,13,18,13,20,13,3,BR3-ISW108-K,BR3
83,12010,BR3-ISX205,Virðus,10.0,1,1,603.0,1196.0,19,14,19,16,20,26,19,11,16,11,3,BR3-ISW205,BR3
84,12010,BR3-ISX403,Lentyna,18.0,1,2,529.0,364.0,18,22,18,18,0,0,18,12,0,0,3,BR3-ISW403,BR3
85,12010,BR3-ISX107,Pertvara,11.0,1,1,580.0,1879.0,18,22,18,18,0,0,18,12,0,0,3,BR3-ISW107,BR3
86,12010,BR3-ISX106-K,Ðonas,11.0,1,1,580.0,1879.0,29,22,29,18,0,0,29,12,18,12,3,BR3-ISW106-K,BR3
87,12010,BR3-ISX402,Lentyna,18.0,1,2,529.0,764.0,18,22,18,18,0,0,18,12,0,0,3,BR3-ISW402,BR3
88,12010,BR3-ISX208,Virðus,10.0,1,1,500.0,816.0,22,11,22,20,0,0,22,13,16,11,3,BR3-ISW208,BR3
89,12010,BR3-ISX207,Virðus,10.0,1,1,603.0,1196.0,22,11,22,20,0,0,22,13,16,11,3,BR3-ISW207,BR3
90,12010,BR3-ISX109-K,Kairinis ðonas,12.0,1,1,477.0,1008.0,18,13,18,20,20,13,18,13,20,13,3,BR3-ISW109-K,BR3
91,12010,BR3-ISX401,Lentyna,18.0,1,2,364.0,349.0,18,18,19,18,19,19,18,19,18,19,2,BR3-ISW401,BR3
92,12010,BR3-ISX101-D,Deðininis ðonas,14.0,2,2,529.0,375.0,18,14,18,18,18,18,18,14,18,18,2,BR3-ISW101-D,BR3
93,12010,BR3-ISX101-K,Kairinis ðonas,14.0,2,2,529.0,375.0,18,14,18,18,18,18,18,14,18,18,2,BR3-ISW101-K,BR3
94,12010,BR3-ISX201,Virðus,16.0,1,2,416.0,403.0,17,17,17,17,17,17,17,17,17,17,2,BR3-ISW201,BR3
95,12010,BR3-ISX703,Nugarëlë didelë,19.0,1,1,160.0,1288.0,19,15,28,19,0,0,28,19,0,0,2,BR3-ISW703,BR3
96,12010,BR3-ISX702,Nugarëlë maþa,19.0,1,1,160.0,598.0,19,15,28,19,0,0,28,19,0,0,2,BR3-ISW702,BR3
97,12010,BR3-ISX701,Nugarëlë didelë,19.0,1,2,160.0,1388.0,19,15,28,19,19,19,28,19,19,19,2,BR3-ISW701,BR3
98,12010,BR3-ISX902,Fasadas didelis,16.0,1,1,200.0,1390.0,32,20,32,17,17,35,32,17,17,17,2,BR3-ISW902,BR3
99,12010,BR3-ISX106-D,Ðonas,11.0,1,1,580.0,1879.0,29,22,29,18,0,0,29,12,18,12,3,BR3-ISW106-D,BR3
100,12010,BR2-IKX103-D,Ðonas,17.0,1,1,374.0,1002.0,21,18,27,27,27,27,27,12,27,21,3,BR2-IKW103-D,BR2
101,12010,BR3-ISX306,Dugnas,11.0,1,2,531.0,1144.0,20,12,20,18,0,0,18,12,0,0,3,BR3-ISW306,BR3
102,12010,BR3-IRX903,Durys,11.0,1,2,1697.0,396.0,26,11,26,26,12,18,26,12,26,12,3,BR3-IRW903,BR3
103,12010,BR3-IRX412-A,Lentyna,20.0,1,1,240.0,305.0,18,16,20,20,0,0,20,14,0,0,2,BR3-IRW412-A,BR3
104,12010,BR3-IRX215-A,Virðus,10.0,1,1,1200.0,730.0,15,10,18,18,18,18,18,10,18,10,4,BR3-IRW215-A,BR3
105,12010,BR3-IKX105,Pertvara,17.0,1,1,427.0,670.0,21,18,21,27,21,30,27,21,21,21,2,BR3-IKW105,BR3
106,12010,BR2-IKX901,Stalèiaus priekis,19.5,1,1,794.0,206.0,27,21,27,21,21,30,27,21,21,21,2,BR2-IKW901,BR2
107,12010,BR2-IKX101-K,Ðonas,17.0,1,2,688.0,374.0,21,18,21,27,21,30,27,21,21,21,2,BR2-IKW101-K,BR2
108,12010,BR3-ISX108-D,Deðininis ðonas,12.0,1,1,477.0,783.0,18,13,18,20,20,13,18,13,20,13,3,BR3-ISW108-D,BR3
109,12010,BR2-IKX103-K-A,Ðonas,17.0,1,1,374.0,1002.0,21,18,27,27,27,27,27,12,27,21,3,BR2-IKW103-K-A,BR2
110,12010,BR3-ITX703,Nugarëlë,15.0,1,2,970.0,475.0,22,15,22,22,22,22,22,15,22,22,3,BR3-ITW703,BR3
111,12010,BR3-ISX704,Nugarëlë,16.0,2,1,223.0,764.0,19,20,19,17,17,20,19,17,17,17,2,BR3-ISW704,BR3
112,12010,BR3-ISX112,Pertvara,16.0,1,1,256.0,425.5,19,20,19,17,17,20,19,17,17,17,2,BR3-ISW112,BR3
113,12010,BR3-ISX110,Pertvara,12.0,1,1,456.0,783.0,18,13,18,20,20,13,18,13,20,13,3,BR3-ISW110,BR3
114,12010,BR3-ISX111-K,Kairinis ðonas,12.0,1,1,477.0,1233.0,18,13,18,20,20,13,18,13,20,13,3,BR3-ISW111-K,BR3
115,12010,BR3-ISX111-D,Deðininis ðonas,12.0,1,1,477.0,1233.0,18,13,18,20,20,13,18,13,20,13,3,BR3-ISW111-D,BR3
116,12010,BR3-ISX113-K,Kairinis ðonas,12.0,1,1,477.0,783.0,18,13,18,20,20,13,18,13,20,13,3,BR3-ISW113-K,BR3
117,12010,BR3-ISX113-D,Deðininis ðonas,12.0,1,1,477.0,783.0,18,13,18,20,20,13,18,13,20,13,3,BR3-ISW113-D,BR3
118,12010,BR3-ISX109-D,Deðininis ðonas,12.0,1,1,477.0,1008.0,18,13,18,20,20,13,18,13,20,13,3,BR3-ISW109-D,BR3
119,12010,BR2-IKX101-D,Ðonas,17.0,1,2,688.0,374.0,21,18,21,27,21,30,27,21,21,21,2,BR2-IKW101-D,BR2
120,12010,BR3-ITX402,Lentyna,20.0,2,2,335.0,278.0,20,10,20,20,20,20,20,10,20,20,3,BR3-ITW402,BR3
121,12010,BR3-IKX103-K,Ðonas,17.0,1,1,374.0,1002.0,21,18,27,27,27,27,27,12,27,21,3,BR3-IKW103-K,BR3
122,12010,BR3-IKX103-D,Ðonas,17.0,1,1,374.0,1002.0,21,18,27,27,27,27,27,12,27,21,3,BR3-IKW103-D,BR3
123,12010,BR2-IKX301-A,Dugnas,12.0,1,1,800.0,369.0,23,12,23,18,18,23,23,12,18,12,3,BR2-IKW301-A,BR2
124,12010,BR3-ITX403,Lentyna,20.0,2,2,275.0,335.0,20,10,20,20,20,20,20,10,20,20,3,BR3-ITW403,BR3
125,12010,BR3-IRX313-A,Dugnas,14.0,1,1,240.0,305.0,15,15,18,18,18,18,18,15,18,15,3,BR3-IRW313-A,BR3
126,12010,BR3-IRX122-A,Universalus ðonas,14.0,1,1,566.0,258.0,22,20,22,21,21,21,22,21,21,21,2,BR3-IRW122-A,BR3
127,12010,BR3-IKX702-A,Nugarëlë,18.0,1,2,800.0,334.0,23,12,23,18,18,23,23,12,18,12,3,BR3-IKW702-A,BR3
128,12010,BR3-ISX903,Fasadas didelis,16.0,1,1,200.0,600.0,19,20,19,17,17,20,19,17,17,17,2,BR3-ISW903,BR3
129,12010,BR3-IRX706-A,Prilaikymo juosta,18.0,2,2,544.0,159.0,21,18,21,21,20,20,20,20,21,20,2,BR3-IRW706-A,BR3
130,12010,BR3-ISX305,Kojûgalis,12.0,1,2,378.0,1438.0,24,12,24,12,12,12,24,12,12,12,2,BR3-ISW305,BR3
131,12010,BR2-IKX903-A,Maþas stalèiaus priekis,19.5,2,1,794.0,210.0,27,21,27,21,21,27,27,21,21,18,2,BR2-IKW903-A,BR2
132,12010,BR2-IKX902-A,Stalèiaus priekis,19.5,1,1,794.0,206.0,27,21,27,21,21,30,27,21,21,21,2,BR2-IKW902-A,BR2
133,12010,BR2-IKX902-1,Maþas stalèiaus priekis dvigubos,18.0,1,1,794.0,206.0,27,21,27,21,21,27,27,21,21,18,2,BR2-IKW902-1,BR2
134,12010,BR3-IKX702-A,Nugarëlë,14.0,1,2,800.0,334.0,23,12,23,18,18,23,23,12,18,12,3,BR3-IKW702-A,BR3
135,12010,BR2-IKX702-A,Nugarëlë,14.0,1,2,800.0,334.0,23,12,23,18,18,23,23,12,18,12,3,BR2-IKW702-A,BR2
136,12010,BR3-IKX702,Nugarëlë,18.0,1,2,800.0,334.0,23,12,23,18,18,23,23,12,18,12,3,BR3-IKW702,BR3
137,12010,BR3-ITX404,Lentyna,20.0,2,2,442.0,408.5,20,10,20,20,20,20,20,10,20,20,3,BR3-ITW404,BR3
138,12010,BR3-ITX107,Pertvara,14.0,2,2,970.0,278.0,20,14,20,20,0,0,20,14,0,0,3,BR3-ITW107,BR3
139,12010,BR3-IKX204-A,Virðus,12.0,1,1,900.0,460.0,23,12,23,18,18,23,23,12,18,12,3,BR3-IKW204-A,BR3
140,12010,BR3-ISX607,Apatinë jungiamoji juosta,9.0,1,1,1554.0,180.0,18,9,18,9,9,9,18,9,9,9,2,BR3-ISW607,BR3
141,12010,BR3-ITX108,Pertvara,18.0,2,2,408.5,465.0,18,18,18,18,20,35,18,18,18,18,2,BR3-ITW108,BR3
142,12010,BR3-ISX209,Virðus,10.0,1,1,500.0,816.0,22,11,22,20,0,0,22,13,16,11,3,BR3-ISW209,BR3
143,12010,BR3-ISX206,Virðus,10.0,1,1,500.0,816.0,15,11,15,16,0,0,15,11,16,11,3,BR3-ISW206,BR3
144,12010,BR2-IKX301,Dugnas,12.0,2,2,800.0,369.0,24,20,24,24,0,0,24,20,0,0,4,BR2-IKW301,BR2
145,12010,BR2-IKX701,Nugarëlë,12.0,2,2,800.0,334.0,24,20,24,24,0,0,24,20,0,0,4,BR2-IKW701,BR2
146,12010,BR2-IKX702,Nugarëlë,12.0,2,2,800.0,334.0,24,20,24,24,0,0,24,20,0,0,4,BR2-IKW702,BR2
147,12010,BR3-ISX304,Kojûgalis,12.0,1,2,378.0,1284.0,24,12,24,12,12,12,24,12,12,12,2,BR3-ISW304,BR3
148,12010,BR3-ISX102,Ðonas,11.0,1,1,2002.0,180.0,28,12,28,16,16,35,28,12,16,12,3,BR3-ISW102,BR3
149,12010,BR2-IRX122-A,Universalus ðonas,14.0,1,1,566.0,258.0,22,20,22,21,21,21,22,21,21,21,2,BR2-IRW122-A,BR2
150,12010,BR3-ISX604,Apatinë jungiamoji juosta,9.0,1,1,1354.0,180.0,18,9,18,9,9,9,18,9,9,9,2,BR3-ISW604,BR3
151,12010,BR3-ITX107,Pertvara,14.0,2,2,970.0,278.0,20,14,20,20,0,0,20,14,0,0,3,BR3-ITW107,BR3
152,12010,BR3-ISX610,Apatinë jungiamoji juosta,9.0,1,1,1300.0,180.0,18,9,18,9,9,9,18,9,9,9,2,BR3-ISW610,BR3
153,12010,BR3-ISX613,Apatinë jungiamoji juosta,9.0,1,1,1454.0,180.0,18,9,18,9,9,9,18,9,9,9,2,BR3-ISW613,BR3
154,12010,BR3-ISX202,Galvûgalis,14.0,1,2,578.0,455.0,20,15,20,20,20,20,20,15,20,15,0,BR3-ISW202,BR3
155,12010,BR3-ISX203,Galvûgalis,14.0,1,2,670.0,455.0,20,15,20,20,20,20,20,15,20,15,0,BR3-ISW203,BR3
156,12010,BR3-ISX204,Galvûgalis,14.0,1,2,658.0,455.0,20,15,20,20,20,20,20,15,20,15,0,BR3-ISW204,BR3
157,12010,BR3-ISX302,Kojûgalis,12.0,1,2,378.0,1338.0,24,12,24,12,0,0,24,12,0,0,2,BR3-ISW302,BR3
158,12010,BR3-ISX303,Kojûgalis,12.0,1,2,378.0,1538.0,24,12,24,12,0,0,24,12,0,0,2,BR3-ISW303,BR3
159,12010,BR3-ISX904,Fasadas didelis,19.0,1,1,200.0,1290.0,32,20,32,17,17,35,32,17,17,17,2,BR3-ISW904,BR3
160,12010,BR3-ISX103,Ðonas,11.0,1,1,1902.0,180.0,28,12,28,16,16,35,28,12,16,12,3,BR3-ISW103,BR3
161,12010,BR3-IKX203,Virðus,12.0,1,1,1718.0,440.0,27,12,27,18,18,27,27,12,18,12,3,BR3-IKB203,BR3
162,12010,BR3-IRX120-K,Kairinis ðonas,12.0,1,2,566.0,423.0,18,13,18,20,20,13,18,13,20,13,3,BR3-IRB120-K,BR3
163,12010,BR3-ITX101-K,Kairinis ðonas,14.0,2,2,796.0,248.0,18,14,18,18,18,18,18,14,18,18,2,BR3-ITB101-K,BR3
164,12010,BR3-ITX302,Dugnas,13.0,2,2,1037.0,295.0,21,14,21,21,21,21,21,14,21,14,3,BR3-ITB302,BR3
165,12010,BR3-ITX301,Dugnas,14.0,2,2,686.0,295.0,24,18,22,27,25,32,22,18,27,18,3,BR3-ITB301,BR3
166,12010,BR3-ITX104,Pertvara,13.0,2,2,1092.0,295.0,18,10,18,18,18,18,18,10,18,18,2,BR3-ITB104,BR3
167,12010,BR3-ITX102,Pertvara,14.0,2,2,741.0,295.0,18,14,18,18,18,18,18,14,18,18,2,BR3-ITB102,BR3
168,12010,BR3-ITX202,Virðus,13.0,2,1,1157.0,345.0,22,13,22,22,22,22,22,13,22,13,3,BR3-ITB202,BR3
169,12010,BR3-ITX103-K,Kairinis ðonas,9.0,1,1,1147.0,248.0,18,10,18,18,18,18,18,10,18,18,2,BR3-ITB103-K,BR3
170,12010,BR2-IKX902,Stalèiaus priekis,19.5,1,1,794.0,206.0,27,21,27,21,21,30,27,21,21,21,2,BR2-IKB902,BR2
171,12010,BR3-IKX204,Virðus,12.0,1,1,900.0,460.0,23,12,23,18,18,23,23,12,18,12,3,BR3-IKB204,BR3
172,12010,BR3-IKX202,Virðus,12.0,1,1,900.0,440.0,23,12,23,18,18,23,23,12,18,12,3,BR3-IKB202,BR3
173,12010,BR2-IKX105,Pertvara,17.0,1,1,427.0,670.0,21,18,21,27,21,30,27,21,21,21,2,BR2-IKB105,BR2
174,12010,BR2-IKX903,Maþas stalèiaus priekis,19.5,2,1,794.0,210.0,27,21,27,21,21,27,27,21,21,18,2,BR2-IKB903,BR2
175,12010,BR2-IRX122,Universalus ðonas,14.0,1,1,566.0,258.0,22,20,22,21,21,21,22,21,21,21,2,BR2-IRB122,BR2
176,12010,BR3-IRX313,Dugnas,14.0,1,1,240.0,305.0,15,15,18,18,18,18,18,15,18,15,3,BR3-IRB313,BR3
177,12010,BR3-IRX215,Virðus,10.0,1,1,1200.0,730.0,15,10,18,18,18,18,18,10,18,10,4,BR3-IRB215,BR3
178,12010,BR3-IRX706,Prilaikymo juosta,18.0,2,2,544.0,159.0,21,18,21,21,20,20,20,20,21,20,2,BR3-IRB706,BR3
179,12010,BR3-IRX901,Durys,18.0,1,1,460.0,320.0,11,14,11,18,12,18,19,12,18,12,2,BR3-IRB901,BR3
180,12010,BR3-ITX201,Virðus,12.0,2,1,806.0,345.0,18,12,18,18,18,18,18,12,18,12,3,BR3-ITB201,BR3
181,12010,BR3-IKX103-D-A,Ðonas,17.0,1,1,374.0,1002.0,21,18,27,27,27,27,27,12,27,21,3,BR3-IKB103-D-A,BR3
182,12010,BR3-ITX106-K,Kairinis ðonas,16.0,1,1,520.0,378.0,24,16,24,24,24,24,24,16,24,24,3,BR3-ITB106-K,BR3
183,12010,BR3-ITX105-K,Kairinis ðonas,14.0,1,1,970.0,247.0,21,14,21,21,21,3,21,14,21,14,3,BR3-ITB105-K,BR3
184,12010,BR3-ITX105-D,Deðininis ðonas,14.0,1,1,970.0,247.0,21,14,21,21,21,3,21,14,21,14,3,BR3-ITB105-D,BR3
185,12010,BR3-ITX303,Dugnas,11.0,1,2,408.5,1710.0,25,11,25,25,25,25,25,11,25,11,3,BR3-ITB303,BR3
186,12010,BR3-ITX204,Virðus,9.0,1,1,1830.0,475.0,26,11,26,26,26,26,26,0,26,11,3,BR3-ITB204,BR3
187,12010,BR3-ITX203,Virðus,11.0,2,1,1830.0,328.0,26,11,26,26,26,26,26,11,26,11,3,BR3-ITB203,BR3
188,12010,BR2-IKX903-1,Maþas stalèiaus priekis dvigubos,18.0,1,1,794.0,206.0,27,21,27,21,21,27,27,21,21,18,2,BR2-IKB903-1,BR2
189,12010,BR3-ITX101-D,Deðininis ðonas,14.0,2,2,796.0,248.0,18,14,18,18,18,18,18,14,18,18,2,BR3-ITB101-D,BR3
190,12010,BR3-IKX103-K-A,Ðonas,17.0,1,1,374.0,1002.0,21,18,27,27,27,27,27,12,27,21,3,BR3-IKB103-K-A,BR3
191,12010,BR3-IRX120-D,Deðininis ðonas,12.0,1,2,566.0,423.0,18,13,18,20,13,15,18,13,20,13,4,BR3-IRB120-D,BR3
192,12010,BR3-IRX121-A,Pertvara,12.0,1,2,566.0,423.0,15,13,18,20,13,13,18,13,20,13,3,BR3-IRB121-A,BR3
193,12010,BR3-IRX120-D-A,Deðininis ðonas,12.0,1,2,566.0,423.0,18,13,18,20,20,13,18,13,20,13,3,BR3-IRB120-D-A,BR3
194,12010,BR3-IRX120-K-A,Kairinis ðonas,12.0,1,2,566.0,423.0,18,13,18,20,13,15,18,13,20,13,4,BR3-IRB120-K-A,BR3
195,12010,BR3-IRX214-A,Virðus,12.0,1,2,900.0,520.0,22,15,21,21,21,21,21,15,21,21,3,BR3-IRB214-A,BR3
196,12010,BR2-IKX106-D,Ðonas,17.0,1,2,688.0,394.0,21,18,21,27,21,30,27,21,21,21,2,BR2-IKB106-D,BR2
197,12010,BR2-IKX106-K,Ðonas,17.0,1,2,688.0,394.0,21,18,21,27,21,30,27,21,21,21,2,BR2-IKB106-K,BR2
198,12010,BR2-IKX106-D-A,Ðonas,17.0,1,2,688.0,394.0,21,18,21,27,21,30,27,21,21,21,2,BR2-IKB106-D-A,BR2
199,12010,BR2-IKX106-K-A,Ðonas,17.0,1,2,688.0,394.0,21,18,21,27,21,30,27,21,21,21,2,BR2-IKB106-K-A,BR2
200,12010,BR2-IKX701-A,Nugarëlë,12.0,1,2,800.0,334.0,23,12,23,18,18,23,23,12,18,12,3,BR2-IKB701-A,BR2
201,12010,BR3-IRX402,Lentyna,16.0,1,2,801.0,519.0,23,18,23,23,18,27,23,18,23,18,3,BR3-IRB402,BR3
202,12010,BR3-IRX121,Pertvara,12.0,1,2,566.0,423.0,18,13,18,20,13,13,18,13,20,13,3,BR3-IRB121,BR3
203,12010,BR3-IRX118-D,Deðininis ðonas,17.0,1,2,724.0,264.0,18,16,18,18,18,18,22,18,18,18,2,BR3-IRB118-D,BR3
204,12010,BR3-IRX118-K,Kairinis ðonas,17.0,1,2,724.0,264.0,18,16,18,18,18,18,22,18,18,18,3,BR3-IRB118-K,BR3
205,12010,BR3-IRX116-D,Deðininis ðonas,17.0,1,1,500.0,264.0,18,18,18,18,18,18,18,18,18,18,3,BR3-IRB116-D,BR3
206,12010,BR3-IRX116-K,Kairinis ðonas,17.0,1,1,500.0,264.0,18,16,18,18,22,18,18,18,22,12,3,BR3-IRB116-K,BR3
207,12010,BR3-IRX311,Dugnas,16.0,1,1,1080.0,312.0,26,20,26,17,18,18,27,17,21,18,2,BR3-IRB311,BR3
208,12010,BR3-IRX213,Virðus,12.0,1,2,800.0,475.0,18,12,18,20,13,13,18,13,20,13,3,BR3-IRB213,BR3
209,12010,BR3-IRX119,Pertvara,19.0,1,2,669.0,308.0,24,20,24,20,18,18,24,20,18,18,2,BR3-IRB119,BR3
210,12010,BR2-IRX903,Durys,11.0,1,2,1697.0,396.0,26,11,26,26,12,18,26,12,26,12,3,BR2-IRB903,BR2
211,12010,BR3-IRX902,Siauros dëþës fasadas,18.0,1,2,600.0,200.0,20,20,18,20,18,18,18,18,18,18,2,BR3-IRB902,BR3
212,12010,BR3-IRX403,Lentyna,18.0,1,2,382.0,519.0,18,18,19,18,19,19,18,19,18,19,2,BR3-IRB403,BR3
213,12010,BR3-IRX305,Dugnas,12.0,1,2,1200.0,505.0,26,20,26,23,18,22,26,15,23,18,3,BR3-IRB305,BR3
214,12010,BR3-IRX205,Virðus,11.0,1,1,1310.0,571.0,26,20,26,18,18,18,22,12,18,12,3,BR3-IRB205,BR3
215,12010,BR3-IRX907,Stalèiaus priekis,16.0,1,2,674.0,200.0,21,16,21,16,18,18,22,16,18,18,2,BR3-IRB907,BR3
216,12010,BR3-IKX202-A,Virðus,12.0,1,1,900.0,440.0,23,12,23,18,18,23,23,12,18,12,3,BR3-IKB202-A,BR3
217,12010,BR2-IKX103-D-A,Ðonas,17.0,1,1,374.0,1002.0,21,18,27,27,27,27,27,12,27,21,3,BR2-IKB103-D-A,BR2
218,12010,BR2-IKX103-K,Ðonas,17.0,1,1,374.0,1002.0,21,18,27,27,27,27,27,12,27,21,3,BR2-IKB103-K,BR2
219,12010,BR3-ITX103-D,Deðininis ðonas,9.0,1,1,1147.0,248.0,18,10,18,18,18,18,18,10,18,18,2,BR3-ITB103-D,BR3
220,12010,BR3-IRX206,Virðus,12.0,1,1,506.0,475.0,11,14,11,18,18,20,20,12,18,20,3,BR3-IRB206,BR3
221,12010,BR3-IRX114-D,Deðininis ðonas,8.0,1,1,806.0,780.0,18,8,18,18,9,9,18,9,18,9,5,BR3-IRB114-D,BR3
222,12010,BR3-IRX214,Virðus,12.0,1,2,900.0,520.0,22,15,21,21,21,21,21,15,21,21,3,BR3-IRB214,BR3
223,12010,BR3-IRX408,Lentyna,20.0,2,2,679.0,285.0,25,20,25,21,21,21,25,21,21,21,2,BR3-IRB408,BR3
224,12010,BR3-IRX115-D,Deðininis ðonas,13.0,1,1,952.0,231.0,22,15,22,22,22,22,22,15,22,22,3,BR3-IRB115-D,BR3
225,12010,BR3-IRX115-K,Kairinis ðonas,13.0,1,1,952.0,231.0,22,15,22,22,22,22,22,15,22,22,3,BR3-IRB115-K,BR3
226,12010,BR3-IRX212,Virðus,12.0,1,1,800.0,475.0,18,12,18,20,13,13,18,13,20,13,3,BR3-IRB212,BR3
227,12010,BR3-IRX211,Virðus,16.0,1,2,800.0,326.0,20,18,20,18,18,18,20,18,18,18,2,BR3-IRB211,BR3
228,12010,BR3-IRX912,Durys,17.0,1,2,684.0,336.0,21,16,21,18,18,18,21,18,18,18,2,BR3-IRB912,BR3
229,12010,BR3-IRX117,Pertvara,18.0,1,2,445.0,308.0,27,16,27,18,18,18,27,16,18,18,3,BR3-IRB117,BR3
230,12010,BR3-IRX114-K,Kairinis ðonas,8.0,1,1,806.0,780.0,18,8,18,18,9,9,18,9,18,9,5,BR3-IRB114-K,BR3
231,12010,BR3-ITX405,Lentyna,20.0,2,2,335.0,408.5,20,10,20,20,20,20,20,10,20,20,3,BR3-ITB405,BR3
232,12010,BR3-IRX310,Dugnas,17.0,1,1,680.0,412.0,18,14,18,21,18,18,18,14,21,14,4,BR3-IRB310,BR3
233,12010,BR3-IRX210,Virðus,12.0,1,2,800.0,475.0,17,13,17,20,13,13,17,13,20,13,3,BR3-IRB210,BR3
234,12010,BR3-IRX406,Lentyna,20.0,2,1,549.0,285.0,22,20,22,21,21,21,22,21,21,21,2,BR3-IRB406,BR3
235,12010,BR3-IRX405,Lentyna,20.0,2,1,550.0,285.0,21,13,21,21,14,14,21,14,21,14,3,BR3-IRB405,BR3
236,12010,BR3-IRX113-K,Kairinis ðonas,8.0,1,1,1775.5,231.0,20,9,20,18,18,18,20,9,18,9,4,BR3-IRB113-K,BR3
237,12010,BR3-IRX113-D,Deðininis ðonas,8.0,1,1,1775.5,231.0,20,9,20,18,18,18,20,9,18,9,4,BR3-IRB113-D,BR3
238,12010,BR3-IRX309,Dugnas,13.0,2,1,550.0,276.0,18,13,18,21,18,18,18,14,21,14,4,BR3-IRB309,BR3
239,12010,BR3-IRX209,Virðus,12.0,1,2,670.0,328.0,18,18,18,18,18,18,18,18,18,18,3,BR3-IRB209,BR3
240,12010,BR3-IRX407,Lentyna,17.0,2,2,679.0,408.0,25,21,25,32,21,21,25,21,32,21,3,BR3-IRB407,BR3
241,12010,BR3-ISX301,Dugnas,18.0,1,2,364.0,329.0,18,18,19,18,19,19,18,19,18,19,2,BR3-ISB301,BR3
242,12010,BR3-ITX106-D,Deðininis ðonas,16.0,1,1,520.0,378.0,24,16,24,24,24,24,24,16,24,24,3,BR3-ITB106-D,BR3
243,12010,BR3-ISX108-K,Kairinis ðonas,12.0,1,1,477.0,783.0,18,13,18,20,20,13,18,13,20,13,3,BR3-ISB108-K,BR3
244,12010,BR3-ISX205,Virðus,10.0,1,1,603.0,1196.0,19,14,19,16,20,26,19,11,16,11,3,BR3-ISB205,BR3
245,12010,BR3-ISX403,Lentyna,18.0,1,2,529.0,364.0,18,22,18,18,0,0,18,12,0,0,3,BR3-ISB403,BR3
246,12010,BR3-ISX107,Pertvara,11.0,1,1,580.0,1879.0,18,22,18,18,0,0,18,12,0,0,3,BR3-ISB107,BR3
247,12010,BR3-ISX106-K,Ðonas,11.0,1,1,580.0,1879.0,29,22,29,18,0,0,29,12,18,12,3,BR3-ISB106-K,BR3
248,12010,BR3-ISX402,Lentyna,18.0,1,2,529.0,764.0,18,22,18,18,0,0,18,12,0,0,3,BR3-ISB402,BR3
249,12010,BR3-ISX208,Virðus,10.0,1,1,500.0,816.0,22,11,22,20,0,0,22,13,16,11,3,BR3-ISB208,BR3
250,12010,BR3-ISX207,Virðus,10.0,1,1,603.0,1196.0,22,11,22,20,0,0,22,13,16,11,3,BR3-ISB207,BR3
251,12010,BR3-ISX109-K,Kairinis ðonas,12.0,1,1,477.0,1008.0,18,13,18,20,20,13,18,13,20,13,3,BR3-ISB109-K,BR3
252,12010,BR3-ISX401,Lentyna,18.0,1,2,364.0,349.0,18,18,19,18,19,19,18,19,18,19,2,BR3-ISB401,BR3
253,12010,BR3-ISX101-D,Deðininis ðonas,14.0,2,2,529.0,375.0,18,14,18,18,18,18,18,14,18,18,2,BR3-ISB101-D,BR3
254,12010,BR3-ISX101-K,Kairinis ðonas,14.0,2,2,529.0,375.0,18,14,18,18,18,18,18,14,18,18,2,BR3-ISB101-K,BR3
255,12010,BR3-ISX201,Virðus,16.0,1,2,416.0,403.0,17,17,17,17,17,17,17,17,17,17,2,BR3-ISB201,BR3
256,12010,BR3-ISX703,Nugarëlë didelë,19.0,1,1,160.0,1288.0,19,15,28,19,0,0,28,19,0,0,2,BR3-ISB703,BR3
257,12010,BR3-ISX702,Nugarëlë maþa,19.0,1,1,160.0,598.0,19,15,28,19,0,0,28,19,0,0,2,BR3-ISB702,BR3
258,12010,BR3-ISX701,Nugarëlë didelë,19.0,1,2,160.0,1388.0,19,15,28,19,19,19,28,19,19,19,2,BR3-ISB701,BR3
259,12010,BR3-ISX902,Fasadas didelis,16.0,1,1,200.0,1390.0,32,20,32,17,17,35,32,17,17,17,2,BR3-ISB902,BR3
260,12010,BR3-ISX106-D,Ðonas,11.0,1,1,580.0,1879.0,29,22,29,18,0,0,29,12,18,12,3,BR3-ISB106-D,BR3
261,12010,BR2-IKX103-D,Ðonas,17.0,1,1,374.0,1002.0,21,18,27,27,27,27,27,12,27,21,3,BR2-IKB103-D,BR2
262,12010,BR3-ISX306,Dugnas,11.0,1,2,531.0,1144.0,20,12,20,18,0,0,18,12,0,0,3,BR3-ISB306,BR3
263,12010,BR3-IRX903,Durys,11.0,1,2,1697.0,396.0,26,11,26,26,12,18,26,12,26,12,3,BR3-IRB903,BR3
264,12010,BR3-IRX412-A,Lentyna,20.0,1,1,240.0,305.0,18,16,20,20,0,0,20,14,0,0,2,BR3-IRB412-A,BR3
265,12010,BR3-IRX215-A,Virðus,10.0,1,1,1200.0,730.0,15,10,18,18,18,18,18,10,18,10,4,BR3-IRB215-A,BR3
266,12010,BR3-IKX105,Pertvara,17.0,1,1,427.0,670.0,21,18,21,27,21,30,27,21,21,21,2,BR3-IKB105,BR3
267,12010,BR2-IKX901,Stalèiaus priekis,19.5,1,1,794.0,206.0,27,21,27,21,21,30,27,21,21,21,2,BR2-IKB901,BR2
268,12010,BR2-IKX101-K,Ðonas,17.0,1,2,688.0,374.0,21,18,21,27,21,30,27,21,21,21,2,BR2-IKB101-K,BR2
269,12010,BR3-ISX108-D,Deðininis ðonas,12.0,1,1,477.0,783.0,18,13,18,20,20,13,18,13,20,13,3,BR3-ISB108-D,BR3
270,12010,BR2-IKX103-K-A,Ðonas,17.0,1,1,374.0,1002.0,21,18,27,27,27,27,27,12,27,21,3,BR2-IKB103-K-A,BR2
271,12010,BR3-ITX703,Nugarëlë,15.0,1,2,970.0,475.0,22,15,22,22,22,22,22,15,22,22,3,BR3-ITB703,BR3
272,12010,BR3-ISX704,Nugarëlë,16.0,2,1,223.0,764.0,19,20,19,17,17,20,19,17,17,17,2,BR3-ISB704,BR3
273,12010,BR3-ISX112,Pertvara,16.0,1,1,256.0,425.5,19,20,19,17,17,20,19,17,17,17,2,BR3-ISB112,BR3
274,12010,BR3-ISX110,Pertvara,12.0,1,1,456.0,783.0,18,13,18,20,20,13,18,13,20,13,3,BR3-ISB110,BR3
275,12010,BR3-ISX111-K,Kairinis ðonas,12.0,1,1,477.0,1233.0,18,13,18,20,20,13,18,13,20,13,3,BR3-ISB111-K,BR3
276,12010,BR3-ISX111-D,Deðininis ðonas,12.0,1,1,477.0,1233.0,18,13,18,20,20,13,18,13,20,13,3,BR3-ISB111-D,BR3
277,12010,BR3-ISX113-K,Kairinis ðonas,12.0,1,1,477.0,783.0,18,13,18,20,20,13,18,13,20,13,3,BR3-ISB113-K,BR3
278,12010,BR3-ISX113-D,Deðininis ðonas,12.0,1,1,477.0,783.0,18,13,18,20,20,13,18,13,20,13,3,BR3-ISB113-D,BR3
279,12010,BR3-ISX109-D,Deðininis ðonas,12.0,1,1,477.0,1008.0,18,13,18,20,20,13,18,13,20,13,3,BR3-ISB109-D,BR3
280,12010,BR2-IKX101-D,Ðonas,17.0,1,2,688.0,374.0,21,18,21,27,21,30,27,21,21,21,2,BR2-IKB101-D,BR2
281,12010,BR3-ITX402,Lentyna,20.0,2,2,335.0,278.0,20,10,20,20,20,20,20,10,20,20,3,BR3-ITB402,BR3
282,12010,BR3-IKX103-K,Ðonas,17.0,1,1,374.0,1002.0,21,18,27,27,27,27,27,12,27,21,3,BR3-IKB103-K,BR3
283,12010,BR3-IKX103-D,Ðonas,17.0,1,1,374.0,1002.0,21,18,27,27,27,27,27,12,27,21,3,BR3-IKB103-D,BR3
284,12010,BR2-IKX301-A,Dugnas,12.0,1,1,800.0,369.0,23,12,23,18,18,23,23,12,18,12,3,BR2-IKB301-A,BR2
285,12010,BR3-ITX403,Lentyna,20.0,2,2,275.0,335.0,20,10,20,20,20,20,20,10,20,20,3,BR3-ITB403,BR3
286,12010,BR3-IRX313-A,Dugnas,14.0,1,1,240.0,305.0,15,15,18,18,18,18,18,15,18,15,3,BR3-IRB313-A,BR3
287,12010,BR3-IRX122-A,Universalus ðonas,14.0,1,1,566.0,258.0,22,20,22,21,21,21,22,21,21,21,2,BR3-IRB122-A,BR3
288,12010,BR3-IKX702-A,Nugarëlë,18.0,1,2,800.0,334.0,23,12,23,18,18,23,23,12,18,12,3,BR3-IKB702-A,BR3
289,12010,BR3-ISX903,Fasadas didelis,16.0,1,1,200.0,600.0,19,20,19,17,17,20,19,17,17,17,2,BR3-ISB903,BR3
290,12010,BR3-IRX706-A,Prilaikymo juosta,18.0,2,2,544.0,159.0,21,18,21,21,20,20,20,20,21,20,2,BR3-IRB706-A,BR3
291,12010,BR3-ISX305,Kojûgalis,12.0,1,2,378.0,1438.0,24,12,24,12,12,12,24,12,12,12,2,BR3-ISB305,BR3
292,12010,BR2-IKX903-A,Maþas stalèiaus priekis,19.5,2,1,794.0,210.0,27,21,27,21,21,27,27,21,21,18,2,BR2-IKB903-A,BR2
293,12010,BR2-IKX902-A,Stalèiaus priekis,19.5,1,1,794.0,206.0,27,21,27,21,21,30,27,21,21,21,2,BR2-IKB902-A,BR2
294,12010,BR2-IKX902-1,Maþas stalèiaus priekis dvigubos,18.0,1,1,794.0,206.0,27,21,27,21,21,27,27,21,21,18,2,BR2-IKB902-1,BR2
295,12010,BR3-IKX702-A,Nugarëlë,14.0,1,2,800.0,334.0,23,12,23,18,18,23,23,12,18,12,3,BR3-IKB702-A,BR3
296,12010,BR2-IKX702-A,Nugarëlë,14.0,1,2,800.0,334.0,23,12,23,18,18,23,23,12,18,12,3,BR2-IKB702-A,BR2
297,12010,BR3-IKX702,Nugarëlë,18.0,1,2,800.0,334.0,23,12,23,18,18,23,23,12,18,12,3,BR3-IKB702,BR3
298,12010,BR3-ITX404,Lentyna,20.0,2,2,442.0,408.5,20,10,20,20,20,20,20,10,20,20,3,BR3-ITB404,BR3
299,12010,BR3-ITX107,Pertvara,14.0,2,2,970.0,278.0,20,14,20,20,0,0,20,14,0,0,3,BR3-ITB107,BR3
300,12010,BR3-IKX204-A,Virðus,12.0,1,1,900.0,460.0,23,12,23,18,18,23,23,12,18,12,3,BR3-IKB204-A,BR3
301,12010,BR3-ISX607,Apatinë jungiamoji juosta,9.0,1,1,1554.0,180.0,18,9,18,9,9,9,18,9,9,9,2,BR3-ISB607,BR3
302,12010,BR3-ITX108,Pertvara,18.0,2,2,408.5,465.0,18,18,18,18,20,35,18,18,18,18,2,BR3-ITB108,BR3
303,12010,BR3-ISX209,Virðus,10.0,1,1,500.0,816.0,22,11,22,20,0,0,22,13,16,11,3,BR3-ISB209,BR3
304,12010,BR3-ISX206,Virðus,10.0,1,1,500.0,816.0,15,11,15,16,0,0,15,11,16,11,3,BR3-ISB206,BR3
305,12010,BR2-IKX301,Dugnas,12.0,2,2,800.0,369.0,24,20,24,24,0,0,24,20,0,0,4,BR2-IKB301,BR2
306,12010,BR2-IKX701,Nugarëlë,12.0,2,2,800.0,334.0,24,20,24,24,0,0,24,20,0,0,4,BR2-IKB701,BR2
307,12010,BR2-IKX702,Nugarëlë,12.0,2,2,800.0,334.0,24,20,24,24,0,0,24,20,0,0,4,BR2-IKB702,BR2
308,12010,BR3-ISX304,Kojûgalis,12.0,1,2,378.0,1284.0,24,12,24,12,12,12,24,12,12,12,2,BR3-ISB304,BR3
309,12010,BR3-ISX102,Ðonas,11.0,1,1,2002.0,180.0,28,12,28,16,16,35,28,12,16,12,3,BR3-ISB102,BR3
310,12010,BR2-IRX122-A,Universalus ðonas,14.0,1,1,566.0,258.0,22,20,22,21,21,21,22,21,21,21,2,BR2-IRB122-A,BR2
311,12010,BR3-ISX604,Apatinë jungiamoji juosta,9.0,1,1,1354.0,180.0,18,9,18,9,9,9,18,9,9,9,2,BR3-ISB604,BR3
312,12010,BR3-ITX107,Pertvara,14.0,2,2,970.0,278.0,20,14,20,20,0,0,20,14,0,0,3,BR3-ITB107,BR3
313,12010,BR3-ISX610,Apatinë jungiamoji juosta,9.0,1,1,1300.0,180.0,18,9,18,9,9,9,18,9,9,9,2,BR3-ISB610,BR3
314,12010,BR3-ISX613,Apatinë jungiamoji juosta,9.0,1,1,1454.0,180.0,18,9,18,9,9,9,18,9,9,9,2,BR3-ISB613,BR3
315,12010,BR3-ISX202,Galvûgalis,14.0,1,2,578.0,455.0,20,15,20,20,20,20,20,15,20,15,0,BR3-ISB202,BR3
316,12010,BR3-ISX203,Galvûgalis,14.0,1,2,670.0,455.0,20,15,20,20,20,20,20,15,20,15,0,BR3-ISB203,BR3
317,12010,BR3-ISX204,Galvûgalis,14.0,1,2,658.0,455.0,20,15,20,20,20,20,20,15,20,15,0,BR3-ISB204,BR3
318,12010,BR3-ISX302,Kojûgalis,12.0,1,2,378.0,1338.0,24,12,24,12,0,0,24,12,0,0,2,BR3-ISB302,BR3
319,12010,BR3-ISX303,Kojûgalis,12.0,1,2,378.0,1538.0,24,12,24,12,0,0,24,12,0,0,2,BR3-ISB303,BR3
320,12010,BR3-ISX904,Fasadas didelis,19.0,1,1,200.0,1290.0,32,20,32,17,17,35,32,17,17,17,2,BR3-ISB904,BR3
321,12010,BR3-ISX103,Ðonas,11.0,1,1,1902.0,180.0,28,12,28,16,16,35,28,12,16,12,3,BR3-ISB103,BR3
322,12010,BR3-IKX203,Virðus,12.0,1,1,1718.0,440.0,27,12,27,18,18,27,27,12,18,12,3,BR3-IKO203,BR3
323,12010,BR3-IRX120-K,Kairinis ðonas,12.0,1,2,566.0,423.0,18,13,18,20,20,13,18,13,20,13,3,BR3-IRO120-K,BR3
324,12010,BR3-ITX101-K,Kairinis ðonas,14.0,2,2,796.0,248.0,18,14,18,18,18,18,18,14,18,18,2,BR3-ITO101-K,BR3
325,12010,BR3-ITX302,Dugnas,13.0,2,2,1037.0,295.0,21,14,21,21,21,21,21,14,21,14,3,BR3-ITO302,BR3
326,12010,BR3-ITX301,Dugnas,14.0,2,2,686.0,295.0,24,18,22,27,25,32,22,18,27,18,3,BR3-ITO301,BR3
327,12010,BR3-ITX104,Pertvara,13.0,2,2,1092.0,295.0,18,10,18,18,18,18,18,10,18,18,2,BR3-ITO104,BR3
328,12010,BR3-ITX102,Pertvara,14.0,2,2,741.0,295.0,18,14,18,18,18,18,18,14,18,18,2,BR3-ITO102,BR3
329,12010,BR3-ITX202,Virðus,13.0,2,1,1157.0,345.0,22,13,22,22,22,22,22,13,22,13,3,BR3-ITO202,BR3
330,12010,BR3-ITX103-K,Kairinis ðonas,9.0,1,1,1147.0,248.0,18,10,18,18,18,18,18,10,18,18,2,BR3-ITO103-K,BR3
331,12010,BR2-IKX902,Stalèiaus priekis,19.5,1,1,794.0,206.0,27,21,27,21,21,30,27,21,21,21,2,BR2-IKO902,BR2
332,12010,BR3-IKX204,Virðus,12.0,1,1,900.0,460.0,23,12,23,18,18,23,23,12,18,12,3,BR3-IKO204,BR3
333,12010,BR3-IKX202,Virðus,12.0,1,1,900.0,440.0,23,12,23,18,18,23,23,12,18,12,3,BR3-IKO202,BR3
334,12010,BR2-IKX105,Pertvara,17.0,1,1,427.0,670.0,21,18,21,27,21,30,27,21,21,21,2,BR2-IKO105,BR2
335,12010,BR2-IKX903,Maþas stalèiaus priekis,19.5,2,1,794.0,210.0,27,21,27,21,21,27,27,21,21,18,2,BR2-IKO903,BR2
336,12010,BR2-IRX122,Universalus ðonas,14.0,1,1,566.0,258.0,22,20,22,21,21,21,22,21,21,21,2,BR2-IRO122,BR2
337,12010,BR3-IRX313,Dugnas,14.0,1,1,240.0,305.0,15,15,18,18,18,18,18,15,18,15,3,BR3-IRO313,BR3
338,12010,BR3-IRX215,Virðus,10.0,1,1,1200.0,730.0,15,10,18,18,18,18,18,10,18,10,4,BR3-IRO215,BR3
339,12010,BR3-IRX706,Prilaikymo juosta,18.0,2,2,544.0,159.0,21,18,21,21,20,20,20,20,21,20,2,BR3-IRO706,BR3
340,12010,BR3-IRX901,Durys,18.0,1,1,460.0,320.0,11,14,11,18,12,18,19,12,18,12,2,BR3-IRO901,BR3
341,12010,BR3-ITX201,Virðus,12.0,2,1,806.0,345.0,18,12,18,18,18,18,18,12,18,12,3,BR3-ITO201,BR3
342,12010,BR3-IKX103-D-A,Ðonas,17.0,1,1,374.0,1002.0,21,18,27,27,27,27,27,12,27,21,3,BR3-IKO103-D-A,BR3
343,12010,BR3-ITX106-K,Kairinis ðonas,16.0,1,1,520.0,378.0,24,16,24,24,24,24,24,16,24,24,3,BR3-ITO106-K,BR3
344,12010,BR3-ITX105-K,Kairinis ðonas,14.0,1,1,970.0,247.0,21,14,21,21,21,3,21,14,21,14,3,BR3-ITO105-K,BR3
345,12010,BR3-ITX105-D,Deðininis ðonas,14.0,1,1,970.0,247.0,21,14,21,21,21,3,21,14,21,14,3,BR3-ITO105-D,BR3
346,12010,BR3-ITX303,Dugnas,11.0,1,2,408.5,1710.0,25,11,25,25,25,25,25,11,25,11,3,BR3-ITO303,BR3
347,12010,BR3-ITX204,Virðus,9.0,1,1,1830.0,475.0,26,11,26,26,26,26,26,0,26,11,3,BR3-ITO204,BR3
348,12010,BR3-ITX203,Virðus,11.0,2,1,1830.0,328.0,26,11,26,26,26,26,26,11,26,11,3,BR3-ITO203,BR3
349,12010,BR2-IKX903-1,Maþas stalèiaus priekis dvigubos,18.0,1,1,794.0,206.0,27,21,27,21,21,27,27,21,21,18,2,BR2-IKO903-1,BR2
350,12010,BR3-ITX101-D,Deðininis ðonas,14.0,2,2,796.0,248.0,18,14,18,18,18,18,18,14,18,18,2,BR3-ITO101-D,BR3
351,12010,BR3-IKX103-K-A,Ðonas,17.0,1,1,374.0,1002.0,21,18,27,27,27,27,27,12,27,21,3,BR3-IKO103-K-A,BR3
352,12010,BR3-IRX120-D,Deðininis ðonas,12.0,1,2,566.0,423.0,18,13,18,20,13,15,18,13,20,13,4,BR3-IRO120-D,BR3
353,12010,BR3-IRX121-A,Pertvara,12.0,1,2,566.0,423.0,15,13,18,20,13,13,18,13,20,13,3,BR3-IRO121-A,BR3
354,12010,BR3-IRX120-D-A,Deðininis ðonas,12.0,1,2,566.0,423.0,18,13,18,20,20,13,18,13,20,13,3,BR3-IRO120-D-A,BR3
355,12010,BR3-IRX120-K-A,Kairinis ðonas,12.0,1,2,566.0,423.0,18,13,18,20,13,15,18,13,20,13,4,BR3-IRO120-K-A,BR3
356,12010,BR3-IRX214-A,Virðus,12.0,1,2,900.0,520.0,22,15,21,21,21,21,21,15,21,21,3,BR3-IRO214-A,BR3
357,12010,BR2-IKX106-D,Ðonas,17.0,1,2,688.0,394.0,21,18,21,27,21,30,27,21,21,21,2,BR2-IKO106-D,BR2
358,12010,BR2-IKX106-K,Ðonas,17.0,1,2,688.0,394.0,21,18,21,27,21,30,27,21,21,21,2,BR2-IKO106-K,BR2
359,12010,BR2-IKX106-D-A,Ðonas,17.0,1,2,688.0,394.0,21,18,21,27,21,30,27,21,21,21,2,BR2-IKO106-D-A,BR2
360,12010,BR2-IKX106-K-A,Ðonas,17.0,1,2,688.0,394.0,21,18,21,27,21,30,27,21,21,21,2,BR2-IKO106-K-A,BR2
361,12010,BR2-IKX701-A,Nugarëlë,12.0,1,2,800.0,334.0,23,12,23,18,18,23,23,12,18,12,3,BR2-IKO701-A,BR2
362,12010,BR3-IRX402,Lentyna,16.0,1,2,801.0,519.0,23,18,23,23,18,27,23,18,23,18,3,BR3-IRO402,BR3
363,12010,BR3-IRX121,Pertvara,12.0,1,2,566.0,423.0,18,13,18,20,13,13,18,13,20,13,3,BR3-IRO121,BR3
364,12010,BR3-IRX118-D,Deðininis ðonas,17.0,1,2,724.0,264.0,18,16,18,18,18,18,22,18,18,18,2,BR3-IRO118-D,BR3
365,12010,BR3-IRX118-K,Kairinis ðonas,17.0,1,2,724.0,264.0,18,16,18,18,18,18,22,18,18,18,3,BR3-IRO118-K,BR3
366,12010,BR3-IRX116-D,Deðininis ðonas,17.0,1,1,500.0,264.0,18,18,18,18,18,18,18,18,18,18,3,BR3-IRO116-D,BR3
367,12010,BR3-IRX116-K,Kairinis ðonas,17.0,1,1,500.0,264.0,18,16,18,18,22,18,18,18,22,12,3,BR3-IRO116-K,BR3
368,12010,BR3-IRX311,Dugnas,16.0,1,1,1080.0,312.0,26,20,26,17,18,18,27,17,21,18,2,BR3-IRO311,BR3
369,12010,BR3-IRX213,Virðus,12.0,1,2,800.0,475.0,18,12,18,20,13,13,18,13,20,13,3,BR3-IRO213,BR3
370,12010,BR3-IRX119,Pertvara,19.0,1,2,669.0,308.0,24,20,24,20,18,18,24,20,18,18,2,BR3-IRO119,BR3
371,12010,BR2-IRX903,Durys,11.0,1,2,1697.0,396.0,26,11,26,26,12,18,26,12,26,12,3,BR2-IRO903,BR2
372,12010,BR3-IRX902,Siauros dëþës fasadas,18.0,1,2,600.0,200.0,20,20,18,20,18,18,18,18,18,18,2,BR3-IRO902,BR3
373,12010,BR3-IRX403,Lentyna,18.0,1,2,382.0,519.0,18,18,19,18,19,19,18,19,18,19,2,BR3-IRO403,BR3
374,12010,BR3-IRX305,Dugnas,12.0,1,2,1200.0,505.0,26,20,26,23,18,22,26,15,23,18,3,BR3-IRO305,BR3
375,12010,BR3-IRX205,Virðus,11.0,1,1,1310.0,571.0,26,20,26,18,18,18,22,12,18,12,3,BR3-IRO205,BR3
376,12010,BR3-IRX907,Stalèiaus priekis,16.0,1,2,674.0,200.0,21,16,21,16,18,18,22,16,18,18,2,BR3-IRO907,BR3
377,12010,BR3-IKX202-A,Virðus,12.0,1,1,900.0,440.0,23,12,23,18,18,23,23,12,18,12,3,BR3-IKO202-A,BR3
378,12010,BR2-IKX103-D-A,Ðonas,17.0,1,1,374.0,1002.0,21,18,27,27,27,27,27,12,27,21,3,BR2-IKO103-D-A,BR2
379,12010,BR2-IKX103-K,Ðonas,17.0,1,1,374.0,1002.0,21,18,27,27,27,27,27,12,27,21,3,BR2-IKO103-K,BR2
380,12010,BR3-ITX103-D,Deðininis ðonas,9.0,1,1,1147.0,248.0,18,10,18,18,18,18,18,10,18,18,2,BR3-ITO103-D,BR3
381,12010,BR3-IRX206,Virðus,12.0,1,1,506.0,475.0,11,14,11,18,18,20,20,12,18,20,3,BR3-IRO206,BR3
382,12010,BR3-IRX114-D,Deðininis ðonas,8.0,1,1,806.0,780.0,18,8,18,18,9,9,18,9,18,9,5,BR3-IRO114-D,BR3
383,12010,BR3-IRX214,Virðus,12.0,1,2,900.0,520.0,22,15,21,21,21,21,21,15,21,21,3,BR3-IRO214,BR3
384,12010,BR3-IRX408,Lentyna,20.0,2,2,679.0,285.0,25,20,25,21,21,21,25,21,21,21,2,BR3-IRO408,BR3
385,12010,BR3-IRX115-D,Deðininis ðonas,13.0,1,1,952.0,231.0,22,15,22,22,22,22,22,15,22,22,3,BR3-IRO115-D,BR3
386,12010,BR3-IRX115-K,Kairinis ðonas,13.0,1,1,952.0,231.0,22,15,22,22,22,22,22,15,22,22,3,BR3-IRO115-K,BR3
387,12010,BR3-IRX212,Virðus,12.0,1,1,800.0,475.0,18,12,18,20,13,13,18,13,20,13,3,BR3-IRO212,BR3
388,12010,BR3-IRX211,Virðus,16.0,1,2,800.0,326.0,20,18,20,18,18,18,20,18,18,18,2,BR3-IRO211,BR3
389,12010,BR3-IRX912,Durys,17.0,1,2,684.0,336.0,21,16,21,18,18,18,21,18,18,18,2,BR3-IRO912,BR3
390,12010,BR3-IRX117,Pertvara,18.0,1,2,445.0,308.0,27,16,27,18,18,18,27,16,18,18,3,BR3-IRO117,BR3
391,12010,BR3-IRX114-K,Kairinis ðonas,8.0,1,1,806.0,780.0,18,8,18,18,9,9,18,9,18,9,5,BR3-IRO114-K,BR3
392,12010,BR3-ITX405,Lentyna,20.0,2,2,335.0,408.5,20,10,20,20,20,20,20,10,20,20,3,BR3-ITO405,BR3
393,12010,BR3-IRX310,Dugnas,17.0,1,1,680.0,412.0,18,14,18,21,18,18,18,14,21,14,4,BR3-IRO310,BR3
394,12010,BR3-IRX210,Virðus,12.0,1,2,800.0,475.0,17,13,17,20,13,13,17,13,20,13,3,BR3-IRO210,BR3
395,12010,BR3-IRX406,Lentyna,20.0,2,1,549.0,285.0,22,20,22,21,21,21,22,21,21,21,2,BR3-IRO406,BR3
396,12010,BR3-IRX405,Lentyna,20.0,2,1,550.0,285.0,21,13,21,21,14,14,21,14,21,14,3,BR3-IRO405,BR3
397,12010,BR3-IRX113-K,Kairinis ðonas,8.0,1,1,1775.5,231.0,20,9,20,18,18,18,20,9,18,9,4,BR3-IRO113-K,BR3
398,12010,BR3-IRX113-D,Deðininis ðonas,8.0,1,1,1775.5,231.0,20,9,20,18,18,18,20,9,18,9,4,BR3-IRO113-D,BR3
399,12010,BR3-IRX309,Dugnas,13.0,2,1,550.0,276.0,18,13,18,21,18,18,18,14,21,14,4,BR3-IRO309,BR3
400,12010,BR3-IRX209,Virðus,12.0,1,2,670.0,328.0,18,18,18,18,18,18,18,18,18,18,3,BR3-IRO209,BR3
401,12010,BR3-IRX407,Lentyna,17.0,2,2,679.0,408.0,25,21,25,32,21,21,25,21,32,21,3,BR3-IRO407,BR3
402,12010,BR3-ISX301,Dugnas,18.0,1,2,364.0,329.0,18,18,19,18,19,19,18,19,18,19,2,BR3-ISO301,BR3
403,12010,BR3-ITX106-D,Deðininis ðonas,16.0,1,1,520.0,378.0,24,16,24,24,24,24,24,16,24,24,3,BR3-ITO106-D,BR3
404,12010,BR3-ISX108-K,Kairinis ðonas,12.0,1,1,477.0,783.0,18,13,18,20,20,13,18,13,20,13,3,BR3-ISO108-K,BR3
405,12010,BR3-ISX205,Virðus,10.0,1,1,603.0,1196.0,19,14,19,16,20,26,19,11,16,11,3,BR3-ISO205,BR3
406,12010,BR3-ISX403,Lentyna,18.0,1,2,529.0,364.0,18,22,18,18,0,0,18,12,0,0,3,BR3-ISO403,BR3
407,12010,BR3-ISX107,Pertvara,11.0,1,1,580.0,1879.0,18,22,18,18,0,0,18,12,0,0,3,BR3-ISO107,BR3
408,12010,BR3-ISX106-K,Ðonas,11.0,1,1,580.0,1879.0,29,22,29,18,0,0,29,12,18,12,3,BR3-ISO106-K,BR3
409,12010,BR3-ISX402,Lentyna,18.0,1,2,529.0,764.0,18,22,18,18,0,0,18,12,0,0,3,BR3-ISO402,BR3
410,12010,BR3-ISX208,Virðus,10.0,1,1,500.0,816.0,22,11,22,20,0,0,22,13,16,11,3,BR3-ISO208,BR3
411,12010,BR3-ISX207,Virðus,10.0,1,1,603.0,1196.0,22,11,22,20,0,0,22,13,16,11,3,BR3-ISO207,BR3
412,12010,BR3-ISX109-K,Kairinis ðonas,12.0,1,1,477.0,1008.0,18,13,18,20,20,13,18,13,20,13,3,BR3-ISO109-K,BR3
413,12010,BR3-ISX401,Lentyna,18.0,1,2,364.0,349.0,18,18,19,18,19,19,18,19,18,19,2,BR3-ISO401,BR3
414,12010,BR3-ISX101-D,Deðininis ðonas,14.0,2,2,529.0,375.0,18,14,18,18,18,18,18,14,18,18,2,BR3-ISO101-D,BR3
415,12010,BR3-ISX101-K,Kairinis ðonas,14.0,2,2,529.0,375.0,18,14,18,18,18,18,18,14,18,18,2,BR3-ISO101-K,BR3
416,12010,BR3-ISX201,Virðus,16.0,1,2,416.0,403.0,17,17,17,17,17,17,17,17,17,17,2,BR3-ISO201,BR3
417,12010,BR3-ISX703,Nugarëlë didelë,19.0,1,1,160.0,1288.0,19,15,28,19,0,0,28,19,0,0,2,BR3-ISO703,BR3
418,12010,BR3-ISX702,Nugarëlë maþa,19.0,1,1,160.0,598.0,19,15,28,19,0,0,28,19,0,0,2,BR3-ISO702,BR3
419,12010,BR3-ISX701,Nugarëlë didelë,19.0,1,2,160.0,1388.0,19,15,28,19,19,19,28,19,19,19,2,BR3-ISO701,BR3
420,12010,BR3-ISX902,Fasadas didelis,16.0,1,1,200.0,1390.0,32,20,32,17,17,35,32,17,17,17,2,BR3-ISO902,BR3
421,12010,BR3-ISX106-D,Ðonas,11.0,1,1,580.0,1879.0,29,22,29,18,0,0,29,12,18,12,3,BR3-ISO106-D,BR3
422,12010,BR2-IKX103-D,Ðonas,17.0,1,1,374.0,1002.0,21,18,27,27,27,27,27,12,27,21,3,BR2-IKO103-D,BR2
423,12010,BR3-ISX306,Dugnas,11.0,1,2,531.0,1144.0,20,12,20,18,0,0,18,12,0,0,3,BR3-ISO306,BR3
424,12010,BR3-IRX903,Durys,11.0,1,2,1697.0,396.0,26,11,26,26,12,18,26,12,26,12,3,BR3-IRO903,BR3
425,12010,BR3-IRX412-A,Lentyna,20.0,1,1,240.0,305.0,18,16,20,20,0,0,20,14,0,0,2,BR3-IRO412-A,BR3
426,12010,BR3-IRX215-A,Virðus,10.0,1,1,1200.0,730.0,15,10,18,18,18,18,18,10,18,10,4,BR3-IRO215-A,BR3
427,12010,BR3-IKX105,Pertvara,17.0,1,1,427.0,670.0,21,18,21,27,21,30,27,21,21,21,2,BR3-IKO105,BR3
428,12010,BR2-IKX901,Stalèiaus priekis,19.5,1,1,794.0,206.0,27,21,27,21,21,30,27,21,21,21,2,BR2-IKO901,BR2
429,12010,BR2-IKX101-K,Ðonas,17.0,1,2,688.0,374.0,21,18,21,27,21,30,27,21,21,21,2,BR2-IKO101-K,BR2
430,12010,BR3-ISX108-D,Deðininis ðonas,12.0,1,1,477.0,783.0,18,13,18,20,20,13,18,13,20,13,3,BR3-ISO108-D,BR3
431,12010,BR2-IKX103-K-A,Ðonas,17.0,1,1,374.0,1002.0,21,18,27,27,27,27,27,12,27,21,3,BR2-IKO103-K-A,BR2
432,12010,BR3-ITX703,Nugarëlë,15.0,1,2,970.0,475.0,22,15,22,22,22,22,22,15,22,22,3,BR3-ITO703,BR3
433,12010,BR3-ISX704,Nugarëlë,16.0,2,1,223.0,764.0,19,20,19,17,17,20,19,17,17,17,2,BR3-ISO704,BR3
434,12010,BR3-ISX112,Pertvara,16.0,1,1,256.0,425.5,19,20,19,17,17,20,19,17,17,17,2,BR3-ISO112,BR3
435,12010,BR3-ISX110,Pertvara,12.0,1,1,456.0,783.0,18,13,18,20,20,13,18,13,20,13,3,BR3-ISO110,BR3
436,12010,BR3-ISX111-K,Kairinis ðonas,12.0,1,1,477.0,1233.0,18,13,18,20,20,13,18,13,20,13,3,BR3-ISO111-K,BR3
437,12010,BR3-ISX111-D,Deðininis ðonas,12.0,1,1,477.0,1233.0,18,13,18,20,20,13,18,13,20,13,3,BR3-ISO111-D,BR3
438,12010,BR3-ISX113-K,Kairinis ðonas,12.0,1,1,477.0,783.0,18,13,18,20,20,13,18,13,20,13,3,BR3-ISO113-K,BR3
439,12010,BR3-ISX113-D,Deðininis ðonas,12.0,1,1,477.0,783.0,18,13,18,20,20,13,18,13,20,13,3,BR3-ISO113-D,BR3
440,12010,BR3-ISX109-D,Deðininis ðonas,12.0,1,1,477.0,1008.0,18,13,18,20,20,13,18,13,20,13,3,BR3-ISO109-D,BR3
441,12010,BR2-IKX101-D,Ðonas,17.0,1,2,688.0,374.0,21,18,21,27,21,30,27,21,21,21,2,BR2-IKO101-D,BR2
442,12010,BR3-ITX402,Lentyna,20.0,2,2,335.0,278.0,20,10,20,20,20,20,20,10,20,20,3,BR3-ITO402,BR3
443,12010,BR3-IKX103-K,Ðonas,17.0,1,1,374.0,1002.0,21,18,27,27,27,27,27,12,27,21,3,BR3-IKO103-K,BR3
444,12010,BR3-IKX103-D,Ðonas,17.0,1,1,374.0,1002.0,21,18,27,27,27,27,27,12,27,21,3,BR3-IKO103-D,BR3
445,12010,BR2-IKX301-A,Dugnas,12.0,1,1,800.0,369.0,23,12,23,18,18,23,23,12,18,12,3,BR2-IKO301-A,BR2
446,12010,BR3-ITX403,Lentyna,20.0,2,2,275.0,335.0,20,10,20,20,20,20,20,10,20,20,3,BR3-ITO403,BR3
447,12010,BR3-IRX313-A,Dugnas,14.0,1,1,240.0,305.0,15,15,18,18,18,18,18,15,18,15,3,BR3-IRO313-A,BR3
448,12010,BR3-IRX122-A,Universalus ðonas,14.0,1,1,566.0,258.0,22,20,22,21,21,21,22,21,21,21,2,BR3-IRO122-A,BR3
449,12010,BR3-IKX702-A,Nugarëlë,18.0,1,2,800.0,334.0,23,12,23,18,18,23,23,12,18,12,3,BR3-IKO702-A,BR3
450,12010,BR3-ISX903,Fasadas didelis,16.0,1,1,200.0,600.0,19,20,19,17,17,20,19,17,17,17,2,BR3-ISO903,BR3
451,12010,BR3-IRX706-A,Prilaikymo juosta,18.0,2,2,544.0,159.0,21,18,21,21,20,20,20,20,21,20,2,BR3-IRO706-A,BR3
452,12010,BR3-ISX305,Kojûgalis,12.0,1,2,378.0,1438.0,24,12,24,12,12,12,24,12,12,12,2,BR3-ISO305,BR3
453,12010,BR2-IKX903-A,Maþas stalèiaus priekis,19.5,2,1,794.0,210.0,27,21,27,21,21,27,27,21,21,18,2,BR2-IKO903-A,BR2
454,12010,BR2-IKX902-A,Stalèiaus priekis,19.5,1,1,794.0,206.0,27,21,27,21,21,30,27,21,21,21,2,BR2-IKO902-A,BR2
455,12010,BR2-IKX902-1,Maþas stalèiaus priekis dvigubos,18.0,1,1,794.0,206.0,27,21,27,21,21,27,27,21,21,18,2,BR2-IKO902-1,BR2
456,12010,BR3-IKX702-A,Nugarëlë,14.0,1,2,800.0,334.0,23,12,23,18,18,23,23,12,18,12,3,BR3-IKO702-A,BR3
457,12010,BR2-IKX702-A,Nugarëlë,14.0,1,2,800.0,334.0,23,12,23,18,18,23,23,12,18,12,3,BR2-IKO702-A,BR2
458,12010,BR3-IKX702,Nugarëlë,18.0,1,2,800.0,334.0,23,12,23,18,18,23,23,12,18,12,3,BR3-IKO702,BR3
459,12010,BR3-ITX404,Lentyna,20.0,2,2,442.0,408.5,20,10,20,20,20,20,20,10,20,20,3,BR3-ITO404,BR3
460,12010,BR3-ITX107,Pertvara,14.0,2,2,970.0,278.0,20,14,20,20,0,0,20,14,0,0,3,BR3-ITO107,BR3
461,12010,BR3-IKX204-A,Virðus,12.0,1,1,900.0,460.0,23,12,23,18,18,23,23,12,18,12,3,BR3-IKO204-A,BR3
462,12010,BR3-ISX607,Apatinë jungiamoji juosta,9.0,1,1,1554.0,180.0,18,9,18,9,9,9,18,9,9,9,2,BR3-ISO607,BR3
463,12010,BR3-ITX108,Pertvara,18.0,2,2,408.5,465.0,18,18,18,18,20,35,18,18,18,18,2,BR3-ITO108,BR3
464,12010,BR3-ISX209,Virðus,10.0,1,1,500.0,816.0,22,11,22,20,0,0,22,13,16,11,3,BR3-ISO209,BR3
465,12010,BR3-ISX206,Virðus,10.0,1,1,500.0,816.0,15,11,15,16,0,0,15,11,16,11,3,BR3-ISO206,BR3
466,12010,BR2-IKX301,Dugnas,12.0,2,2,800.0,369.0,24,20,24,24,0,0,24,20,0,0,4,BR2-IKO301,BR2
467,12010,BR2-IKX701,Nugarëlë,12.0,2,2,800.0,334.0,24,20,24,24,0,0,24,20,0,0,4,BR2-IKO701,BR2
468,12010,BR2-IKX702,Nugarëlë,12.0,2,2,800.0,334.0,24,20,24,24,0,0,24,20,0,0,4,BR2-IKO702,BR2
469,12010,BR3-ISX304,Kojûgalis,12.0,1,2,378.0,1284.0,24,12,24,12,12,12,24,12,12,12,2,BR3-ISO304,BR3
470,12010,BR3-ISX102,Ðonas,11.0,1,1,2002.0,180.0,28,12,28,16,16,35,28,12,16,12,3,BR3-ISO102,BR3
471,12010,BR2-IRX122-A,Universalus ðonas,14.0,1,1,566.0,258.0,22,20,22,21,21,21,22,21,21,21,2,BR2-IRO122-A,BR2
472,12010,BR3-ISX604,Apatinë jungiamoji juosta,9.0,1,1,1354.0,180.0,18,9,18,9,9,9,18,9,9,9,2,BR3-ISO604,BR3
473,12010,BR3-ITX107,Pertvara,14.0,2,2,970.0,278.0,20,14,20,20,0,0,20,14,0,0,3,BR3-ITO107,BR3
474,12010,BR3-ISX610,Apatinë jungiamoji juosta,9.0,1,1,1300.0,180.0,18,9,18,9,9,9,18,9,9,9,2,BR3-ISO610,BR3
475,12010,BR3-ISX613,Apatinë jungiamoji juosta,9.0,1,1,1454.0,180.0,18,9,18,9,9,9,18,9,9,9,2,BR3-ISO613,BR3
476,12010,BR3-ISX202,Galvûgalis,14.0,1,2,578.0,455.0,20,15,20,20,20,20,20,15,20,15,0,BR3-ISO202,BR3
477,12010,BR3-ISX203,Galvûgalis,14.0,1,2,670.0,455.0,20,15,20,20,20,20,20,15,20,15,0,BR3-ISO203,BR3
478,12010,BR3-ISX204,Galvûgalis,14.0,1,2,658.0,455.0,20,15,20,20,20,20,20,15,20,15,0,BR3-ISO204,BR3
479,12010,BR3-ISX302,Kojûgalis,12.0,1,2,378.0,1338.0,24,12,24,12,0,0,24,12,0,0,2,BR3-ISO302,BR3
480,12010,BR3-ISX303,Kojûgalis,12.0,1,2,378.0,1538.0,24,12,24,12,0,0,24,12,0,0,2,BR3-ISO303,BR3
481,12010,BR3-ISX904,Fasadas didelis,19.0,1,1,200.0,1290.0,32,20,32,17,17,35,32,17,17,17,2,BR3-ISO904,BR3
482,12010,BR3-ISX103,Ðonas,11.0,1,1,1902.0,180.0,28,12,28,16,16,35,28,12,16,12,3,BR3-ISO103,BR3
483,12010,BR3-IKX203,Virðus,12.0,1,1,1718.0,440.0,27,12,27,18,18,27,27,12,18,12,3,BR3-IKX203,BR3
484,12010,BR3-IRX120-K,Kairinis ðonas,12.0,1,2,566.0,423.0,18,13,18,20,20,13,18,13,20,13,3,BR3-IRX120-K,BR3
485,12010,BR3-ITX101-K,Kairinis ðonas,14.0,2,2,796.0,248.0,18,14,18,18,18,18,18,14,18,18,2,BR3-ITX101-K,BR3
486,12010,BR3-ITX302,Dugnas,13.0,2,2,1037.0,295.0,21,14,21,21,21,21,21,14,21,14,3,BR3-ITX302,BR3
487,12010,BR3-ITX301,Dugnas,14.0,2,2,686.0,295.0,24,18,22,27,25,32,22,18,27,18,3,BR3-ITX301,BR3
488,12010,BR3-ITX104,Pertvara,13.0,2,2,1092.0,295.0,18,10,18,18,18,18,18,10,18,18,2,BR3-ITX104,BR3
489,12010,BR3-ITX102,Pertvara,14.0,2,2,741.0,295.0,18,14,18,18,18,18,18,14,18,18,2,BR3-ITX102,BR3
490,12010,BR3-ITX202,Virðus,13.0,2,1,1157.0,345.0,22,13,22,22,22,22,22,13,22,13,3,BR3-ITX202,BR3
491,12010,BR3-ITX103-K,Kairinis ðonas,9.0,1,1,1147.0,248.0,18,10,18,18,18,18,18,10,18,18,2,BR3-ITX103-K,BR3
492,12010,BR2-IKX902,Stalèiaus priekis,19.5,1,1,794.0,206.0,27,21,27,21,21,30,27,21,21,21,2,BR2-IKX902,BR2
493,12010,BR3-IKX204,Virðus,12.0,1,1,900.0,460.0,23,12,23,18,18,23,23,12,18,12,3,BR3-IKX204,BR3
494,12010,BR3-IKX202,Virðus,12.0,1,1,900.0,440.0,23,12,23,18,18,23,23,12,18,12,3,BR3-IKX202,BR3
495,12010,BR2-IKX105,Pertvara,17.0,1,1,427.0,670.0,21,18,21,27,21,30,27,21,21,21,2,BR2-IKX105,BR2
496,12010,BR2-IKX903,Maþas stalèiaus priekis,19.5,2,1,794.0,210.0,27,21,27,21,21,27,27,21,21,18,2,BR2-IKX903,BR2
497,12010,BR2-IRX122,Universalus ðonas,14.0,1,1,566.0,258.0,22,20,22,21,21,21,22,21,21,21,2,BR2-IRX122,BR2
498,12010,BR3-IRX313,Dugnas,14.0,1,1,240.0,305.0,15,15,18,18,18,18,18,15,18,15,3,BR3-IRX313,BR3
499,12010,BR3-IRX215,Virðus,10.0,1,1,1200.0,730.0,15,10,18,18,18,18,18,10,18,10,4,BR3-IRX215,BR3
500,12010,BR3-IRX706,Prilaikymo juosta,18.0,2,2,544.0,159.0,21,18,21,21,20,20,20,20,21,20,2,BR3-IRX706,BR3
501,12010,BR3-IRX901,Durys,18.0,1,1,460.0,320.0,11,14,11,18,12,18,19,12,18,12,2,BR3-IRX901,BR3
502,12010,BR3-ITX201,Virðus,12.0,2,1,806.0,345.0,18,12,18,18,18,18,18,12,18,12,3,BR3-ITX201,BR3
503,12010,BR3-IKX103-D-A,Ðonas,17.0,1,1,374.0,1002.0,21,18,27,27,27,27,27,12,27,21,3,BR3-IKX103-D-A,BR3
504,12010,BR3-ITX106-K,Kairinis ðonas,16.0,1,1,520.0,378.0,24,16,24,24,24,24,24,16,24,24,3,BR3-ITX106-K,BR3
505,12010,BR3-ITX105-K,Kairinis ðonas,14.0,1,1,970.0,247.0,21,14,21,21,21,3,21,14,21,14,3,BR3-ITX105-K,BR3
506,12010,BR3-ITX105-D,Deðininis ðonas,14.0,1,1,970.0,247.0,21,14,21,21,21,3,21,14,21,14,3,BR3-ITX105-D,BR3
507,12010,BR3-ITX303,Dugnas,11.0,1,2,408.5,1710.0,25,11,25,25,25,25,25,11,25,11,3,BR3-ITX303,BR3
508,12010,BR3-ITX204,Virðus,9.0,1,1,1830.0,475.0,26,11,26,26,26,26,26,0,26,11,3,BR3-ITX204,BR3
509,12010,BR3-ITX203,Virðus,11.0,2,1,1830.0,328.0,26,11,26,26,26,26,26,11,26,11,3,BR3-ITX203,BR3
510,12010,BR2-IKX903-1,Maþas stalèiaus priekis dvigubos,18.0,1,1,794.0,206.0,27,21,27,21,21,27,27,21,21,18,2,BR2-IKX903-1,BR2
511,12010,BR3-ITX101-D,Deðininis ðonas,14.0,2,2,796.0,248.0,18,14,18,18,18,18,18,14,18,18,2,BR3-ITX101-D,BR3
512,12010,BR3-IKX103-K-A,Ðonas,17.0,1,1,374.0,1002.0,21,18,27,27,27,27,27,12,27,21,3,BR3-IKX103-K-A,BR3
513,12010,BR3-IRX120-D,Deðininis ðonas,12.0,1,2,566.0,423.0,18,13,18,20,13,15,18,13,20,13,4,BR3-IRX120-D,BR3
514,12010,BR3-IRX121-A,Pertvara,12.0,1,2,566.0,423.0,15,13,18,20,13,13,18,13,20,13,3,BR3-IRX121-A,BR3
515,12010,BR3-IRX120-D-A,Deðininis ðonas,12.0,1,2,566.0,423.0,18,13,18,20,20,13,18,13,20,13,3,BR3-IRX120-D-A,BR3
516,12010,BR3-IRX120-K-A,Kairinis ðonas,12.0,1,2,566.0,423.0,18,13,18,20,13,15,18,13,20,13,4,BR3-IRX120-K-A,BR3
517,12010,BR3-IRX214-A,Virðus,12.0,1,2,900.0,520.0,22,15,21,21,21,21,21,15,21,21,3,BR3-IRX214-A,BR3
518,12010,BR2-IKX106-D,Ðonas,17.0,1,2,688.0,394.0,21,18,21,27,21,30,27,21,21,21,2,BR2-IKX106-D,BR2
519,12010,BR2-IKX106-K,Ðonas,17.0,1,2,688.0,394.0,21,18,21,27,21,30,27,21,21,21,2,BR2-IKX106-K,BR2
520,12010,BR2-IKX106-D-A,Ðonas,17.0,1,2,688.0,394.0,21,18,21,27,21,30,27,21,21,21,2,BR2-IKX106-D-A,BR2
521,12010,BR2-IKX106-K-A,Ðonas,17.0,1,2,688.0,394.0,21,18,21,27,21,30,27,21,21,21,2,BR2-IKX106-K-A,BR2
522,12010,BR2-IKX701-A,Nugarëlë,12.0,1,2,800.0,334.0,23,12,23,18,18,23,23,12,18,12,3,BR2-IKX701-A,BR2
523,12010,BR3-IRX402,Lentyna,16.0,1,2,801.0,519.0,23,18,23,23,18,27,23,18,23,18,3,BR3-IRX402,BR3
524,12010,BR3-IRX121,Pertvara,12.0,1,2,566.0,423.0,18,13,18,20,13,13,18,13,20,13,3,BR3-IRX121,BR3
525,12010,BR3-IRX118-D,Deðininis ðonas,17.0,1,2,724.0,264.0,18,16,18,18,18,18,22,18,18,18,2,BR3-IRX118-D,BR3
526,12010,BR3-IRX118-K,Kairinis ðonas,17.0,1,2,724.0,264.0,18,16,18,18,18,18,22,18,18,18,3,BR3-IRX118-K,BR3
527,12010,BR3-IRX116-D,Deðininis ðonas,17.0,1,1,500.0,264.0,18,18,18,18,18,18,18,18,18,18,3,BR3-IRX116-D,BR3
528,12010,BR3-IRX116-K,Kairinis ðonas,17.0,1,1,500.0,264.0,18,16,18,18,22,18,18,18,22,12,3,BR3-IRX116-K,BR3
529,12010,BR3-IRX311,Dugnas,16.0,1,1,1080.0,312.0,26,20,26,17,18,18,27,17,21,18,2,BR3-IRX311,BR3
530,12010,BR3-IRX213,Virðus,12.0,1,2,800.0,475.0,18,12,18,20,13,13,18,13,20,13,3,BR3-IRX213,BR3
531,12010,BR3-IRX119,Pertvara,19.0,1,2,669.0,308.0,24,20,24,20,18,18,24,20,18,18,2,BR3-IRX119,BR3
532,12010,BR2-IRX903,Durys,11.0,1,2,1697.0,396.0,26,11,26,26,12,18,26,12,26,12,3,BR2-IRX903,BR2
533,12010,BR3-IRX902,Siauros dëþës fasadas,18.0,1,2,600.0,200.0,20,20,18,20,18,18,18,18,18,18,2,BR3-IRX902,BR3
534,12010,BR3-IRX403,Lentyna,18.0,1,2,382.0,519.0,18,18,19,18,19,19,18,19,18,19,2,BR3-IRX403,BR3
535,12010,BR3-IRX305,Dugnas,12.0,1,2,1200.0,505.0,26,20,26,23,18,22,26,15,23,18,3,BR3-IRX305,BR3
536,12010,BR3-IRX205,Virðus,11.0,1,1,1310.0,571.0,26,20,26,18,18,18,22,12,18,12,3,BR3-IRX205,BR3
537,12010,BR3-IRX907,Stalèiaus priekis,16.0,1,2,674.0,200.0,21,16,21,16,18,18,22,16,18,18,2,BR3-IRX907,BR3
538,12010,BR3-IKX202-A,Virðus,12.0,1,1,900.0,440.0,23,12,23,18,18,23,23,12,18,12,3,BR3-IKX202-A,BR3
539,12010,BR2-IKX103-D-A,Ðonas,17.0,1,1,374.0,1002.0,21,18,27,27,27,27,27,12,27,21,3,BR2-IKX103-D-A,BR2
540,12010,BR2-IKX103-K,Ðonas,17.0,1,1,374.0,1002.0,21,18,27,27,27,27,27,12,27,21,3,BR2-IKX103-K,BR2
541,12010,BR3-ITX103-D,Deðininis ðonas,9.0,1,1,1147.0,248.0,18,10,18,18,18,18,18,10,18,18,2,BR3-ITX103-D,BR3
542,12010,BR3-IRX206,Virðus,12.0,1,1,506.0,475.0,11,14,11,18,18,20,20,12,18,20,3,BR3-IRX206,BR3
543,12010,BR3-IRX114-D,Deðininis ðonas,8.0,1,1,806.0,780.0,18,8,18,18,9,9,18,9,18,9,5,BR3-IRX114-D,BR3
544,12010,BR3-IRX214,Virðus,12.0,1,2,900.0,520.0,22,15,21,21,21,21,21,15,21,21,3,BR3-IRX214,BR3
545,12010,BR3-IRX408,Lentyna,20.0,2,2,679.0,285.0,25,20,25,21,21,21,25,21,21,21,2,BR3-IRX408,BR3
546,12010,BR3-IRX115-D,Deðininis ðonas,13.0,1,1,952.0,231.0,22,15,22,22,22,22,22,15,22,22,3,BR3-IRX115-D,BR3
547,12010,BR3-IRX115-K,Kairinis ðonas,13.0,1,1,952.0,231.0,22,15,22,22,22,22,22,15,22,22,3,BR3-IRX115-K,BR3
548,12010,BR3-IRX212,Virðus,12.0,1,1,800.0,475.0,18,12,18,20,13,13,18,13,20,13,3,BR3-IRX212,BR3
549,12010,BR3-IRX211,Virðus,16.0,1,2,800.0,326.0,20,18,20,18,18,18,20,18,18,18,2,BR3-IRX211,BR3
550,12010,BR3-IRX912,Durys,17.0,1,2,684.0,336.0,21,16,21,18,18,18,21,18,18,18,2,BR3-IRX912,BR3
551,12010,BR3-IRX117,Pertvara,18.0,1,2,445.0,308.0,27,16,27,18,18,18,27,16,18,18,3,BR3-IRX117,BR3
552,12010,BR3-IRX114-K,Kairinis ðonas,8.0,1,1,806.0,780.0,18,8,18,18,9,9,18,9,18,9,5,BR3-IRX114-K,BR3
553,12010,BR3-ITX405,Lentyna,20.0,2,2,335.0,408.5,20,10,20,20,20,20,20,10,20,20,3,BR3-ITX405,BR3
554,12010,BR3-IRX310,Dugnas,17.0,1,1,680.0,412.0,18,14,18,21,18,18,18,14,21,14,4,BR3-IRX310,BR3
555,12010,BR3-IRX210,Virðus,12.0,1,2,800.0,475.0,17,13,17,20,13,13,17,13,20,13,3,BR3-IRX210,BR3
556,12010,BR3-IRX406,Lentyna,20.0,2,1,549.0,285.0,22,20,22,21,21,21,22,21,21,21,2,BR3-IRX406,BR3
557,12010,BR3-IRX405,Lentyna,20.0,2,1,550.0,285.0,21,13,21,21,14,14,21,14,21,14,3,BR3-IRX405,BR3
558,12010,BR3-IRX113-K,Kairinis ðonas,8.0,1,1,1775.5,231.0,20,9,20,18,18,18,20,9,18,9,4,BR3-IRX113-K,BR3
559,12010,BR3-IRX113-D,Deðininis ðonas,8.0,1,1,1775.5,231.0,20,9,20,18,18,18,20,9,18,9,4,BR3-IRX113-D,BR3
560,12010,BR3-IRX309,Dugnas,13.0,2,1,550.0,276.0,18,13,18,21,18,18,18,14,21,14,4,BR3-IRX309,BR3
561,12010,BR3-IRX209,Virðus,12.0,1,2,670.0,328.0,18,18,18,18,18,18,18,18,18,18,3,BR3-IRX209,BR3
562,12010,BR3-IRX407,Lentyna,17.0,2,2,679.0,408.0,25,21,25,32,21,21,25,21,32,21,3,BR3-IRX407,BR3
563,12010,BR3-ISX301,Dugnas,18.0,1,2,364.0,329.0,18,18,19,18,19,19,18,19,18,19,2,BR3-ISX301,BR3
564,12010,BR3-ITX106-D,Deðininis ðonas,16.0,1,1,520.0,378.0,24,16,24,24,24,24,24,16,24,24,3,BR3-ITX106-D,BR3
565,12010,BR3-ISX108-K,Kairinis ðonas,12.0,1,1,477.0,783.0,18,13,18,20,20,13,18,13,20,13,3,BR3-ISX108-K,BR3
566,12010,BR3-ISX205,Virðus,10.0,1,1,603.0,1196.0,19,14,19,16,20,26,19,11,16,11,3,BR3-ISX205,BR3
567,12010,BR3-ISX403,Lentyna,18.0,1,2,529.0,364.0,18,22,18,18,0,0,18,12,0,0,3,BR3-ISX403,BR3
568,12010,BR3-ISX107,Pertvara,11.0,1,1,580.0,1879.0,18,22,18,18,0,0,18,12,0,0,3,BR3-ISX107,BR3
569,12010,BR3-ISX106-K,Ðonas,11.0,1,1,580.0,1879.0,29,22,29,18,0,0,29,12,18,12,3,BR3-ISX106-K,BR3
570,12010,BR3-ISX402,Lentyna,18.0,1,2,529.0,764.0,18,22,18,18,0,0,18,12,0,0,3,BR3-ISX402,BR3
571,12010,BR3-ISX208,Virðus,10.0,1,1,500.0,816.0,22,11,22,20,0,0,22,13,16,11,3,BR3-ISX208,BR3
572,12010,BR3-ISX207,Virðus,10.0,1,1,603.0,1196.0,22,11,22,20,0,0,22,13,16,11,3,BR3-ISX207,BR3
573,12010,BR3-ISX109-K,Kairinis ðonas,12.0,1,1,477.0,1008.0,18,13,18,20,20,13,18,13,20,13,3,BR3-ISX109-K,BR3
574,12010,BR3-ISX401,Lentyna,18.0,1,2,364.0,349.0,18,18,19,18,19,19,18,19,18,19,2,BR3-ISX401,BR3
575,12010,BR3-ISX101-D,Deðininis ðonas,14.0,2,2,529.0,375.0,18,14,18,18,18,18,18,14,18,18,2,BR3-ISX101-D,BR3
576,12010,BR3-ISX101-K,Kairinis ðonas,14.0,2,2,529.0,375.0,18,14,18,18,18,18,18,14,18,18,2,BR3-ISX101-K,BR3
577,12010,BR3-ISX201,Virðus,16.0,1,2,416.0,403.0,17,17,17,17,17,17,17,17,17,17,2,BR3-ISX201,BR3
578,12010,BR3-ISX703,Nugarëlë didelë,19.0,1,1,160.0,1288.0,19,15,28,19,0,0,28,19,0,0,2,BR3-ISX703,BR3
579,12010,BR3-ISX702,Nugarëlë maþa,19.0,1,1,160.0,598.0,19,15,28,19,0,0,28,19,0,0,2,BR3-ISX702,BR3
580,12010,BR3-ISX701,Nugarëlë didelë,19.0,1,2,160.0,1388.0,19,15,28,19,19,19,28,19,19,19,2,BR3-ISX701,BR3
581,12010,BR3-ISX902,Fasadas didelis,16.0,1,1,200.0,1390.0,32,20,32,17,17,35,32,17,17,17,2,BR3-ISX902,BR3
582,12010,BR3-ISX106-D,Ðonas,11.0,1,1,580.0,1879.0,29,22,29,18,0,0,29,12,18,12,3,BR3-ISX106-D,BR3
583,12010,BR2-IKX103-D,Ðonas,17.0,1,1,374.0,1002.0,21,18,27,27,27,27,27,12,27,21,3,BR2-IKX103-D,BR2
584,12010,BR3-ISX306,Dugnas,11.0,1,2,531.0,1144.0,20,12,20,18,0,0,18,12,0,0,3,BR3-ISX306,BR3
585,12010,BR3-IRX903,Durys,11.0,1,2,1697.0,396.0,26,11,26,26,12,18,26,12,26,12,3,BR3-IRX903,BR3
586,12010,BR3-IRX412-A,Lentyna,20.0,1,1,240.0,305.0,18,16,20,20,0,0,20,14,0,0,2,BR3-IRX412-A,BR3
587,12010,BR3-IRX215-A,Virðus,10.0,1,1,1200.0,730.0,15,10,18,18,18,18,18,10,18,10,4,BR3-IRX215-A,BR3
588,12010,BR3-IKX105,Pertvara,17.0,1,1,427.0,670.0,21,18,21,27,21,30,27,21,21,21,2,BR3-IKX105,BR3
589,12010,BR2-IKX901,Stalèiaus priekis,19.5,1,1,794.0,206.0,27,21,27,21,21,30,27,21,21,21,2,BR2-IKX901,BR2
590,12010,BR2-IKX101-K,Ðonas,17.0,1,2,688.0,374.0,21,18,21,27,21,30,27,21,21,21,2,BR2-IKX101-K,BR2
591,12010,BR3-ISX108-D,Deðininis ðonas,12.0,1,1,477.0,783.0,18,13,18,20,20,13,18,13,20,13,3,BR3-ISX108-D,BR3
592,12010,BR2-IKX103-K-A,Ðonas,17.0,1,1,374.0,1002.0,21,18,27,27,27,27,27,12,27,21,3,BR2-IKX103-K-A,BR2
593,12010,BR3-ITX703,Nugarëlë,15.0,1,2,970.0,475.0,22,15,22,22,22,22,22,15,22,22,3,BR3-ITX703,BR3
594,12010,BR3-ISX704,Nugarëlë,16.0,2,1,223.0,764.0,19,20,19,17,17,20,19,17,17,17,2,BR3-ISX704,BR3
595,12010,BR3-ISX112,Pertvara,16.0,1,1,256.0,425.5,19,20,19,17,17,20,19,17,17,17,2,BR3-ISX112,BR3
596,12010,BR3-ISX110,Pertvara,12.0,1,1,456.0,783.0,18,13,18,20,20,13,18,13,20,13,3,BR3-ISX110,BR3
597,12010,BR3-ISX111-K,Kairinis ðonas,12.0,1,1,477.0,1233.0,18,13,18,20,20,13,18,13,20,13,3,BR3-ISX111-K,BR3
598,12010,BR3-ISX111-D,Deðininis ðonas,12.0,1,1,477.0,1233.0,18,13,18,20,20,13,18,13,20,13,3,BR3-ISX111-D,BR3
599,12010,BR3-ISX113-K,Kairinis ðonas,12.0,1,1,477.0,783.0,18,13,18,20,20,13,18,13,20,13,3,BR3-ISX113-K,BR3
600,12010,BR3-ISX113-D,Deðininis ðonas,12.0,1,1,477.0,783.0,18,13,18,20,20,13,18,13,20,13,3,BR3-ISX113-D,BR3
601,12010,BR3-ISX109-D,Deðininis ðonas,12.0,1,1,477.0,1008.0,18,13,18,20,20,13,18,13,20,13,3,BR3-ISX109-D,BR3
602,12010,BR2-IKX101-D,Ðonas,17.0,1,2,688.0,374.0,21,18,21,27,21,30,27,21,21,21,2,BR2-IKX101-D,BR2
603,12010,BR3-ITX402,Lentyna,20.0,2,2,335.0,278.0,20,10,20,20,20,20,20,10,20,20,3,BR3-ITX402,BR3
604,12010,BR3-IKX103-K,Ðonas,17.0,1,1,374.0,1002.0,21,18,27,27,27,27,27,12,27,21,3,BR3-IKX103-K,BR3
605,12010,BR3-IKX103-D,Ðonas,17.0,1,1,374.0,1002.0,21,18,27,27,27,27,27,12,27,21,3,BR3-IKX103-D,BR3
606,12010,BR2-IKX301-A,Dugnas,12.0,1,1,800.0,369.0,23,12,23,18,18,23,23,12,18,12,3,BR2-IKX301-A,BR2
607,12010,BR3-ITX403,Lentyna,20.0,2,2,275.0,335.0,20,10,20,20,20,20,20,10,20,20,3,BR3-ITX403,BR3
608,12010,BR3-IRX313-A,Dugnas,14.0,1,1,240.0,305.0,15,15,18,18,18,18,18,15,18,15,3,BR3-IRX313-A,BR3
609,12010,BR3-IRX122-A,Universalus ðonas,14.0,1,1,566.0,258.0,22,20,22,21,21,21,22,21,21,21,2,BR3-IRX122-A,BR3
610,12010,BR3-IKX702-A,Nugarëlë,18.0,1,2,800.0,334.0,23,12,23,18,18,23,23,12,18,12,3,BR3-IKX702-A,BR3
611,12010,BR3-ISX903,Fasadas didelis,16.0,1,1,200.0,600.0,19,20,19,17,17,20,19,17,17,17,2,BR3-ISX903,BR3
612,12010,BR3-IRX706-A,Prilaikymo juosta,18.0,2,2,544.0,159.0,21,18,21,21,20,20,20,20,21,20,2,BR3-IRX706-A,BR3
613,12010,BR3-ISX305,Kojûgalis,12.0,1,2,378.0,1438.0,24,12,24,12,12,12,24,12,12,12,2,BR3-ISX305,BR3
614,12010,BR2-IKX903-A,Maþas stalèiaus priekis,19.5,2,1,794.0,210.0,27,21,27,21,21,27,27,21,21,18,2,BR2-IKX903-A,BR2
615,12010,BR2-IKX902-A,Stalèiaus priekis,19.5,1,1,794.0,206.0,27,21,27,21,21,30,27,21,21,21,2,BR2-IKX902-A,BR2
616,12010,BR2-IKX902-1,Maþas stalèiaus priekis dvigubos,18.0,1,1,794.0,206.0,27,21,27,21,21,27,27,21,21,18,2,BR2-IKX902-1,BR2
617,12010,BR3-IKX702-A,Nugarëlë,14.0,1,2,800.0,334.0,23,12,23,18,18,23,23,12,18,12,3,BR3-IKX702-A,BR3
618,12010,BR2-IKX702-A,Nugarëlë,14.0,1,2,800.0,334.0,23,12,23,18,18,23,23,12,18,12,3,BR2-IKX702-A,BR2
619,12010,BR3-IKX702,Nugarëlë,18.0,1,2,800.0,334.0,23,12,23,18,18,23,23,12,18,12,3,BR3-IKX702,BR3
620,12010,BR3-ITX404,Lentyna,20.0,2,2,442.0,408.5,20,10,20,20,20,20,20,10,20,20,3,BR3-ITX404,BR3
621,12010,BR3-ITX107,Pertvara,14.0,2,2,970.0,278.0,20,14,20,20,0,0,20,14,0,0,3,BR3-ITX107,BR3
622,12010,BR3-IKX204-A,Virðus,12.0,1,1,900.0,460.0,23,12,23,18,18,23,23,12,18,12,3,BR3-IKX204-A,BR3
623,12010,BR3-ISX607,Apatinë jungiamoji juosta,9.0,1,1,1554.0,180.0,18,9,18,9,9,9,18,9,9,9,2,BR3-ISX607,BR3
624,12010,BR3-ITX108,Pertvara,18.0,2,2,408.5,465.0,18,18,18,18,20,35,18,18,18,18,2,BR3-ITX108,BR3
625,12010,BR3-ISX209,Virðus,10.0,1,1,500.0,816.0,22,11,22,20,0,0,22,13,16,11,3,BR3-ISX209,BR3
626,12010,BR3-ISX206,Virðus,10.0,1,1,500.0,816.0,15,11,15,16,0,0,15,11,16,11,3,BR3-ISX206,BR3
627,12010,BR2-IKX301,Dugnas,12.0,2,2,800.0,369.0,24,20,24,24,0,0,24,20,0,0,4,BR2-IKX301,BR2
628,12010,BR2-IKX701,Nugarëlë,12.0,2,2,800.0,334.0,24,20,24,24,0,0,24,20,0,0,4,BR2-IKX701,BR2
629,12010,BR2-IKX702,Nugarëlë,12.0,2,2,800.0,334.0,24,20,24,24,0,0,24,20,0,0,4,BR2-IKX702,BR2
630,12010,BR3-ISX304,Kojûgalis,12.0,1,2,378.0,1284.0,24,12,24,12,12,12,24,12,12,12,2,BR3-ISX304,BR3
631,12010,BR3-ISX102,Ðonas,11.0,1,1,2002.0,180.0,28,12,28,16,16,35,28,12,16,12,3,BR3-ISX102,BR3
632,12010,BR2-IRX122-A,Universalus ðonas,14.0,1,1,566.0,258.0,22,20,22,21,21,21,22,21,21,21,2,BR2-IRX122-A,BR2
633,12010,BR3-ISX604,Apatinë jungiamoji juosta,9.0,1,1,1354.0,180.0,18,9,18,9,9,9,18,9,9,9,2,BR3-ISX604,BR3
634,12010,BR3-ITX107,Pertvara,14.0,2,2,970.0,278.0,20,14,20,20,0,0,20,14,0,0,3,BR3-ITX107,BR3
635,12010,BR3-ISX610,Apatinë jungiamoji juosta,9.0,1,1,1300.0,180.0,18,9,18,9,9,9,18,9,9,9,2,BR3-ISX610,BR3
636,12010,BR3-ISX613,Apatinë jungiamoji juosta,9.0,1,1,1454.0,180.0,18,9,18,9,9,9,18,9,9,9,2,BR3-ISX613,BR3
637,12010,BR3-ISX202,Galvûgalis,14.0,1,2,578.0,455.0,20,15,20,20,20,20,20,15,20,15,0,BR3-ISX202,BR3
638,12010,BR3-ISX203,Galvûgalis,14.0,1,2,670.0,455.0,20,15,20,20,20,20,20,15,20,15,0,BR3-ISX203,BR3
639,12010,BR3-ISX204,Galvûgalis,14.0,1,2,658.0,455.0,20,15,20,20,20,20,20,15,20,15,0,BR3-ISX204,BR3
640,12010,BR3-ISX302,Kojûgalis,12.0,1,2,378.0,1338.0,24,12,24,12,0,0,24,12,0,0,2,BR3-ISX302,BR3
641,12010,BR3-ISX303,Kojûgalis,12.0,1,2,378.0,1538.0,24,12,24,12,0,0,24,12,0,0,2,BR3-ISX303,BR3
642,12010,BR3-ISX904,Fasadas didelis,19.0,1,1,200.0,1290.0,32,20,32,17,17,35,32,17,17,17,2,BR3-ISX904,BR3
643,12010,BR3-ISX103,Ðonas,11.0,1,1,1902.0,180.0,28,12,28,16,16,35,28,12,16,12,3,BR3-ISX103,BR3
644,12010,BR3-IKX203,Virðus,12.0,1,1,1718.0,440.0,27,12,27,18,18,27,27,12,18,12,3,BR3-IKC203,BR3
645,12010,BR3-IRX120-K,Kairinis ðonas,12.0,1,2,566.0,423.0,18,13,18,20,20,13,18,13,20,13,3,BR3-IRC120-K,BR3
646,12010,BR3-ITX101-K,Kairinis ðonas,14.0,2,2,796.0,248.0,18,14,18,18,18,18,18,14,18,18,2,BR3-ITC101-K,BR3
647,12010,BR3-ITX302,Dugnas,13.0,2,2,1037.0,295.0,21,14,21,21,21,21,21,14,21,14,3,BR3-ITC302,BR3
648,12010,BR3-ITX301,Dugnas,14.0,2,2,686.0,295.0,24,18,22,27,25,32,22,18,27,18,3,BR3-ITC301,BR3
649,12010,BR3-ITX104,Pertvara,13.0,2,2,1092.0,295.0,18,10,18,18,18,18,18,10,18,18,2,BR3-ITC104,BR3
650,12010,BR3-ITX102,Pertvara,14.0,2,2,741.0,295.0,18,14,18,18,18,18,18,14,18,18,2,BR3-ITC102,BR3
651,12010,BR3-ITX202,Virðus,13.0,2,1,1157.0,345.0,22,13,22,22,22,22,22,13,22,13,3,BR3-ITC202,BR3
652,12010,BR3-ITX103-K,Kairinis ðonas,9.0,1,1,1147.0,248.0,18,10,18,18,18,18,18,10,18,18,2,BR3-ITC103-K,BR3
653,12010,BR2-IKX902,Stalèiaus priekis,19.5,1,1,794.0,206.0,27,21,27,21,21,30,27,21,21,21,2,BR2-IKC902,BR2
654,12010,BR3-IKX204,Virðus,12.0,1,1,900.0,460.0,23,12,23,18,18,23,23,12,18,12,3,BR3-IKC204,BR3
655,12010,BR3-IKX202,Virðus,12.0,1,1,900.0,440.0,23,12,23,18,18,23,23,12,18,12,3,BR3-IKC202,BR3
656,12010,BR2-IKX105,Pertvara,17.0,1,1,427.0,670.0,21,18,21,27,21,30,27,21,21,21,2,BR2-IKC105,BR2
657,12010,BR2-IKX903,Maþas stalèiaus priekis,19.5,2,1,794.0,210.0,27,21,27,21,21,27,27,21,21,18,2,BR2-IKC903,BR2
658,12010,BR2-IRX122,Universalus ðonas,14.0,1,1,566.0,258.0,22,20,22,21,21,21,22,21,21,21,2,BR2-IRC122,BR2
659,12010,BR3-IRX313,Dugnas,14.0,1,1,240.0,305.0,15,15,18,18,18,18,18,15,18,15,3,BR3-IRC313,BR3
660,12010,BR3-IRX215,Virðus,10.0,1,1,1200.0,730.0,15,10,18,18,18,18,18,10,18,10,4,BR3-IRC215,BR3
661,12010,BR3-IRX706,Prilaikymo juosta,18.0,2,2,544.0,159.0,21,18,21,21,20,20,20,20,21,20,2,BR3-IRC706,BR3
662,12010,BR3-IRX901,Durys,18.0,1,1,460.0,320.0,11,14,11,18,12,18,19,12,18,12,2,BR3-IRC901,BR3
663,12010,BR3-ITX201,Virðus,12.0,2,1,806.0,345.0,18,12,18,18,18,18,18,12,18,12,3,BR3-ITC201,BR3
664,12010,BR3-IKX103-D-A,Ðonas,17.0,1,1,374.0,1002.0,21,18,27,27,27,27,27,12,27,21,3,BR3-IKC103-D-A,BR3
665,12010,BR3-ITX106-K,Kairinis ðonas,16.0,1,1,520.0,378.0,24,16,24,24,24,24,24,16,24,24,3,BR3-ITC106-K,BR3
666,12010,BR3-ITX105-K,Kairinis ðonas,14.0,1,1,970.0,247.0,21,14,21,21,21,3,21,14,21,14,3,BR3-ITC105-K,BR3
667,12010,BR3-ITX105-D,Deðininis ðonas,14.0,1,1,970.0,247.0,21,14,21,21,21,3,21,14,21,14,3,BR3-ITC105-D,BR3
668,12010,BR3-ITX303,Dugnas,11.0,1,2,408.5,1710.0,25,11,25,25,25,25,25,11,25,11,3,BR3-ITC303,BR3
669,12010,BR3-ITX204,Virðus,9.0,1,1,1830.0,475.0,26,11,26,26,26,26,26,0,26,11,3,BR3-ITC204,BR3
670,12010,BR3-ITX203,Virðus,11.0,2,1,1830.0,328.0,26,11,26,26,26,26,26,11,26,11,3,BR3-ITC203,BR3
671,12010,BR2-IKX903-1,Maþas stalèiaus priekis dvigubos,18.0,1,1,794.0,206.0,27,21,27,21,21,27,27,21,21,18,2,BR2-IKC903-1,BR2
672,12010,BR3-ITX101-D,Deðininis ðonas,14.0,2,2,796.0,248.0,18,14,18,18,18,18,18,14,18,18,2,BR3-ITC101-D,BR3
673,12010,BR3-IKX103-K-A,Ðonas,17.0,1,1,374.0,1002.0,21,18,27,27,27,27,27,12,27,21,3,BR3-IKC103-K-A,BR3
674,12010,BR3-IRX120-D,Deðininis ðonas,12.0,1,2,566.0,423.0,18,13,18,20,13,15,18,13,20,13,4,BR3-IRC120-D,BR3
675,12010,BR3-IRX121-A,Pertvara,12.0,1,2,566.0,423.0,15,13,18,20,13,13,18,13,20,13,3,BR3-IRC121-A,BR3
676,12010,BR3-IRX120-D-A,Deðininis ðonas,12.0,1,2,566.0,423.0,18,13,18,20,20,13,18,13,20,13,3,BR3-IRC120-D-A,BR3
677,12010,BR3-IRX120-K-A,Kairinis ðonas,12.0,1,2,566.0,423.0,18,13,18,20,13,15,18,13,20,13,4,BR3-IRC120-K-A,BR3
678,12010,BR3-IRX214-A,Virðus,12.0,1,2,900.0,520.0,22,15,21,21,21,21,21,15,21,21,3,BR3-IRC214-A,BR3
679,12010,BR2-IKX106-D,Ðonas,17.0,1,2,688.0,394.0,21,18,21,27,21,30,27,21,21,21,2,BR2-IKC106-D,BR2
680,12010,BR2-IKX106-K,Ðonas,17.0,1,2,688.0,394.0,21,18,21,27,21,30,27,21,21,21,2,BR2-IKC106-K,BR2
681,12010,BR2-IKX106-D-A,Ðonas,17.0,1,2,688.0,394.0,21,18,21,27,21,30,27,21,21,21,2,BR2-IKC106-D-A,BR2
682,12010,BR2-IKX106-K-A,Ðonas,17.0,1,2,688.0,394.0,21,18,21,27,21,30,27,21,21,21,2,BR2-IKC106-K-A,BR2
683,12010,BR2-IKX701-A,Nugarëlë,12.0,1,2,800.0,334.0,23,12,23,18,18,23,23,12,18,12,3,BR2-IKC701-A,BR2
684,12010,BR3-IRX402,Lentyna,16.0,1,2,801.0,519.0,23,18,23,23,18,27,23,18,23,18,3,BR3-IRC402,BR3
685,12010,BR3-IRX121,Pertvara,12.0,1,2,566.0,423.0,18,13,18,20,13,13,18,13,20,13,3,BR3-IRC121,BR3
686,12010,BR3-IRX118-D,Deðininis ðonas,17.0,1,2,724.0,264.0,18,16,18,18,18,18,22,18,18,18,2,BR3-IRC118-D,BR3
687,12010,BR3-IRX118-K,Kairinis ðonas,17.0,1,2,724.0,264.0,18,16,18,18,18,18,22,18,18,18,3,BR3-IRC118-K,BR3
688,12010,BR3-IRX116-D,Deðininis ðonas,17.0,1,1,500.0,264.0,18,18,18,18,18,18,18,18,18,18,3,BR3-IRC116-D,BR3
689,12010,BR3-IRX116-K,Kairinis ðonas,17.0,1,1,500.0,264.0,18,16,18,18,22,18,18,18,22,12,3,BR3-IRC116-K,BR3
690,12010,BR3-IRX311,Dugnas,16.0,1,1,1080.0,312.0,26,20,26,17,18,18,27,17,21,18,2,BR3-IRC311,BR3
691,12010,BR3-IRX213,Virðus,12.0,1,2,800.0,475.0,18,12,18,20,13,13,18,13,20,13,3,BR3-IRC213,BR3
692,12010,BR3-IRX119,Pertvara,19.0,1,2,669.0,308.0,24,20,24,20,18,18,24,20,18,18,2,BR3-IRC119,BR3
693,12010,BR2-IRX903,Durys,11.0,1,2,1697.0,396.0,26,11,26,26,12,18,26,12,26,12,3,BR2-IRC903,BR2
694,12010,BR3-IRX902,Siauros dëþës fasadas,18.0,1,2,600.0,200.0,20,20,18,20,18,18,18,18,18,18,2,BR3-IRC902,BR3
695,12010,BR3-IRX403,Lentyna,18.0,1,2,382.0,519.0,18,18,19,18,19,19,18,19,18,19,2,BR3-IRC403,BR3
696,12010,BR3-IRX305,Dugnas,12.0,1,2,1200.0,505.0,26,20,26,23,18,22,26,15,23,18,3,BR3-IRC305,BR3
697,12010,BR3-IRX205,Virðus,11.0,1,1,1310.0,571.0,26,20,26,18,18,18,22,12,18,12,3,BR3-IRC205,BR3
698,12010,BR3-IRX907,Stalèiaus priekis,16.0,1,2,674.0,200.0,21,16,21,16,18,18,22,16,18,18,2,BR3-IRC907,BR3
699,12010,BR3-IKX202-A,Virðus,12.0,1,1,900.0,440.0,23,12,23,18,18,23,23,12,18,12,3,BR3-IKC202-A,BR3
700,12010,BR2-IKX103-D-A,Ðonas,17.0,1,1,374.0,1002.0,21,18,27,27,27,27,27,12,27,21,3,BR2-IKC103-D-A,BR2
701,12010,BR2-IKX103-K,Ðonas,17.0,1,1,374.0,1002.0,21,18,27,27,27,27,27,12,27,21,3,BR2-IKC103-K,BR2
702,12010,BR3-ITX103-D,Deðininis ðonas,9.0,1,1,1147.0,248.0,18,10,18,18,18,18,18,10,18,18,2,BR3-ITC103-D,BR3
703,12010,BR3-IRX206,Virðus,12.0,1,1,506.0,475.0,11,14,11,18,18,20,20,12,18,20,3,BR3-IRC206,BR3
704,12010,BR3-IRX114-D,Deðininis ðonas,8.0,1,1,806.0,780.0,18,8,18,18,9,9,18,9,18,9,5,BR3-IRC114-D,BR3
705,12010,BR3-IRX214,Virðus,12.0,1,2,900.0,520.0,22,15,21,21,21,21,21,15,21,21,3,BR3-IRC214,BR3
706,12010,BR3-IRX408,Lentyna,20.0,2,2,679.0,285.0,25,20,25,21,21,21,25,21,21,21,2,BR3-IRC408,BR3
707,12010,BR3-IRX115-D,Deðininis ðonas,13.0,1,1,952.0,231.0,22,15,22,22,22,22,22,15,22,22,3,BR3-IRC115-D,BR3
708,12010,BR3-IRX115-K,Kairinis ðonas,13.0,1,1,952.0,231.0,22,15,22,22,22,22,22,15,22,22,3,BR3-IRC115-K,BR3
709,12010,BR3-IRX212,Virðus,12.0,1,1,800.0,475.0,18,12,18,20,13,13,18,13,20,13,3,BR3-IRC212,BR3
710,12010,BR3-IRX211,Virðus,16.0,1,2,800.0,326.0,20,18,20,18,18,18,20,18,18,18,2,BR3-IRC211,BR3
711,12010,BR3-IRX912,Durys,17.0,1,2,684.0,336.0,21,16,21,18,18,18,21,18,18,18,2,BR3-IRC912,BR3
712,12010,BR3-IRX117,Pertvara,18.0,1,2,445.0,308.0,27,16,27,18,18,18,27,16,18,18,3,BR3-IRC117,BR3
713,12010,BR3-IRX114-K,Kairinis ðonas,8.0,1,1,806.0,780.0,18,8,18,18,9,9,18,9,18,9,5,BR3-IRC114-K,BR3
714,12010,BR3-ITX405,Lentyna,20.0,2,2,335.0,408.5,20,10,20,20,20,20,20,10,20,20,3,BR3-ITC405,BR3
715,12010,BR3-IRX310,Dugnas,17.0,1,1,680.0,412.0,18,14,18,21,18,18,18,14,21,14,4,BR3-IRC310,BR3
716,12010,BR3-IRX210,Virðus,12.0,1,2,800.0,475.0,17,13,17,20,13,13,17,13,20,13,3,BR3-IRC210,BR3
717,12010,BR3-IRX406,Lentyna,20.0,2,1,549.0,285.0,22,20,22,21,21,21,22,21,21,21,2,BR3-IRC406,BR3
718,12010,BR3-IRX405,Lentyna,20.0,2,1,550.0,285.0,21,13,21,21,14,14,21,14,21,14,3,BR3-IRC405,BR3
719,12010,BR3-IRX113-K,Kairinis ðonas,8.0,1,1,1775.5,231.0,20,9,20,18,18,18,20,9,18,9,4,BR3-IRC113-K,BR3
720,12010,BR3-IRX113-D,Deðininis ðonas,8.0,1,1,1775.5,231.0,20,9,20,18,18,18,20,9,18,9,4,BR3-IRC113-D,BR3
721,12010,BR3-IRX309,Dugnas,13.0,2,1,550.0,276.0,18,13,18,21,18,18,18,14,21,14,4,BR3-IRC309,BR3
722,12010,BR3-IRX209,Virðus,12.0,1,2,670.0,328.0,18,18,18,18,18,18,18,18,18,18,3,BR3-IRC209,BR3
723,12010,BR3-IRX407,Lentyna,17.0,2,2,679.0,408.0,25,21,25,32,21,21,25,21,32,21,3,BR3-IRC407,BR3
724,12010,BR3-ISX301,Dugnas,18.0,1,2,364.0,329.0,18,18,19,18,19,19,18,19,18,19,2,BR3-ISC301,BR3
725,12010,BR3-ITX106-D,Deðininis ðonas,16.0,1,1,520.0,378.0,24,16,24,24,24,24,24,16,24,24,3,BR3-ITC106-D,BR3
726,12010,BR3-ISX108-K,Kairinis ðonas,12.0,1,1,477.0,783.0,18,13,18,20,20,13,18,13,20,13,3,BR3-ISC108-K,BR3
727,12010,BR3-ISX205,Virðus,10.0,1,1,603.0,1196.0,19,14,19,16,20,26,19,11,16,11,3,BR3-ISC205,BR3
728,12010,BR3-ISX403,Lentyna,18.0,1,2,529.0,364.0,18,22,18,18,0,0,18,12,0,0,3,BR3-ISC403,BR3
729,12010,BR3-ISX107,Pertvara,11.0,1,1,580.0,1879.0,18,22,18,18,0,0,18,12,0,0,3,BR3-ISC107,BR3
730,12010,BR3-ISX106-K,Ðonas,11.0,1,1,580.0,1879.0,29,22,29,18,0,0,29,12,18,12,3,BR3-ISC106-K,BR3
731,12010,BR3-ISX402,Lentyna,18.0,1,2,529.0,764.0,18,22,18,18,0,0,18,12,0,0,3,BR3-ISC402,BR3
732,12010,BR3-ISX208,Virðus,10.0,1,1,500.0,816.0,22,11,22,20,0,0,22,13,16,11,3,BR3-ISC208,BR3
733,12010,BR3-ISX207,Virðus,10.0,1,1,603.0,1196.0,22,11,22,20,0,0,22,13,16,11,3,BR3-ISC207,BR3
734,12010,BR3-ISX109-K,Kairinis ðonas,12.0,1,1,477.0,1008.0,18,13,18,20,20,13,18,13,20,13,3,BR3-ISC109-K,BR3
735,12010,BR3-ISX401,Lentyna,18.0,1,2,364.0,349.0,18,18,19,18,19,19,18,19,18,19,2,BR3-ISC401,BR3
736,12010,BR3-ISX101-D,Deðininis ðonas,14.0,2,2,529.0,375.0,18,14,18,18,18,18,18,14,18,18,2,BR3-ISC101-D,BR3
737,12010,BR3-ISX101-K,Kairinis ðonas,14.0,2,2,529.0,375.0,18,14,18,18,18,18,18,14,18,18,2,BR3-ISC101-K,BR3
738,12010,BR3-ISX201,Virðus,16.0,1,2,416.0,403.0,17,17,17,17,17,17,17,17,17,17,2,BR3-ISC201,BR3
739,12010,BR3-ISX703,Nugarëlë didelë,19.0,1,1,160.0,1288.0,19,15,28,19,0,0,28,19,0,0,2,BR3-ISC703,BR3
740,12010,BR3-ISX702,Nugarëlë maþa,19.0,1,1,160.0,598.0,19,15,28,19,0,0,28,19,0,0,2,BR3-ISC702,BR3
741,12010,BR3-ISX701,Nugarëlë didelë,19.0,1,2,160.0,1388.0,19,15,28,19,19,19,28,19,19,19,2,BR3-ISC701,BR3
742,12010,BR3-ISX902,Fasadas didelis,16.0,1,1,200.0,1390.0,32,20,32,17,17,35,32,17,17,17,2,BR3-ISC902,BR3
743,12010,BR3-ISX106-D,Ðonas,11.0,1,1,580.0,1879.0,29,22,29,18,0,0,29,12,18,12,3,BR3-ISC106-D,BR3
744,12010,BR2-IKX103-D,Ðonas,17.0,1,1,374.0,1002.0,21,18,27,27,27,27,27,12,27,21,3,BR2-IKC103-D,BR2
745,12010,BR3-ISX306,Dugnas,11.0,1,2,531.0,1144.0,20,12,20,18,0,0,18,12,0,0,3,BR3-ISC306,BR3
746,12010,BR3-IRX903,Durys,11.0,1,2,1697.0,396.0,26,11,26,26,12,18,26,12,26,12,3,BR3-IRC903,BR3
747,12010,BR3-IRX412-A,Lentyna,20.0,1,1,240.0,305.0,18,16,20,20,0,0,20,14,0,0,2,BR3-IRC412-A,BR3
748,12010,BR3-IRX215-A,Virðus,10.0,1,1,1200.0,730.0,15,10,18,18,18,18,18,10,18,10,4,BR3-IRC215-A,BR3
749,12010,BR3-IKX105,Pertvara,17.0,1,1,427.0,670.0,21,18,21,27,21,30,27,21,21,21,2,BR3-IKC105,BR3
750,12010,BR2-IKX901,Stalèiaus priekis,19.5,1,1,794.0,206.0,27,21,27,21,21,30,27,21,21,21,2,BR2-IKC901,BR2
751,12010,BR2-IKX101-K,Ðonas,17.0,1,2,688.0,374.0,21,18,21,27,21,30,27,21,21,21,2,BR2-IKC101-K,BR2
752,12010,BR3-ISX108-D,Deðininis ðonas,12.0,1,1,477.0,783.0,18,13,18,20,20,13,18,13,20,13,3,BR3-ISC108-D,BR3
753,12010,BR2-IKX103-K-A,Ðonas,17.0,1,1,374.0,1002.0,21,18,27,27,27,27,27,12,27,21,3,BR2-IKC103-K-A,BR2
754,12010,BR3-ITX703,Nugarëlë,15.0,1,2,970.0,475.0,22,15,22,22,22,22,22,15,22,22,3,BR3-ITC703,BR3
755,12010,BR3-ISX704,Nugarëlë,16.0,2,1,223.0,764.0,19,20,19,17,17,20,19,17,17,17,2,BR3-ISC704,BR3
756,12010,BR3-ISX112,Pertvara,16.0,1,1,256.0,425.5,19,20,19,17,17,20,19,17,17,17,2,BR3-ISC112,BR3
757,12010,BR3-ISX110,Pertvara,12.0,1,1,456.0,783.0,18,13,18,20,20,13,18,13,20,13,3,BR3-ISC110,BR3
758,12010,BR3-ISX111-K,Kairinis ðonas,12.0,1,1,477.0,1233.0,18,13,18,20,20,13,18,13,20,13,3,BR3-ISC111-K,BR3
759,12010,BR3-ISX111-D,Deðininis ðonas,12.0,1,1,477.0,1233.0,18,13,18,20,20,13,18,13,20,13,3,BR3-ISC111-D,BR3
760,12010,BR3-ISX113-K,Kairinis ðonas,12.0,1,1,477.0,783.0,18,13,18,20,20,13,18,13,20,13,3,BR3-ISC113-K,BR3
761,12010,BR3-ISX113-D,Deðininis ðonas,12.0,1,1,477.0,783.0,18,13,18,20,20,13,18,13,20,13,3,BR3-ISC113-D,BR3
762,12010,BR3-ISX109-D,Deðininis ðonas,12.0,1,1,477.0,1008.0,18,13,18,20,20,13,18,13,20,13,3,BR3-ISC109-D,BR3
763,12010,BR2-IKX101-D,Ðonas,17.0,1,2,688.0,374.0,21,18,21,27,21,30,27,21,21,21,2,BR2-IKC101-D,BR2
764,12010,BR3-ITX402,Lentyna,20.0,2,2,335.0,278.0,20,10,20,20,20,20,20,10,20,20,3,BR3-ITC402,BR3
765,12010,BR3-IKX103-K,Ðonas,17.0,1,1,374.0,1002.0,21,18,27,27,27,27,27,12,27,21,3,BR3-IKC103-K,BR3
766,12010,BR3-IKX103-D,Ðonas,17.0,1,1,374.0,1002.0,21,18,27,27,27,27,27,12,27,21,3,BR3-IKC103-D,BR3
767,12010,BR2-IKX301-A,Dugnas,12.0,1,1,800.0,369.0,23,12,23,18,18,23,23,12,18,12,3,BR2-IKC301-A,BR2
768,12010,BR3-ITX403,Lentyna,20.0,2,2,275.0,335.0,20,10,20,20,20,20,20,10,20,20,3,BR3-ITC403,BR3
769,12010,BR3-IRX313-A,Dugnas,14.0,1,1,240.0,305.0,15,15,18,18,18,18,18,15,18,15,3,BR3-IRC313-A,BR3
770,12010,BR3-IRX122-A,Universalus ðonas,14.0,1,1,566.0,258.0,22,20,22,21,21,21,22,21,21,21,2,BR3-IRC122-A,BR3
771,12010,BR3-IKX702-A,Nugarëlë,18.0,1,2,800.0,334.0,23,12,23,18,18,23,23,12,18,12,3,BR3-IKC702-A,BR3
772,12010,BR3-ISX903,Fasadas didelis,16.0,1,1,200.0,600.0,19,20,19,17,17,20,19,17,17,17,2,BR3-ISC903,BR3
773,12010,BR3-IRX706-A,Prilaikymo juosta,18.0,2,2,544.0,159.0,21,18,21,21,20,20,20,20,21,20,2,BR3-IRC706-A,BR3
774,12010,BR3-ISX305,Kojûgalis,12.0,1,2,378.0,1438.0,24,12,24,12,12,12,24,12,12,12,2,BR3-ISC305,BR3
775,12010,BR2-IKX903-A,Maþas stalèiaus priekis,19.5,2,1,794.0,210.0,27,21,27,21,21,27,27,21,21,18,2,BR2-IKC903-A,BR2
776,12010,BR2-IKX902-A,Stalèiaus priekis,19.5,1,1,794.0,206.0,27,21,27,21,21,30,27,21,21,21,2,BR2-IKC902-A,BR2
777,12010,BR2-IKX902-1,Maþas stalèiaus priekis dvigubos,18.0,1,1,794.0,206.0,27,21,27,21,21,27,27,21,21,18,2,BR2-IKC902-1,BR2
778,12010,BR3-IKX702-A,Nugarëlë,14.0,1,2,800.0,334.0,23,12,23,18,18,23,23,12,18,12,3,BR3-IKC702-A,BR3
779,12010,BR2-IKX702-A,Nugarëlë,14.0,1,2,800.0,334.0,23,12,23,18,18,23,23,12,18,12,3,BR2-IKC702-A,BR2
780,12010,BR3-IKX702,Nugarëlë,18.0,1,2,800.0,334.0,23,12,23,18,18,23,23,12,18,12,3,BR3-IKC702,BR3
781,12010,BR3-ITX404,Lentyna,20.0,2,2,442.0,408.5,20,10,20,20,20,20,20,10,20,20,3,BR3-ITC404,BR3
782,12010,BR3-ITX107,Pertvara,14.0,2,2,970.0,278.0,20,14,20,20,0,0,20,14,0,0,3,BR3-ITC107,BR3
783,12010,BR3-IKX204-A,Virðus,12.0,1,1,900.0,460.0,23,12,23,18,18,23,23,12,18,12,3,BR3-IKC204-A,BR3
784,12010,BR3-ISX607,Apatinë jungiamoji juosta,9.0,1,1,1554.0,180.0,18,9,18,9,9,9,18,9,9,9,2,BR3-ISC607,BR3
785,12010,BR3-ITX108,Pertvara,18.0,2,2,408.5,465.0,18,18,18,18,20,35,18,18,18,18,2,BR3-ITC108,BR3
786,12010,BR3-ISX209,Virðus,10.0,1,1,500.0,816.0,22,11,22,20,0,0,22,13,16,11,3,BR3-ISC209,BR3
787,12010,BR3-ISX206,Virðus,10.0,1,1,500.0,816.0,15,11,15,16,0,0,15,11,16,11,3,BR3-ISC206,BR3
788,12010,BR2-IKX301,Dugnas,12.0,2,2,800.0,369.0,24,20,24,24,0,0,24,20,0,0,4,BR2-IKC301,BR2
789,12010,BR2-IKX701,Nugarëlë,12.0,2,2,800.0,334.0,24,20,24,24,0,0,24,20,0,0,4,BR2-IKC701,BR2
790,12010,BR2-IKX702,Nugarëlë,12.0,2,2,800.0,334.0,24,20,24,24,0,0,24,20,0,0,4,BR2-IKC702,BR2
791,12010,BR3-ISX304,Kojûgalis,12.0,1,2,378.0,1284.0,24,12,24,12,12,12,24,12,12,12,2,BR3-ISC304,BR3
792,12010,BR3-ISX102,Ðonas,11.0,1,1,2002.0,180.0,28,12,28,16,16,35,28,12,16,12,3,BR3-ISC102,BR3
793,12010,BR2-IRX122-A,Universalus ðonas,14.0,1,1,566.0,258.0,22,20,22,21,21,21,22,21,21,21,2,BR2-IRC122-A,BR2
794,12010,BR3-ISX604,Apatinë jungiamoji juosta,9.0,1,1,1354.0,180.0,18,9,18,9,9,9,18,9,9,9,2,BR3-ISC604,BR3
795,12010,BR3-ITX107,Pertvara,14.0,2,2,970.0,278.0,20,14,20,20,0,0,20,14,0,0,3,BR3-ITC107,BR3
796,12010,BR3-ISX610,Apatinë jungiamoji juosta,9.0,1,1,1300.0,180.0,18,9,18,9,9,9,18,9,9,9,2,BR3-ISC610,BR3
797,12010,BR3-ISX613,Apatinë jungiamoji juosta,9.0,1,1,1454.0,180.0,18,9,18,9,9,9,18,9,9,9,2,BR3-ISC613,BR3
798,12010,BR3-ISX202,Galvûgalis,14.0,1,2,578.0,455.0,20,15,20,20,20,20,20,15,20,15,0,BR3-ISC202,BR3
799,12010,BR3-ISX203,Galvûgalis,14.0,1,2,670.0,455.0,20,15,20,20,20,20,20,15,20,15,0,BR3-ISC203,BR3
800,12010,BR3-ISX204,Galvûgalis,14.0,1,2,658.0,455.0,20,15,20,20,20,20,20,15,20,15,0,BR3-ISC204,BR3
801,12010,BR3-ISX302,Kojûgalis,12.0,1,2,378.0,1338.0,24,12,24,12,0,0,24,12,0,0,2,BR3-ISC302,BR3
802,12010,BR3-ISX303,Kojûgalis,12.0,1,2,378.0,1538.0,24,12,24,12,0,0,24,12,0,0,2,BR3-ISC303,BR3
803,12010,BR3-ISX904,Fasadas didelis,19.0,1,1,200.0,1290.0,32,20,32,17,17,35,32,17,17,17,2,BR3-ISC904,BR3
804,12010,BR3-ISX103,Ðonas,11.0,1,1,1902.0,180.0,28,12,28,16,16,35,28,12,16,12,3,BR3-ISC103,BR3
