WorckCenter,ProductAGR,ProductName,NPC,Parts,Path,Width,Lenght,LiftPushSpeed,LiftRegularSpeed,RT1EntranceSpeed,RT1ExitSpeed,RT2EntranceSpeed,RT2ExitSpeed,EM1PushSpeed,EM1PushCycle,EM2PushSpeed,EM2PushCycle,Position,Product,BR,Chipboard,Color
12010,BR3-IKX202,Virðus,12.0,1,1,900.0,440.0,23.0,12.0,23.0,18.0,18.0,23.0,23.0,12.0,18.0,12.0,3,BR3-IKW202,BR3,0,white
12010,BR3-ITX101-K,Kairinis ðonas,14.0,2,0,796.0,248.0,18.0,14.0,18.0,18.0,18.0,18.0,18.0,14.0,18.0,18.0,2,BR3-ITW101-K,BR3,0,white
12010,BR3-ITX302,Dugnas,13.0,2,0,1037.0,295.0,21.0,14.0,21.0,21.0,21.0,21.0,21.0,14.0,21.0,14.0,3,BR3-ITW302,BR3,0,white
12010,BR3-ITX301,Dugnas,14.0,2,0,686.0,295.0,24.0,18.0,22.0,27.0,25.0,32.0,22.0,18.0,27.0,18.0,3,BR3-ITW301,BR3,0,white
12010,BR3-ITX104,Pertvara,13.0,2,0,1092.0,295.0,18.0,10.0,18.0,18.0,18.0,18.0,18.0,10.0,18.0,18.0,2,BR3-ITW104,BR3,0,white
12010,BR3-ITX102,Pertvara,14.0,2,0,741.0,295.0,18.0,14.0,18.0,18.0,18.0,18.0,18.0,14.0,18.0,18.0,2,BR3-ITW102,BR3,0,white
12010,BR3-ITX202,Virðus,13.0,2,1,1157.0,345.0,22.0,13.0,22.0,22.0,22.0,22.0,22.0,13.0,22.0,13.0,3,BR3-ITW202,BR3,0,white
12010,BR3-ITX201,Virðus,12.0,2,1,806.0,345.0,18.0,12.0,18.0,18.0,18.0,18.0,18.0,12.0,18.0,12.0,3,BR3-ITW201,BR3,0,white
12010,BR3-IRX901,Durys,18.0,1,1,460.0,320.0,11.0,14.0,11.0,18.0,12.0,18.0,19.0,12.0,18.0,12.0,2,BR3-IRW901,BR3,0,white
12010,BR3-IKX203,Virðus,12.0,1,1,1718.0,440.0,27.0,12.0,27.0,18.0,18.0,27.0,27.0,12.0,18.0,12.0,3,BR3-IKW203,BR3,0,white
12010,BR3-IKX204,Virðus,12.0,1,1,900.0,460.0,23.0,12.0,23.0,18.0,18.0,23.0,23.0,12.0,18.0,12.0,3,BR3-IKW204,BR3,0,white
12010,BR2-IKX105,Pertvara,17.0,1,1,427.0,670.0,21.0,18.0,21.0,27.0,21.0,30.0,27.0,21.0,21.0,21.0,2,BR2-IKW105,BR2,0,white
12010,BR2-IKX903,Maþas stalèiaus priekis,19.5,2,1,794.0,210.0,27.0,21.0,27.0,21.0,21.0,27.0,27.0,21.0,21.0,18.0,2,BR2-IKW903,BR2,0,white
12010,BR2-IRX122,Universalus ðonas,14.0,1,1,566.0,258.0,22.0,20.0,22.0,21.0,21.0,21.0,22.0,21.0,21.0,21.0,2,BR2-IRW122,BR2,0,white
12010,BR3-IRX313,Dugnas,14.0,1,1,240.0,305.0,15.0,15.0,18.0,18.0,18.0,18.0,18.0,15.0,18.0,15.0,3,BR3-IRW313,BR3,0,white
12010,BR3-IRX215,Virðus,10.0,1,1,1200.0,730.0,15.0,10.0,18.0,18.0,18.0,18.0,18.0,10.0,18.0,10.0,4,BR3-IRW215,BR3,0,white
12010,BR3-IRX706,Prilaikymo juosta,18.0,2,0,544.0,159.0,21.0,18.0,21.0,21.0,20.0,20.0,20.0,20.0,21.0,20.0,2,BR3-IRW706,BR3,0,white
12010,BR3-IRX121,Pertvara,12.0,1,0,566.0,423.0,18.0,13.0,18.0,20.0,13.0,13.0,18.0,13.0,20.0,13.0,3,BR3-IRW121,BR3,0,white
12010,BR2-IKX902,Stalèiaus priekis,19.5,1,1,794.0,206.0,27.0,21.0,27.0,21.0,21.0,30.0,27.0,21.0,21.0,21.0,2,BR2-IKW902,BR2,0,white
12010,BR3-IRX121-A,Pertvara,12.0,1,0,566.0,423.0,15.0,13.0,18.0,20.0,13.0,13.0,18.0,13.0,20.0,13.0,3,BR3-IRW121-A,BR3,1,white
12010,BR3-ITX105-K,Kairinis ðonas,14.0,1,1,970.0,247.0,21.0,14.0,21.0,21.0,21.0,3.0,21.0,14.0,21.0,14.0,3,BR3-ITW105-K,BR3,0,white
12010,BR3-ITX105-D,Deðininis ðonas,14.0,1,1,970.0,247.0,21.0,14.0,21.0,21.0,21.0,3.0,21.0,14.0,21.0,14.0,3,BR3-ITW105-D,BR3,0,white
12010,BR3-ITX303,Dugnas,11.0,1,0,408.5,1710.0,25.0,11.0,25.0,25.0,25.0,25.0,25.0,11.0,25.0,11.0,3,BR3-ITW303,BR3,0,white
12010,BR3-ITX204,Virðus,9.0,1,1,1830.0,475.0,26.0,11.0,26.0,26.0,26.0,26.0,26.0,0.0,26.0,11.0,3,BR3-ITW204,BR3,0,white
12010,BR3-ITX203,Virðus,11.0,2,1,1830.0,328.0,26.0,11.0,26.0,26.0,26.0,26.0,26.0,11.0,26.0,11.0,3,BR3-ITW203,BR3,0,white
12010,BR2-IKX903-1,Maþas stalèiaus priekis dvigubos,18.0,1,1,794.0,206.0,27.0,21.0,27.0,21.0,21.0,27.0,27.0,21.0,21.0,18.0,2,BR2-IKW903-1,BR2,0,white
12010,BR2-IKX701-A,Nugarëlë,12.0,1,0,800.0,334.0,23.0,12.0,23.0,18.0,18.0,23.0,23.0,12.0,18.0,12.0,3,BR2-IKW701-A,BR2,1,white
12010,BR3-ITX101-D,Deðininis ðonas,14.0,2,0,796.0,248.0,18.0,14.0,18.0,18.0,18.0,18.0,18.0,14.0,18.0,18.0,2,BR3-ITW101-D,BR3,0,white
12010,BR3-IKX103-D-A,Ðonas,17.0,1,1,374.0,1002.0,21.0,18.0,27.0,27.0,27.0,27.0,27.0,12.0,27.0,21.0,3,BR3-IKW103-D-A,BR3,1,white
12010,BR3-ITX103-K,Kairinis ðonas,9.0,1,1,1147.0,248.0,18.0,10.0,18.0,18.0,18.0,18.0,18.0,10.0,18.0,18.0,2,BR3-ITW103-K,BR3,0,white
12010,BR3-IRX120-D-A,Deðininis ðonas,12.0,1,0,566.0,423.0,18.0,13.0,18.0,20.0,20.0,13.0,18.0,13.0,20.0,13.0,3,BR3-IRW120-D-A,BR3,1,white
12010,BR3-IRX120-K-A,Kairinis ðonas,12.0,1,0,566.0,423.0,18.0,13.0,18.0,20.0,13.0,15.0,18.0,13.0,20.0,13.0,4,BR3-IRW120-K-A,BR3,1,white
12010,BR3-IRX214-A,Virðus,12.0,1,0,900.0,520.0,22.0,15.0,21.0,21.0,21.0,21.0,21.0,15.0,21.0,21.0,3,BR3-IRW214-A,BR3,1,white
12010,BR2-IKX106-D,Ðonas,17.0,1,0,688.0,394.0,21.0,18.0,21.0,27.0,21.0,30.0,27.0,21.0,21.0,21.0,2,BR2-IKW106-D,BR2,0,white
12010,BR2-IKX106-K,Ðonas,17.0,1,0,688.0,394.0,21.0,18.0,21.0,27.0,21.0,30.0,27.0,21.0,21.0,21.0,2,BR2-IKW106-K,BR2,0,white
12010,BR2-IKX106-D-A,Ðonas,17.0,1,0,688.0,394.0,21.0,18.0,21.0,27.0,21.0,30.0,27.0,21.0,21.0,21.0,2,BR2-IKW106-D-A,BR2,1,white
12010,BR2-IKX106-K-A,Ðonas,17.0,1,0,688.0,394.0,21.0,18.0,21.0,27.0,21.0,30.0,27.0,21.0,21.0,21.0,2,BR2-IKW106-K-A,BR2,1,white
12010,BR3-IRX214,Virðus,12.0,1,0,900.0,520.0,22.0,15.0,21.0,21.0,21.0,21.0,21.0,15.0,21.0,21.0,3,BR3-IRW214,BR3,0,white
12010,BR3-IKX103-K-A,Ðonas,17.0,1,1,374.0,1002.0,21.0,18.0,27.0,27.0,27.0,27.0,27.0,12.0,27.0,21.0,3,BR3-IKW103-K-A,BR3,1,white
12010,BR3-IRX402,Lentyna,16.0,1,0,801.0,519.0,23.0,18.0,23.0,23.0,18.0,27.0,23.0,18.0,23.0,18.0,3,BR3-IRW402,BR3,0,white
12010,BR3-IRX120-K,Kairinis ðonas,12.0,1,0,566.0,423.0,18.0,13.0,18.0,20.0,20.0,13.0,18.0,13.0,20.0,13.0,3,BR3-IRW120-K,BR3,0,white
12010,BR3-IRX118-D,Deðininis ðonas,17.0,1,0,724.0,264.0,18.0,16.0,18.0,18.0,18.0,18.0,22.0,18.0,18.0,18.0,2,BR3-IRW118-D,BR3,0,white
12010,BR3-IRX118-K,Kairinis ðonas,17.0,1,0,724.0,264.0,18.0,16.0,18.0,18.0,18.0,18.0,22.0,18.0,18.0,18.0,3,BR3-IRW118-K,BR3,0,white
12010,BR3-IRX116-D,Deðininis ðonas,17.0,1,1,500.0,264.0,18.0,18.0,18.0,18.0,18.0,18.0,18.0,18.0,18.0,18.0,3,BR3-IRW116-D,BR3,0,white
12010,BR3-IRX116-K,Kairinis ðonas,17.0,1,1,500.0,264.0,18.0,16.0,18.0,18.0,22.0,18.0,18.0,18.0,22.0,12.0,3,BR3-IRW116-K,BR3,0,white
12010,BR3-IRX311,Dugnas,16.0,1,1,1080.0,312.0,26.0,20.0,26.0,17.0,18.0,18.0,27.0,17.0,21.0,18.0,2,BR3-IRW311,BR3,0,white
12010,BR3-IRX213,Virðus,12.0,1,0,800.0,475.0,18.0,12.0,18.0,20.0,13.0,13.0,18.0,13.0,20.0,13.0,3,BR3-IRW213,BR3,0,white
12010,BR3-IRX119,Pertvara,19.0,1,0,669.0,308.0,24.0,20.0,24.0,20.0,18.0,18.0,24.0,20.0,18.0,18.0,2,BR3-IRW119,BR3,0,white
12010,BR2-IRX903,Durys,11.0,1,0,1697.0,396.0,26.0,11.0,26.0,26.0,12.0,18.0,26.0,12.0,26.0,12.0,3,BR2-IRW903,BR2,0,white
12010,BR3-IRX902,Siauros dëþës fasadas,18.0,1,0,600.0,200.0,20.0,20.0,18.0,20.0,18.0,18.0,18.0,18.0,18.0,18.0,2,BR3-IRW902,BR3,0,white
12010,BR3-IRX403,Lentyna,18.0,1,0,382.0,519.0,18.0,18.0,19.0,18.0,19.0,19.0,18.0,19.0,18.0,19.0,2,BR3-IRW403,BR3,0,white
12010,BR3-IRX305,Dugnas,12.0,1,0,1200.0,505.0,26.0,20.0,26.0,23.0,18.0,22.0,26.0,15.0,23.0,18.0,3,BR3-IRW305,BR3,0,white
12010,BR3-IRX205,Virðus,11.0,1,1,1310.0,571.0,26.0,20.0,26.0,18.0,18.0,18.0,22.0,12.0,18.0,12.0,3,BR3-IRW205,BR3,0,white
12010,BR3-IRX907,Stalèiaus priekis,16.0,1,0,674.0,200.0,21.0,16.0,21.0,16.0,18.0,18.0,22.0,16.0,18.0,18.0,2,BR3-IRW907,BR3,0,white
12010,BR3-IKX202-A,Virðus,12.0,1,1,900.0,440.0,23.0,12.0,23.0,18.0,18.0,23.0,23.0,12.0,18.0,12.0,3,BR3-IKW202-A,BR3,1,white
12010,BR2-IKX103-D-A,Ðonas,17.0,1,1,374.0,1002.0,21.0,18.0,27.0,27.0,27.0,27.0,27.0,12.0,27.0,21.0,3,BR2-IKW103-D-A,BR2,1,white
12010,BR2-IKX103-K-A,Ðonas,17.0,1,1,374.0,1002.0,21.0,18.0,27.0,27.0,27.0,27.0,27.0,12.0,27.0,21.0,3,BR2-IKW103-K-A,BR2,1,white
12010,BR3-ITX103-D,Deðininis ðonas,9.0,1,1,1147.0,248.0,18.0,10.0,18.0,18.0,18.0,18.0,18.0,10.0,18.0,18.0,2,BR3-ITW103-D,BR3,0,white
12010,BR3-IRX206,Virðus,12.0,1,1,506.0,475.0,11.0,14.0,11.0,18.0,18.0,20.0,20.0,12.0,18.0,20.0,3,BR3-IRW206,BR3,0,white
12010,BR3-IRX114-D,Deðininis ðonas,8.0,1,1,806.0,780.0,18.0,8.0,18.0,18.0,9.0,9.0,18.0,9.0,18.0,9.0,5,BR3-IRW114-D,BR3,0,white
12010,BR3-ITX108,Pertvara,18.0,2,0,408.5,465.0,18.0,18.0,18.0,18.0,20.0,35.0,18.0,18.0,18.0,18.0,2,BR3-ITW108,BR3,0,white
12010,BR3-IRX408,Lentyna,20.0,2,0,679.0,285.0,25.0,20.0,25.0,21.0,21.0,21.0,25.0,21.0,21.0,21.0,2,BR3-IRW408,BR3,0,white
12010,BR3-IRX115-D,Deðininis ðonas,13.0,1,1,952.0,231.0,22.0,15.0,22.0,22.0,22.0,22.0,22.0,15.0,22.0,22.0,3,BR3-IRW115-D,BR3,0,white
12010,BR3-IRX115-K,Kairinis ðonas,13.0,1,1,952.0,231.0,22.0,15.0,22.0,22.0,22.0,22.0,22.0,15.0,22.0,22.0,3,BR3-IRW115-K,BR3,0,white
12010,BR3-IRX212,Virðus,12.0,1,1,800.0,475.0,18.0,12.0,18.0,20.0,13.0,13.0,18.0,13.0,20.0,13.0,3,BR3-IRW212,BR3,0,white
12010,BR3-IRX211,Virðus,16.0,1,0,800.0,326.0,20.0,18.0,20.0,18.0,18.0,18.0,20.0,18.0,18.0,18.0,2,BR3-IRW211,BR3,0,white
12010,BR3-IRX912,Durys,17.0,1,0,684.0,336.0,21.0,16.0,21.0,18.0,18.0,18.0,21.0,18.0,18.0,18.0,2,BR3-IRW912,BR3,0,white
12010,BR3-IRX117,Pertvara,18.0,1,0,445.0,308.0,27.0,16.0,27.0,18.0,18.0,18.0,27.0,16.0,18.0,18.0,3,BR3-IRW117,BR3,0,white
12010,BR3-IRX114-K,Kairinis ðonas,8.0,1,1,806.0,780.0,18.0,8.0,18.0,18.0,9.0,9.0,18.0,9.0,18.0,9.0,5,BR3-IRW114-K,BR3,0,white
12010,BR3-IRX120-D,Deðininis ðonas,12.0,1,0,566.0,423.0,18.0,13.0,18.0,20.0,13.0,15.0,18.0,13.0,20.0,13.0,4,BR3-IRW120-D,BR3,0,white
12010,BR3-IRX310,Dugnas,17.0,1,1,680.0,412.0,18.0,14.0,18.0,21.0,18.0,18.0,18.0,14.0,21.0,14.0,4,BR3-IRW310,BR3,0,white
12010,BR3-IRX210,Virðus,12.0,1,0,800.0,475.0,17.0,13.0,17.0,20.0,13.0,13.0,17.0,13.0,20.0,13.0,3,BR3-IRW210,BR3,0,white
12010,BR3-IRX406,Lentyna,20.0,2,1,549.0,285.0,22.0,20.0,22.0,21.0,21.0,21.0,22.0,21.0,21.0,21.0,2,BR3-IRW406,BR3,0,white
12010,BR3-IRX405,Lentyna,20.0,2,1,550.0,285.0,21.0,13.0,21.0,21.0,14.0,14.0,21.0,14.0,21.0,14.0,3,BR3-IRW405,BR3,0,white
12010,BR3-IRX113-K,Kairinis ðonas,8.0,1,1,1775.5,231.0,20.0,9.0,20.0,18.0,18.0,18.0,20.0,9.0,18.0,9.0,4,BR3-IRW113-K,BR3,0,white
12010,BR3-IRX113-D,Deðininis ðonas,8.0,1,1,1775.5,231.0,20.0,9.0,20.0,18.0,18.0,18.0,20.0,9.0,18.0,9.0,4,BR3-IRW113-D,BR3,0,white
12010,BR3-IRX309,Dugnas,13.0,2,1,550.0,276.0,18.0,13.0,18.0,21.0,18.0,18.0,18.0,14.0,21.0,14.0,4,BR3-IRW309,BR3,0,white
12010,BR3-IRX209,Virðus,12.0,1,0,670.0,328.0,18.0,18.0,18.0,18.0,18.0,18.0,18.0,18.0,18.0,18.0,3,BR3-IRW209,BR3,0,white
12010,BR3-IRX407,Lentyna,17.0,2,0,679.0,408.0,25.0,21.0,25.0,32.0,21.0,21.0,25.0,21.0,32.0,21.0,3,BR3-IRW407,BR3,0,white
12010,BR3-ISX301,Dugnas,18.0,1,0,364.0,329.0,18.0,18.0,19.0,18.0,19.0,19.0,18.0,19.0,18.0,19.0,2,BR3-ISW301,BR3,0,white
12010,BR3-ISx903,Fasadas didelis,16.0,1,1,200.0,600.0,19.0,20.0,19.0,17.0,17.0,20.0,19.0,17.0,17.0,17.0,2,BR3-ISW903,BR3,0,white
12010,BR3-ISX108-K,Kairinis ðonas,12.0,1,1,477.0,783.0,18.0,13.0,18.0,20.0,20.0,13.0,18.0,13.0,20.0,13.0,3,BR3-ISW108-K,BR3,0,white
12010,BR3-ISX205,Virðus,10.0,1,1,603.0,1196.0,19.0,14.0,19.0,16.0,20.0,26.0,19.0,11.0,16.0,11.0,3,BR3-ISW205,BR3,0,white
12010,BR3-ISX403,Lentyna,18.0,1,0,529.0,364.0,18.0,22.0,18.0,18.0,0.0,0.0,18.0,12.0,0.0,0.0,3,BR3-ISW403,BR3,0,white
12010,BR3-ISX107,Pertvara,11.0,1,1,580.0,1879.0,18.0,22.0,18.0,18.0,0.0,0.0,18.0,12.0,0.0,0.0,3,BR3-ISW107,BR3,0,white
12010,BR3-ISX106-K,Ðonas,11.0,1,1,580.0,1879.0,29.0,22.0,29.0,18.0,0.0,0.0,29.0,12.0,18.0,12.0,3,BR3-ISW106-K,BR3,0,white
12010,BR3-ISX402,Lentyna,18.0,1,0,529.0,764.0,18.0,22.0,18.0,18.0,0.0,0.0,18.0,12.0,0.0,0.0,3,BR3-ISW402,BR3,0,white
12010,BR3-ISX208,Virðus,10.0,1,1,500.0,816.0,22.0,11.0,22.0,20.0,0.0,0.0,22.0,13.0,16.0,11.0,3,BR3-ISW208,BR3,0,white
12010,BR3-ISX207,Virðus,10.0,1,1,603.0,1196.0,22.0,11.0,22.0,20.0,0.0,0.0,22.0,13.0,16.0,11.0,3,BR3-ISW207,BR3,0,white
12010,BR3-ISX109-K,Kairinis ðonas,12.0,1,1,477.0,1008.0,18.0,13.0,18.0,20.0,20.0,13.0,18.0,13.0,20.0,13.0,3,BR3-ISW109-K,BR3,0,white
12010,BR3-ISX401,Lentyna,18.0,1,0,364.0,349.0,18.0,18.0,19.0,18.0,19.0,19.0,18.0,19.0,18.0,19.0,2,BR3-ISW401,BR3,0,white
12010,BR3-ISX101-D,Deðininis ðonas,14.0,2,0,529.0,375.0,18.0,14.0,18.0,18.0,18.0,18.0,18.0,14.0,18.0,18.0,2,BR3-ISW101-D,BR3,0,white
12010,BR3-ISX101-K,Kairinis ðonas,14.0,2,0,529.0,375.0,18.0,14.0,18.0,18.0,18.0,18.0,18.0,14.0,18.0,18.0,2,BR3-ISW101-K,BR3,0,white
12010,BR3-ISx201,Virðus,16.0,1,0,416.0,403.0,17.0,17.0,17.0,17.0,17.0,17.0,17.0,17.0,17.0,17.0,2,BR3-ISW201,BR3,0,white
12010,BR3-ISx703,Nugarëlë didelë,19.0,1,1,160.0,1288.0,19.0,15.0,28.0,19.0,0.0,0.0,28.0,19.0,0.0,0.0,2,BR3-ISW703,BR3,0,white
12010,BR3-ISx702,Nugarëlë maþa,19.0,1,1,160.0,598.0,19.0,15.0,28.0,19.0,0.0,0.0,28.0,19.0,0.0,0.0,2,BR3-ISW702,BR3,0,white
12010,BR3-ISx701,Nugarëlë didelë,19.0,1,0,160.0,1388.0,19.0,15.0,28.0,19.0,19.0,19.0,28.0,19.0,19.0,19.0,2,BR3-ISW701,BR3,0,white
12010,BR3-ITX106-K,Kairinis ðonas,16.0,1,1,520.0,378.0,24.0,16.0,24.0,24.0,24.0,24.0,24.0,16.0,24.0,24.0,3,BR3-ITW106-K,BR3,0,white
12010,BR3-ISX106-D,Ðonas,11.0,1,1,580.0,1879.0,29.0,22.0,29.0,18.0,0.0,0.0,29.0,12.0,18.0,12.0,3,BR3-ISW106-D,BR3,0,white
12010,BR2-IKX103-D-A,Ðonas,17.0,1,1,374.0,1002.0,21.0,18.0,27.0,27.0,27.0,27.0,27.0,12.0,27.0,21.0,3,BR2-IKW103-D-A,BR2,1,white
12010,BR3-ISX306,Dugnas,11.0,1,0,531.0,1144.0,20.0,12.0,20.0,18.0,0.0,0.0,18.0,12.0,0.0,0.0,3,BR3-ISW306,BR3,0,white
12010,BR3-IRX903,Durys,11.0,1,0,1697.0,396.0,26.0,11.0,26.0,26.0,12.0,18.0,26.0,12.0,26.0,12.0,3,BR3-IRW903,BR3,0,white
12010,BR3-IRX412-A,Lentyna,20.0,1,1,240.0,305.0,18.0,16.0,20.0,20.0,0.0,0.0,20.0,14.0,0.0,0.0,2,BR3-IRW412-A,BR3,1,white
12010,BR3-IRX215-A,Virðus,10.0,1,1,1200.0,730.0,15.0,10.0,18.0,18.0,18.0,18.0,18.0,10.0,18.0,10.0,4,BR3-IRW215-A,BR3,1,white
12010,BR3-IKX105,Pertvara,17.0,1,1,427.0,670.0,21.0,18.0,21.0,27.0,21.0,30.0,27.0,21.0,21.0,21.0,2,BR3-IKW105,BR3,0,white
12010,BR2-IKX901,Stalèiaus priekis,19.5,1,1,794.0,206.0,27.0,21.0,27.0,21.0,21.0,30.0,27.0,21.0,21.0,21.0,2,BR2-IKW901,BR2,0,white
12010,BR2-IKX101-K,Ðonas,17.0,1,0,688.0,374.0,21.0,18.0,21.0,27.0,21.0,30.0,27.0,21.0,21.0,21.0,2,BR2-IKW101-K,BR2,0,white
12010,BR3-ISX108-D,Deðininis ðonas,12.0,1,1,477.0,783.0,18.0,13.0,18.0,20.0,20.0,13.0,18.0,13.0,20.0,13.0,3,BR3-ISW108-D,BR3,0,white
12010,BR2-IKX103-K-A,Ðonas,17.0,1,1,374.0,1002.0,21.0,18.0,27.0,27.0,27.0,27.0,27.0,12.0,27.0,21.0,3,BR2-IKW103-K-A,BR2,1,white
12010,BR3-ISx904,Fasadas didelis,19.0,1,1,200.0,1290.0,32.0,20.0,32.0,17.0,17.0,35.0,32.0,17.0,17.0,17.0,2,BR3-ISW904,BR3,0,white
12010,BR3-ISX704,Nugarëlë,16.0,2,1,223.0,764.0,19.0,20.0,19.0,17.0,17.0,20.0,19.0,17.0,17.0,17.0,2,BR3-ISW704,BR3,0,white
12010,BR3-ISX112,Pertvara,16.0,1,1,256.0,425.5,19.0,20.0,19.0,17.0,17.0,20.0,19.0,17.0,17.0,17.0,2,BR3-ISW112,BR3,0,white
12010,BR3-ISX110,Pertvara,12.0,1,1,456.0,783.0,18.0,13.0,18.0,20.0,20.0,13.0,18.0,13.0,20.0,13.0,3,BR3-ISW110,BR3,0,white
12010,BR3-ISX111-K,Kairinis ðonas,12.0,1,1,477.0,1233.0,18.0,13.0,18.0,20.0,20.0,13.0,18.0,13.0,20.0,13.0,3,BR3-ISW111-K,BR3,0,white
12010,BR3-ISX111-D,Deðininis ðonas,12.0,1,1,477.0,1233.0,18.0,13.0,18.0,20.0,20.0,13.0,18.0,13.0,20.0,13.0,3,BR3-ISW111-D,BR3,0,white
12010,BR3-ISX113-K,Kairinis ðonas,12.0,1,1,477.0,783.0,18.0,13.0,18.0,20.0,20.0,13.0,18.0,13.0,20.0,13.0,3,BR3-ISW113-K,BR3,0,white
12010,BR3-ISX113-D,Deðininis ðonas,12.0,1,1,477.0,783.0,18.0,13.0,18.0,20.0,20.0,13.0,18.0,13.0,20.0,13.0,3,BR3-ISW113-D,BR3,0,white
12010,BR3-ISX109-D,Deðininis ðonas,12.0,1,1,477.0,1008.0,18.0,13.0,18.0,20.0,20.0,13.0,18.0,13.0,20.0,13.0,3,BR3-ISW109-D,BR3,0,white
12010,BR2-IKX101-D,Ðonas,17.0,1,0,688.0,374.0,21.0,18.0,21.0,27.0,21.0,30.0,27.0,21.0,21.0,21.0,2,BR2-IKW101-D,BR2,0,white
12010,BR2-IKX903-A,Maþas stalèiaus priekis,19.5,2,1,794.0,210.0,27.0,21.0,27.0,21.0,21.0,27.0,27.0,21.0,21.0,18.0,2,BR2-IKW903-A,BR2,1,white
12010,BR3-ISx902,Fasadas didelis,16.0,1,1,200.0,1390.0,32.0,20.0,32.0,17.0,17.0,35.0,32.0,17.0,17.0,17.0,2,BR3-ISW902,BR3,0,white
12010,BR2-IKX301-A,Dugnas,12.0,1,1,800.0,369.0,23.0,12.0,23.0,18.0,18.0,23.0,23.0,12.0,18.0,12.0,3,BR2-IKW301-A,BR2,1,white
12010,BR3-ITX403,Lentyna,20.0,2,0,275.0,335.0,20.0,10.0,20.0,20.0,20.0,20.0,20.0,10.0,20.0,20.0,3,BR3-ITW403,BR3,0,white
12010,BR3-IRX313-A,Dugnas,14.0,1,1,240.0,305.0,15.0,15.0,18.0,18.0,18.0,18.0,18.0,15.0,18.0,15.0,3,BR3-IRW313-A,BR3,1,white
12010,BR3-IRX122-A,Universalus ðonas,14.0,1,1,566.0,258.0,22.0,20.0,22.0,21.0,21.0,21.0,22.0,21.0,21.0,21.0,2,BR3-IRW122-A,BR3,1,white
12010,BR3-IKX702-A,Nugarëlë,18.0,1,0,800.0,334.0,23.0,12.0,23.0,18.0,18.0,23.0,23.0,12.0,18.0,12.0,3,BR3-IKW702-A,BR3,1,white
12010,BR3-IKX204-A,Virðus,12.0,1,1,900.0,460.0,23.0,12.0,23.0,18.0,18.0,23.0,23.0,12.0,18.0,12.0,3,BR3-IKW204-A,BR3,1,white
12010,BR3-ITX107,Pertvara,14.0,2,0,970.0,278.0,20.0,14.0,20.0,20.0,0.0,0.0,20.0,14.0,0.0,0.0,3,BR3-ITW107,BR3,0,white
12010,BR3-ITX402,Lentyna,20.0,2,0,335.0,278.0,20.0,10.0,20.0,20.0,20.0,20.0,20.0,10.0,20.0,20.0,3,BR3-ITW402,BR3,0,white
12010,BR3-ISx305,Kojûgalis,12.0,1,0,378.0,1438.0,24.0,12.0,24.0,12.0,12.0,12.0,24.0,12.0,12.0,12.0,2,BR3-ISW305,BR3,0,white
12010,BR2-IKX902-A,Stalèiaus priekis,19.5,1,1,794.0,206.0,27.0,21.0,27.0,21.0,21.0,30.0,27.0,21.0,21.0,21.0,2,BR2-IKW902-A,BR2,1,white
12010,BR2-IKX902-1,Maþas stalèiaus priekis dvigubos,18.0,1,1,794.0,206.0,27.0,21.0,27.0,21.0,21.0,27.0,27.0,21.0,21.0,18.0,2,BR2-IKW902-1,BR2,0,white
12010,BR3-IKX702-A,Nugarëlë,14.0,1,0,800.0,334.0,23.0,12.0,23.0,18.0,18.0,23.0,23.0,12.0,18.0,12.0,3,BR3-IKW702-A,BR3,1,white
12010,BR2-IKX702-A,Nugarëlë,14.0,1,0,800.0,334.0,23.0,12.0,23.0,18.0,18.0,23.0,23.0,12.0,18.0,12.0,3,BR2-IKW702-A,BR2,1,white
12010,BR3-IKX702,Nugarëlë,18.0,1,0,800.0,334.0,23.0,12.0,23.0,18.0,18.0,23.0,23.0,12.0,18.0,12.0,3,BR3-IKW702,BR3,0,white
12010,BR3-ITX404,Lentyna,20.0,2,0,442.0,408.5,20.0,10.0,20.0,20.0,20.0,20.0,20.0,10.0,20.0,20.0,3,BR3-ITW404,BR3,0,white
12010,BR3-ITX405,Lentyna,20.0,2,0,335.0,408.5,20.0,10.0,20.0,20.0,20.0,20.0,20.0,10.0,20.0,20.0,3,BR3-ITW405,BR3,0,white
12010,BR3-ITX107,Pertvara,14.0,2,0,970.0,278.0,20.0,14.0,20.0,20.0,0.0,0.0,20.0,14.0,0.0,0.0,3,BR3-ITW107,BR3,0,white
12010,BR3-IRX706-A,Prilaikymo juosta,18.0,2,0,544.0,159.0,21.0,18.0,21.0,21.0,20.0,20.0,20.0,20.0,21.0,20.0,2,BR3-IRW706-A,BR3,1,white
12010,BR3-ISx604,Apatinë jungiamoji juosta,9.0,1,1,1354.0,180.0,18.0,9.0,18.0,9.0,9.0,9.0,18.0,9.0,9.0,9.0,2,BR3-ISW604,BR3,0,white
12010,BR3-ITX703,Nugarëlë,15.0,1,0,970.0,475.0,22.0,15.0,22.0,22.0,22.0,22.0,22.0,15.0,22.0,22.0,3,BR3-ITW703,BR3,0,white
12010,BR3-ISX209,Virðus,10.0,1,1,500.0,816.0,22.0,11.0,22.0,20.0,0.0,0.0,22.0,13.0,16.0,11.0,3,BR3-ISW209,BR3,0,white
12010,BR3-ISX206,Virðus,10.0,1,1,500.0,816.0,15.0,11.0,15.0,16.0,0.0,0.0,15.0,11.0,16.0,11.0,3,BR3-ISW206,BR3,0,white
12010,BR2-IKX301,Dugnas,12.0,2,0,800.0,369.0,24.0,20.0,24.0,24.0,0.0,0.0,24.0,20.0,0.0,0.0,4,BR2-IKW301,BR2,0,white
12010,BR2-IKX701,Nugarëlë,12.0,2,0,800.0,334.0,24.0,20.0,24.0,24.0,0.0,0.0,24.0,20.0,0.0,0.0,4,BR2-IKW701,BR2,0,white
12010,BR2-IKX702,Nugarëlë,12.0,2,0,800.0,334.0,24.0,20.0,24.0,24.0,0.0,0.0,24.0,20.0,0.0,0.0,4,BR2-IKW702,BR2,0,white
12010,BR3-ISx304,Kojûgalis,12.0,1,0,378.0,1284.0,24.0,12.0,24.0,12.0,12.0,12.0,24.0,12.0,12.0,12.0,2,BR3-ISW304,BR3,0,white
12010,BR2-IRX122-A,Universalus ðonas,14.0,1,1,566.0,258.0,22.0,20.0,22.0,21.0,21.0,21.0,22.0,21.0,21.0,21.0,2,BR2-IRW122-A,BR2,1,white
12010,BR3-ISx103,Ðonas,11.0,1,1,1902.0,180.0,28.0,12.0,28.0,16.0,16.0,35.0,28.0,12.0,16.0,12.0,3,BR3-ISW103,BR3,0,white
12010,BR3-ITX106-D,Deðininis ðonas,16.0,1,1,520.0,378.0,24.0,16.0,24.0,24.0,24.0,24.0,24.0,16.0,24.0,24.0,3,BR3-ITW106-D,BR3,0,white
12010,BR3-ISx607,Apatinë jungiamoji juosta,9.0,1,1,1554.0,180.0,18.0,9.0,18.0,9.0,9.0,9.0,18.0,9.0,9.0,9.0,2,BR3-ISW607,BR3,0,white
12010,BR3-ISx610,Apatinë jungiamoji juosta,9.0,1,1,1300.0,180.0,18.0,9.0,18.0,9.0,9.0,9.0,18.0,9.0,9.0,9.0,2,BR3-ISW610,BR3,0,white
12010,BR3-ISx613,Apatinë jungiamoji juosta,9.0,1,1,1454.0,180.0,18.0,9.0,18.0,9.0,9.0,9.0,18.0,9.0,9.0,9.0,2,BR3-ISW613,BR3,0,white
12010,BR3-ISx202,Galvûgalis,14.0,1,0,578.0,455.0,20.0,15.0,20.0,20.0,20.0,20.0,20.0,15.0,20.0,15.0,0,BR3-ISW202,BR3,0,white
12010,BR3-ISx203,Galvûgalis,14.0,1,0,670.0,455.0,20.0,15.0,20.0,20.0,20.0,20.0,20.0,15.0,20.0,15.0,0,BR3-ISW203,BR3,0,white
12010,BR3-ISx204,Galvûgalis,14.0,1,0,658.0,455.0,20.0,15.0,20.0,20.0,20.0,20.0,20.0,15.0,20.0,15.0,0,BR3-ISW204,BR3,0,white
12010,BR3-ISx302,Kojûgalis,12.0,1,0,378.0,1338.0,24.0,12.0,24.0,12.0,0.0,0.0,24.0,12.0,0.0,0.0,2,BR3-ISW302,BR3,0,white
12010,BR3-ISx303,Kojûgalis,12.0,1,0,378.0,1538.0,24.0,12.0,24.0,12.0,0.0,0.0,24.0,12.0,0.0,0.0,2,BR3-ISW303,BR3,0,white
12010,BR3-ISx102,Ðonas,11.0,1,1,2002.0,180.0,28.0,12.0,28.0,16.0,16.0,35.0,28.0,12.0,16.0,12.0,3,BR3-ISW102,BR3,0,white
12010,BR3-IKX202,Virðus,12.0,1,1,900.0,440.0,23.0,12.0,23.0,18.0,18.0,23.0,23.0,12.0,18.0,12.0,3,BR3-IKB202,BR3,0,black
12010,BR3-ITX101-K,Kairinis ðonas,14.0,2,0,796.0,248.0,18.0,14.0,18.0,18.0,18.0,18.0,18.0,14.0,18.0,18.0,2,BR3-ITB101-K,BR3,0,black
12010,BR3-ITX302,Dugnas,13.0,2,0,1037.0,295.0,21.0,14.0,21.0,21.0,21.0,21.0,21.0,14.0,21.0,14.0,3,BR3-ITB302,BR3,0,black
12010,BR3-ITX301,Dugnas,14.0,2,0,686.0,295.0,24.0,18.0,22.0,27.0,25.0,32.0,22.0,18.0,27.0,18.0,3,BR3-ITB301,BR3,0,black
12010,BR3-ITX104,Pertvara,13.0,2,0,1092.0,295.0,18.0,10.0,18.0,18.0,18.0,18.0,18.0,10.0,18.0,18.0,2,BR3-ITB104,BR3,0,black
12010,BR3-ITX102,Pertvara,14.0,2,0,741.0,295.0,18.0,14.0,18.0,18.0,18.0,18.0,18.0,14.0,18.0,18.0,2,BR3-ITB102,BR3,0,black
12010,BR3-ITX202,Virðus,13.0,2,1,1157.0,345.0,22.0,13.0,22.0,22.0,22.0,22.0,22.0,13.0,22.0,13.0,3,BR3-ITB202,BR3,0,black
12010,BR3-ITX201,Virðus,12.0,2,1,806.0,345.0,18.0,12.0,18.0,18.0,18.0,18.0,18.0,12.0,18.0,12.0,3,BR3-ITB201,BR3,0,black
12010,BR3-IRX901,Durys,18.0,1,1,460.0,320.0,11.0,14.0,11.0,18.0,12.0,18.0,19.0,12.0,18.0,12.0,2,BR3-IRB901,BR3,0,black
12010,BR3-IKX203,Virðus,12.0,1,1,1718.0,440.0,27.0,12.0,27.0,18.0,18.0,27.0,27.0,12.0,18.0,12.0,3,BR3-IKB203,BR3,0,black
12010,BR3-IKX204,Virðus,12.0,1,1,900.0,460.0,23.0,12.0,23.0,18.0,18.0,23.0,23.0,12.0,18.0,12.0,3,BR3-IKB204,BR3,0,black
12010,BR2-IKX105,Pertvara,17.0,1,1,427.0,670.0,21.0,18.0,21.0,27.0,21.0,30.0,27.0,21.0,21.0,21.0,2,BR2-IKB105,BR2,0,black
12010,BR2-IKX903,Maþas stalèiaus priekis,19.5,2,1,794.0,210.0,27.0,21.0,27.0,21.0,21.0,27.0,27.0,21.0,21.0,18.0,2,BR2-IKB903,BR2,0,black
12010,BR2-IRX122,Universalus ðonas,14.0,1,1,566.0,258.0,22.0,20.0,22.0,21.0,21.0,21.0,22.0,21.0,21.0,21.0,2,BR2-IRB122,BR2,0,black
12010,BR3-IRX313,Dugnas,14.0,1,1,240.0,305.0,15.0,15.0,18.0,18.0,18.0,18.0,18.0,15.0,18.0,15.0,3,BR3-IRB313,BR3,0,black
12010,BR3-IRX215,Virðus,10.0,1,1,1200.0,730.0,15.0,10.0,18.0,18.0,18.0,18.0,18.0,10.0,18.0,10.0,4,BR3-IRB215,BR3,0,black
12010,BR3-IRX706,Prilaikymo juosta,18.0,2,0,544.0,159.0,21.0,18.0,21.0,21.0,20.0,20.0,20.0,20.0,21.0,20.0,2,BR3-IRB706,BR3,0,black
12010,BR3-IRX121,Pertvara,12.0,1,0,566.0,423.0,18.0,13.0,18.0,20.0,13.0,13.0,18.0,13.0,20.0,13.0,3,BR3-IRB121,BR3,0,black
12010,BR2-IKX902,Stalèiaus priekis,19.5,1,1,794.0,206.0,27.0,21.0,27.0,21.0,21.0,30.0,27.0,21.0,21.0,21.0,2,BR2-IKB902,BR2,0,black
12010,BR3-IRX121-A,Pertvara,12.0,1,0,566.0,423.0,15.0,13.0,18.0,20.0,13.0,13.0,18.0,13.0,20.0,13.0,3,BR3-IRB121-A,BR3,1,black
12010,BR3-ITX105-K,Kairinis ðonas,14.0,1,1,970.0,247.0,21.0,14.0,21.0,21.0,21.0,3.0,21.0,14.0,21.0,14.0,3,BR3-ITB105-K,BR3,0,black
12010,BR3-ITX105-D,Deðininis ðonas,14.0,1,1,970.0,247.0,21.0,14.0,21.0,21.0,21.0,3.0,21.0,14.0,21.0,14.0,3,BR3-ITB105-D,BR3,0,black
12010,BR3-ITX303,Dugnas,11.0,1,0,408.5,1710.0,25.0,11.0,25.0,25.0,25.0,25.0,25.0,11.0,25.0,11.0,3,BR3-ITB303,BR3,0,black
12010,BR3-ITX204,Virðus,9.0,1,1,1830.0,475.0,26.0,11.0,26.0,26.0,26.0,26.0,26.0,0.0,26.0,11.0,3,BR3-ITB204,BR3,0,black
12010,BR3-ITX203,Virðus,11.0,2,1,1830.0,328.0,26.0,11.0,26.0,26.0,26.0,26.0,26.0,11.0,26.0,11.0,3,BR3-ITB203,BR3,0,black
12010,BR2-IKX903-1,Maþas stalèiaus priekis dvigubos,18.0,1,1,794.0,206.0,27.0,21.0,27.0,21.0,21.0,27.0,27.0,21.0,21.0,18.0,2,BR2-IKB903-1,BR2,0,black
12010,BR2-IKX701-A,Nugarëlë,12.0,1,0,800.0,334.0,23.0,12.0,23.0,18.0,18.0,23.0,23.0,12.0,18.0,12.0,3,BR2-IKB701-A,BR2,1,black
12010,BR3-ITX101-D,Deðininis ðonas,14.0,2,0,796.0,248.0,18.0,14.0,18.0,18.0,18.0,18.0,18.0,14.0,18.0,18.0,2,BR3-ITB101-D,BR3,0,black
12010,BR3-IKX103-D-A,Ðonas,17.0,1,1,374.0,1002.0,21.0,18.0,27.0,27.0,27.0,27.0,27.0,12.0,27.0,21.0,3,BR3-IKB103-D-A,BR3,1,black
12010,BR3-ITX103-K,Kairinis ðonas,9.0,1,1,1147.0,248.0,18.0,10.0,18.0,18.0,18.0,18.0,18.0,10.0,18.0,18.0,2,BR3-ITB103-K,BR3,0,black
12010,BR3-IRX120-D-A,Deðininis ðonas,12.0,1,0,566.0,423.0,18.0,13.0,18.0,20.0,20.0,13.0,18.0,13.0,20.0,13.0,3,BR3-IRB120-D-A,BR3,1,black
12010,BR3-IRX120-K-A,Kairinis ðonas,12.0,1,0,566.0,423.0,18.0,13.0,18.0,20.0,13.0,15.0,18.0,13.0,20.0,13.0,4,BR3-IRB120-K-A,BR3,1,black
12010,BR3-IRX214-A,Virðus,12.0,1,0,900.0,520.0,22.0,15.0,21.0,21.0,21.0,21.0,21.0,15.0,21.0,21.0,3,BR3-IRB214-A,BR3,1,black
12010,BR2-IKX106-D,Ðonas,17.0,1,0,688.0,394.0,21.0,18.0,21.0,27.0,21.0,30.0,27.0,21.0,21.0,21.0,2,BR2-IKB106-D,BR2,0,black
12010,BR2-IKX106-K,Ðonas,17.0,1,0,688.0,394.0,21.0,18.0,21.0,27.0,21.0,30.0,27.0,21.0,21.0,21.0,2,BR2-IKB106-K,BR2,0,black
12010,BR2-IKX106-D-A,Ðonas,17.0,1,0,688.0,394.0,21.0,18.0,21.0,27.0,21.0,30.0,27.0,21.0,21.0,21.0,2,BR2-IKB106-D-A,BR2,1,black
12010,BR2-IKX106-K-A,Ðonas,17.0,1,0,688.0,394.0,21.0,18.0,21.0,27.0,21.0,30.0,27.0,21.0,21.0,21.0,2,BR2-IKB106-K-A,BR2,1,black
12010,BR3-IRX214,Virðus,12.0,1,0,900.0,520.0,22.0,15.0,21.0,21.0,21.0,21.0,21.0,15.0,21.0,21.0,3,BR3-IRB214,BR3,0,black
12010,BR3-IKX103-K-A,Ðonas,17.0,1,1,374.0,1002.0,21.0,18.0,27.0,27.0,27.0,27.0,27.0,12.0,27.0,21.0,3,BR3-IKB103-K-A,BR3,1,black
12010,BR3-IRX402,Lentyna,16.0,1,0,801.0,519.0,23.0,18.0,23.0,23.0,18.0,27.0,23.0,18.0,23.0,18.0,3,BR3-IRB402,BR3,0,black
12010,BR3-IRX120-K,Kairinis ðonas,12.0,1,0,566.0,423.0,18.0,13.0,18.0,20.0,20.0,13.0,18.0,13.0,20.0,13.0,3,BR3-IRB120-K,BR3,0,black
12010,BR3-IRX118-D,Deðininis ðonas,17.0,1,0,724.0,264.0,18.0,16.0,18.0,18.0,18.0,18.0,22.0,18.0,18.0,18.0,2,BR3-IRB118-D,BR3,0,black
12010,BR3-IRX118-K,Kairinis ðonas,17.0,1,0,724.0,264.0,18.0,16.0,18.0,18.0,18.0,18.0,22.0,18.0,18.0,18.0,3,BR3-IRB118-K,BR3,0,black
12010,BR3-IRX116-D,Deðininis ðonas,17.0,1,1,500.0,264.0,18.0,18.0,18.0,18.0,18.0,18.0,18.0,18.0,18.0,18.0,3,BR3-IRB116-D,BR3,0,black
12010,BR3-IRX116-K,Kairinis ðonas,17.0,1,1,500.0,264.0,18.0,16.0,18.0,18.0,22.0,18.0,18.0,18.0,22.0,12.0,3,BR3-IRB116-K,BR3,0,black
12010,BR3-IRX311,Dugnas,16.0,1,1,1080.0,312.0,26.0,20.0,26.0,17.0,18.0,18.0,27.0,17.0,21.0,18.0,2,BR3-IRB311,BR3,0,black
12010,BR3-IRX213,Virðus,12.0,1,0,800.0,475.0,18.0,12.0,18.0,20.0,13.0,13.0,18.0,13.0,20.0,13.0,3,BR3-IRB213,BR3,0,black
12010,BR3-IRX119,Pertvara,19.0,1,0,669.0,308.0,24.0,20.0,24.0,20.0,18.0,18.0,24.0,20.0,18.0,18.0,2,BR3-IRB119,BR3,0,black
12010,BR2-IRX903,Durys,11.0,1,0,1697.0,396.0,26.0,11.0,26.0,26.0,12.0,18.0,26.0,12.0,26.0,12.0,3,BR2-IRB903,BR2,0,black
12010,BR3-IRX902,Siauros dëþës fasadas,18.0,1,0,600.0,200.0,20.0,20.0,18.0,20.0,18.0,18.0,18.0,18.0,18.0,18.0,2,BR3-IRB902,BR3,0,black
12010,BR3-IRX403,Lentyna,18.0,1,0,382.0,519.0,18.0,18.0,19.0,18.0,19.0,19.0,18.0,19.0,18.0,19.0,2,BR3-IRB403,BR3,0,black
12010,BR3-IRX305,Dugnas,12.0,1,0,1200.0,505.0,26.0,20.0,26.0,23.0,18.0,22.0,26.0,15.0,23.0,18.0,3,BR3-IRB305,BR3,0,black
12010,BR3-IRX205,Virðus,11.0,1,1,1310.0,571.0,26.0,20.0,26.0,18.0,18.0,18.0,22.0,12.0,18.0,12.0,3,BR3-IRB205,BR3,0,black
12010,BR3-IRX907,Stalèiaus priekis,16.0,1,0,674.0,200.0,21.0,16.0,21.0,16.0,18.0,18.0,22.0,16.0,18.0,18.0,2,BR3-IRB907,BR3,0,black
12010,BR3-IKX202-A,Virðus,12.0,1,1,900.0,440.0,23.0,12.0,23.0,18.0,18.0,23.0,23.0,12.0,18.0,12.0,3,BR3-IKB202-A,BR3,1,black
12010,BR2-IKX103-D-A,Ðonas,17.0,1,1,374.0,1002.0,21.0,18.0,27.0,27.0,27.0,27.0,27.0,12.0,27.0,21.0,3,BR2-IKB103-D-A,BR2,1,black
12010,BR2-IKX103-K-A,Ðonas,17.0,1,1,374.0,1002.0,21.0,18.0,27.0,27.0,27.0,27.0,27.0,12.0,27.0,21.0,3,BR2-IKB103-K-A,BR2,1,black
12010,BR3-ITX103-D,Deðininis ðonas,9.0,1,1,1147.0,248.0,18.0,10.0,18.0,18.0,18.0,18.0,18.0,10.0,18.0,18.0,2,BR3-ITB103-D,BR3,0,black
12010,BR3-IRX206,Virðus,12.0,1,1,506.0,475.0,11.0,14.0,11.0,18.0,18.0,20.0,20.0,12.0,18.0,20.0,3,BR3-IRB206,BR3,0,black
12010,BR3-IRX114-D,Deðininis ðonas,8.0,1,1,806.0,780.0,18.0,8.0,18.0,18.0,9.0,9.0,18.0,9.0,18.0,9.0,5,BR3-IRB114-D,BR3,0,black
12010,BR3-ITX108,Pertvara,18.0,2,0,408.5,465.0,18.0,18.0,18.0,18.0,20.0,35.0,18.0,18.0,18.0,18.0,2,BR3-ITB108,BR3,0,black
12010,BR3-IRX408,Lentyna,20.0,2,0,679.0,285.0,25.0,20.0,25.0,21.0,21.0,21.0,25.0,21.0,21.0,21.0,2,BR3-IRB408,BR3,0,black
12010,BR3-IRX115-D,Deðininis ðonas,13.0,1,1,952.0,231.0,22.0,15.0,22.0,22.0,22.0,22.0,22.0,15.0,22.0,22.0,3,BR3-IRB115-D,BR3,0,black
12010,BR3-IRX115-K,Kairinis ðonas,13.0,1,1,952.0,231.0,22.0,15.0,22.0,22.0,22.0,22.0,22.0,15.0,22.0,22.0,3,BR3-IRB115-K,BR3,0,black
12010,BR3-IRX212,Virðus,12.0,1,1,800.0,475.0,18.0,12.0,18.0,20.0,13.0,13.0,18.0,13.0,20.0,13.0,3,BR3-IRB212,BR3,0,black
12010,BR3-IRX211,Virðus,16.0,1,0,800.0,326.0,20.0,18.0,20.0,18.0,18.0,18.0,20.0,18.0,18.0,18.0,2,BR3-IRB211,BR3,0,black
12010,BR3-IRX912,Durys,17.0,1,0,684.0,336.0,21.0,16.0,21.0,18.0,18.0,18.0,21.0,18.0,18.0,18.0,2,BR3-IRB912,BR3,0,black
12010,BR3-IRX117,Pertvara,18.0,1,0,445.0,308.0,27.0,16.0,27.0,18.0,18.0,18.0,27.0,16.0,18.0,18.0,3,BR3-IRB117,BR3,0,black
12010,BR3-IRX114-K,Kairinis ðonas,8.0,1,1,806.0,780.0,18.0,8.0,18.0,18.0,9.0,9.0,18.0,9.0,18.0,9.0,5,BR3-IRB114-K,BR3,0,black
12010,BR3-IRX120-D,Deðininis ðonas,12.0,1,0,566.0,423.0,18.0,13.0,18.0,20.0,13.0,15.0,18.0,13.0,20.0,13.0,4,BR3-IRB120-D,BR3,0,black
12010,BR3-IRX310,Dugnas,17.0,1,1,680.0,412.0,18.0,14.0,18.0,21.0,18.0,18.0,18.0,14.0,21.0,14.0,4,BR3-IRB310,BR3,0,black
12010,BR3-IRX210,Virðus,12.0,1,0,800.0,475.0,17.0,13.0,17.0,20.0,13.0,13.0,17.0,13.0,20.0,13.0,3,BR3-IRB210,BR3,0,black
12010,BR3-IRX406,Lentyna,20.0,2,1,549.0,285.0,22.0,20.0,22.0,21.0,21.0,21.0,22.0,21.0,21.0,21.0,2,BR3-IRB406,BR3,0,black
12010,BR3-IRX405,Lentyna,20.0,2,1,550.0,285.0,21.0,13.0,21.0,21.0,14.0,14.0,21.0,14.0,21.0,14.0,3,BR3-IRB405,BR3,0,black
12010,BR3-IRX113-K,Kairinis ðonas,8.0,1,1,1775.5,231.0,20.0,9.0,20.0,18.0,18.0,18.0,20.0,9.0,18.0,9.0,4,BR3-IRB113-K,BR3,0,black
12010,BR3-IRX113-D,Deðininis ðonas,8.0,1,1,1775.5,231.0,20.0,9.0,20.0,18.0,18.0,18.0,20.0,9.0,18.0,9.0,4,BR3-IRB113-D,BR3,0,black
12010,BR3-IRX309,Dugnas,13.0,2,1,550.0,276.0,18.0,13.0,18.0,21.0,18.0,18.0,18.0,14.0,21.0,14.0,4,BR3-IRB309,BR3,0,black
12010,BR3-IRX209,Virðus,12.0,1,0,670.0,328.0,18.0,18.0,18.0,18.0,18.0,18.0,18.0,18.0,18.0,18.0,3,BR3-IRB209,BR3,0,black
12010,BR3-IRX407,Lentyna,17.0,2,0,679.0,408.0,25.0,21.0,25.0,32.0,21.0,21.0,25.0,21.0,32.0,21.0,3,BR3-IRB407,BR3,0,black
12010,BR3-ISX301,Dugnas,18.0,1,0,364.0,329.0,18.0,18.0,19.0,18.0,19.0,19.0,18.0,19.0,18.0,19.0,2,BR3-ISB301,BR3,0,black
12010,BR3-ISx903,Fasadas didelis,16.0,1,1,200.0,600.0,19.0,20.0,19.0,17.0,17.0,20.0,19.0,17.0,17.0,17.0,2,BR3-ISB903,BR3,0,black
12010,BR3-ISX108-K,Kairinis ðonas,12.0,1,1,477.0,783.0,18.0,13.0,18.0,20.0,20.0,13.0,18.0,13.0,20.0,13.0,3,BR3-ISB108-K,BR3,0,black
12010,BR3-ISX205,Virðus,10.0,1,1,603.0,1196.0,19.0,14.0,19.0,16.0,20.0,26.0,19.0,11.0,16.0,11.0,3,BR3-ISB205,BR3,0,black
12010,BR3-ISX403,Lentyna,18.0,1,0,529.0,364.0,18.0,22.0,18.0,18.0,0.0,0.0,18.0,12.0,0.0,0.0,3,BR3-ISB403,BR3,0,black
12010,BR3-ISX107,Pertvara,11.0,1,1,580.0,1879.0,18.0,22.0,18.0,18.0,0.0,0.0,18.0,12.0,0.0,0.0,3,BR3-ISB107,BR3,0,black
12010,BR3-ISX106-K,Ðonas,11.0,1,1,580.0,1879.0,29.0,22.0,29.0,18.0,0.0,0.0,29.0,12.0,18.0,12.0,3,BR3-ISB106-K,BR3,0,black
12010,BR3-ISX402,Lentyna,18.0,1,0,529.0,764.0,18.0,22.0,18.0,18.0,0.0,0.0,18.0,12.0,0.0,0.0,3,BR3-ISB402,BR3,0,black
12010,BR3-ISX208,Virðus,10.0,1,1,500.0,816.0,22.0,11.0,22.0,20.0,0.0,0.0,22.0,13.0,16.0,11.0,3,BR3-ISB208,BR3,0,black
12010,BR3-ISX207,Virðus,10.0,1,1,603.0,1196.0,22.0,11.0,22.0,20.0,0.0,0.0,22.0,13.0,16.0,11.0,3,BR3-ISB207,BR3,0,black
12010,BR3-ISX109-K,Kairinis ðonas,12.0,1,1,477.0,1008.0,18.0,13.0,18.0,20.0,20.0,13.0,18.0,13.0,20.0,13.0,3,BR3-ISB109-K,BR3,0,black
12010,BR3-ISX401,Lentyna,18.0,1,0,364.0,349.0,18.0,18.0,19.0,18.0,19.0,19.0,18.0,19.0,18.0,19.0,2,BR3-ISB401,BR3,0,black
12010,BR3-ISX101-D,Deðininis ðonas,14.0,2,0,529.0,375.0,18.0,14.0,18.0,18.0,18.0,18.0,18.0,14.0,18.0,18.0,2,BR3-ISB101-D,BR3,0,black
12010,BR3-ISX101-K,Kairinis ðonas,14.0,2,0,529.0,375.0,18.0,14.0,18.0,18.0,18.0,18.0,18.0,14.0,18.0,18.0,2,BR3-ISB101-K,BR3,0,black
12010,BR3-ISx201,Virðus,16.0,1,0,416.0,403.0,17.0,17.0,17.0,17.0,17.0,17.0,17.0,17.0,17.0,17.0,2,BR3-ISB201,BR3,0,black
12010,BR3-ISx703,Nugarëlë didelë,19.0,1,1,160.0,1288.0,19.0,15.0,28.0,19.0,0.0,0.0,28.0,19.0,0.0,0.0,2,BR3-ISB703,BR3,0,black
12010,BR3-ISx702,Nugarëlë maþa,19.0,1,1,160.0,598.0,19.0,15.0,28.0,19.0,0.0,0.0,28.0,19.0,0.0,0.0,2,BR3-ISB702,BR3,0,black
12010,BR3-ISx701,Nugarëlë didelë,19.0,1,0,160.0,1388.0,19.0,15.0,28.0,19.0,19.0,19.0,28.0,19.0,19.0,19.0,2,BR3-ISB701,BR3,0,black
12010,BR3-ITX106-K,Kairinis ðonas,16.0,1,1,520.0,378.0,24.0,16.0,24.0,24.0,24.0,24.0,24.0,16.0,24.0,24.0,3,BR3-ITB106-K,BR3,0,black
12010,BR3-ISX106-D,Ðonas,11.0,1,1,580.0,1879.0,29.0,22.0,29.0,18.0,0.0,0.0,29.0,12.0,18.0,12.0,3,BR3-ISB106-D,BR3,0,black
12010,BR2-IKX103-D-A,Ðonas,17.0,1,1,374.0,1002.0,21.0,18.0,27.0,27.0,27.0,27.0,27.0,12.0,27.0,21.0,3,BR2-IKB103-D-A,BR2,1,black
12010,BR3-ISX306,Dugnas,11.0,1,0,531.0,1144.0,20.0,12.0,20.0,18.0,0.0,0.0,18.0,12.0,0.0,0.0,3,BR3-ISB306,BR3,0,black
12010,BR3-IRX903,Durys,11.0,1,0,1697.0,396.0,26.0,11.0,26.0,26.0,12.0,18.0,26.0,12.0,26.0,12.0,3,BR3-IRB903,BR3,0,black
12010,BR3-IRX412-A,Lentyna,20.0,1,1,240.0,305.0,18.0,16.0,20.0,20.0,0.0,0.0,20.0,14.0,0.0,0.0,2,BR3-IRB412-A,BR3,1,black
12010,BR3-IRX215-A,Virðus,10.0,1,1,1200.0,730.0,15.0,10.0,18.0,18.0,18.0,18.0,18.0,10.0,18.0,10.0,4,BR3-IRB215-A,BR3,1,black
12010,BR3-IKX105,Pertvara,17.0,1,1,427.0,670.0,21.0,18.0,21.0,27.0,21.0,30.0,27.0,21.0,21.0,21.0,2,BR3-IKB105,BR3,0,black
12010,BR2-IKX901,Stalèiaus priekis,19.5,1,1,794.0,206.0,27.0,21.0,27.0,21.0,21.0,30.0,27.0,21.0,21.0,21.0,2,BR2-IKB901,BR2,0,black
12010,BR2-IKX101-K,Ðonas,17.0,1,0,688.0,374.0,21.0,18.0,21.0,27.0,21.0,30.0,27.0,21.0,21.0,21.0,2,BR2-IKB101-K,BR2,0,black
12010,BR3-ISX108-D,Deðininis ðonas,12.0,1,1,477.0,783.0,18.0,13.0,18.0,20.0,20.0,13.0,18.0,13.0,20.0,13.0,3,BR3-ISB108-D,BR3,0,black
12010,BR2-IKX103-K-A,Ðonas,17.0,1,1,374.0,1002.0,21.0,18.0,27.0,27.0,27.0,27.0,27.0,12.0,27.0,21.0,3,BR2-IKB103-K-A,BR2,1,black
12010,BR3-ISx904,Fasadas didelis,19.0,1,1,200.0,1290.0,32.0,20.0,32.0,17.0,17.0,35.0,32.0,17.0,17.0,17.0,2,BR3-ISB904,BR3,0,black
12010,BR3-ISX704,Nugarëlë,16.0,2,1,223.0,764.0,19.0,20.0,19.0,17.0,17.0,20.0,19.0,17.0,17.0,17.0,2,BR3-ISB704,BR3,0,black
12010,BR3-ISX112,Pertvara,16.0,1,1,256.0,425.5,19.0,20.0,19.0,17.0,17.0,20.0,19.0,17.0,17.0,17.0,2,BR3-ISB112,BR3,0,black
12010,BR3-ISX110,Pertvara,12.0,1,1,456.0,783.0,18.0,13.0,18.0,20.0,20.0,13.0,18.0,13.0,20.0,13.0,3,BR3-ISB110,BR3,0,black
12010,BR3-ISX111-K,Kairinis ðonas,12.0,1,1,477.0,1233.0,18.0,13.0,18.0,20.0,20.0,13.0,18.0,13.0,20.0,13.0,3,BR3-ISB111-K,BR3,0,black
12010,BR3-ISX111-D,Deðininis ðonas,12.0,1,1,477.0,1233.0,18.0,13.0,18.0,20.0,20.0,13.0,18.0,13.0,20.0,13.0,3,BR3-ISB111-D,BR3,0,black
12010,BR3-ISX113-K,Kairinis ðonas,12.0,1,1,477.0,783.0,18.0,13.0,18.0,20.0,20.0,13.0,18.0,13.0,20.0,13.0,3,BR3-ISB113-K,BR3,0,black
12010,BR3-ISX113-D,Deðininis ðonas,12.0,1,1,477.0,783.0,18.0,13.0,18.0,20.0,20.0,13.0,18.0,13.0,20.0,13.0,3,BR3-ISB113-D,BR3,0,black
12010,BR3-ISX109-D,Deðininis ðonas,12.0,1,1,477.0,1008.0,18.0,13.0,18.0,20.0,20.0,13.0,18.0,13.0,20.0,13.0,3,BR3-ISB109-D,BR3,0,black
12010,BR2-IKX101-D,Ðonas,17.0,1,0,688.0,374.0,21.0,18.0,21.0,27.0,21.0,30.0,27.0,21.0,21.0,21.0,2,BR2-IKB101-D,BR2,0,black
12010,BR2-IKX903-A,Maþas stalèiaus priekis,19.5,2,1,794.0,210.0,27.0,21.0,27.0,21.0,21.0,27.0,27.0,21.0,21.0,18.0,2,BR2-IKB903-A,BR2,1,black
12010,BR3-ISx902,Fasadas didelis,16.0,1,1,200.0,1390.0,32.0,20.0,32.0,17.0,17.0,35.0,32.0,17.0,17.0,17.0,2,BR3-ISB902,BR3,0,black
12010,BR2-IKX301-A,Dugnas,12.0,1,1,800.0,369.0,23.0,12.0,23.0,18.0,18.0,23.0,23.0,12.0,18.0,12.0,3,BR2-IKB301-A,BR2,1,black
12010,BR3-ITX403,Lentyna,20.0,2,0,275.0,335.0,20.0,10.0,20.0,20.0,20.0,20.0,20.0,10.0,20.0,20.0,3,BR3-ITB403,BR3,0,black
12010,BR3-IRX313-A,Dugnas,14.0,1,1,240.0,305.0,15.0,15.0,18.0,18.0,18.0,18.0,18.0,15.0,18.0,15.0,3,BR3-IRB313-A,BR3,1,black
12010,BR3-IRX122-A,Universalus ðonas,14.0,1,1,566.0,258.0,22.0,20.0,22.0,21.0,21.0,21.0,22.0,21.0,21.0,21.0,2,BR3-IRB122-A,BR3,1,black
12010,BR3-IKX702-A,Nugarëlë,18.0,1,0,800.0,334.0,23.0,12.0,23.0,18.0,18.0,23.0,23.0,12.0,18.0,12.0,3,BR3-IKB702-A,BR3,1,black
12010,BR3-IKX204-A,Virðus,12.0,1,1,900.0,460.0,23.0,12.0,23.0,18.0,18.0,23.0,23.0,12.0,18.0,12.0,3,BR3-IKB204-A,BR3,1,black
12010,BR3-ITX107,Pertvara,14.0,2,0,970.0,278.0,20.0,14.0,20.0,20.0,0.0,0.0,20.0,14.0,0.0,0.0,3,BR3-ITB107,BR3,0,black
12010,BR3-ITX402,Lentyna,20.0,2,0,335.0,278.0,20.0,10.0,20.0,20.0,20.0,20.0,20.0,10.0,20.0,20.0,3,BR3-ITB402,BR3,0,black
12010,BR3-ISx305,Kojûgalis,12.0,1,0,378.0,1438.0,24.0,12.0,24.0,12.0,12.0,12.0,24.0,12.0,12.0,12.0,2,BR3-ISB305,BR3,0,black
12010,BR2-IKX902-A,Stalèiaus priekis,19.5,1,1,794.0,206.0,27.0,21.0,27.0,21.0,21.0,30.0,27.0,21.0,21.0,21.0,2,BR2-IKB902-A,BR2,1,black
12010,BR2-IKX902-1,Maþas stalèiaus priekis dvigubos,18.0,1,1,794.0,206.0,27.0,21.0,27.0,21.0,21.0,27.0,27.0,21.0,21.0,18.0,2,BR2-IKB902-1,BR2,0,black
12010,BR3-IKX702-A,Nugarëlë,14.0,1,0,800.0,334.0,23.0,12.0,23.0,18.0,18.0,23.0,23.0,12.0,18.0,12.0,3,BR3-IKB702-A,BR3,1,black
12010,BR2-IKX702-A,Nugarëlë,14.0,1,0,800.0,334.0,23.0,12.0,23.0,18.0,18.0,23.0,23.0,12.0,18.0,12.0,3,BR2-IKB702-A,BR2,1,black
12010,BR3-IKX702,Nugarëlë,18.0,1,0,800.0,334.0,23.0,12.0,23.0,18.0,18.0,23.0,23.0,12.0,18.0,12.0,3,BR3-IKB702,BR3,0,black
12010,BR3-ITX404,Lentyna,20.0,2,0,442.0,408.5,20.0,10.0,20.0,20.0,20.0,20.0,20.0,10.0,20.0,20.0,3,BR3-ITB404,BR3,0,black
12010,BR3-ITX405,Lentyna,20.0,2,0,335.0,408.5,20.0,10.0,20.0,20.0,20.0,20.0,20.0,10.0,20.0,20.0,3,BR3-ITB405,BR3,0,black
12010,BR3-ITX107,Pertvara,14.0,2,0,970.0,278.0,20.0,14.0,20.0,20.0,0.0,0.0,20.0,14.0,0.0,0.0,3,BR3-ITB107,BR3,0,black
12010,BR3-IRX706-A,Prilaikymo juosta,18.0,2,0,544.0,159.0,21.0,18.0,21.0,21.0,20.0,20.0,20.0,20.0,21.0,20.0,2,BR3-IRB706-A,BR3,1,black
12010,BR3-ISx604,Apatinë jungiamoji juosta,9.0,1,1,1354.0,180.0,18.0,9.0,18.0,9.0,9.0,9.0,18.0,9.0,9.0,9.0,2,BR3-ISB604,BR3,0,black
12010,BR3-ITX703,Nugarëlë,15.0,1,0,970.0,475.0,22.0,15.0,22.0,22.0,22.0,22.0,22.0,15.0,22.0,22.0,3,BR3-ITB703,BR3,0,black
12010,BR3-ISX209,Virðus,10.0,1,1,500.0,816.0,22.0,11.0,22.0,20.0,0.0,0.0,22.0,13.0,16.0,11.0,3,BR3-ISB209,BR3,0,black
12010,BR3-ISX206,Virðus,10.0,1,1,500.0,816.0,15.0,11.0,15.0,16.0,0.0,0.0,15.0,11.0,16.0,11.0,3,BR3-ISB206,BR3,0,black
12010,BR2-IKX301,Dugnas,12.0,2,0,800.0,369.0,24.0,20.0,24.0,24.0,0.0,0.0,24.0,20.0,0.0,0.0,4,BR2-IKB301,BR2,0,black
12010,BR2-IKX701,Nugarëlë,12.0,2,0,800.0,334.0,24.0,20.0,24.0,24.0,0.0,0.0,24.0,20.0,0.0,0.0,4,BR2-IKB701,BR2,0,black
12010,BR2-IKX702,Nugarëlë,12.0,2,0,800.0,334.0,24.0,20.0,24.0,24.0,0.0,0.0,24.0,20.0,0.0,0.0,4,BR2-IKB702,BR2,0,black
12010,BR3-ISx304,Kojûgalis,12.0,1,0,378.0,1284.0,24.0,12.0,24.0,12.0,12.0,12.0,24.0,12.0,12.0,12.0,2,BR3-ISB304,BR3,0,black
12010,BR2-IRX122-A,Universalus ðonas,14.0,1,1,566.0,258.0,22.0,20.0,22.0,21.0,21.0,21.0,22.0,21.0,21.0,21.0,2,BR2-IRB122-A,BR2,1,black
12010,BR3-ISx103,Ðonas,11.0,1,1,1902.0,180.0,28.0,12.0,28.0,16.0,16.0,35.0,28.0,12.0,16.0,12.0,3,BR3-ISB103,BR3,0,black
12010,BR3-ITX106-D,Deðininis ðonas,16.0,1,1,520.0,378.0,24.0,16.0,24.0,24.0,24.0,24.0,24.0,16.0,24.0,24.0,3,BR3-ITB106-D,BR3,0,black
12010,BR3-ISx607,Apatinë jungiamoji juosta,9.0,1,1,1554.0,180.0,18.0,9.0,18.0,9.0,9.0,9.0,18.0,9.0,9.0,9.0,2,BR3-ISB607,BR3,0,black
12010,BR3-ISx610,Apatinë jungiamoji juosta,9.0,1,1,1300.0,180.0,18.0,9.0,18.0,9.0,9.0,9.0,18.0,9.0,9.0,9.0,2,BR3-ISB610,BR3,0,black
12010,BR3-ISx613,Apatinë jungiamoji juosta,9.0,1,1,1454.0,180.0,18.0,9.0,18.0,9.0,9.0,9.0,18.0,9.0,9.0,9.0,2,BR3-ISB613,BR3,0,black
12010,BR3-ISx202,Galvûgalis,14.0,1,0,578.0,455.0,20.0,15.0,20.0,20.0,20.0,20.0,20.0,15.0,20.0,15.0,0,BR3-ISB202,BR3,0,black
12010,BR3-ISx203,Galvûgalis,14.0,1,0,670.0,455.0,20.0,15.0,20.0,20.0,20.0,20.0,20.0,15.0,20.0,15.0,0,BR3-ISB203,BR3,0,black
12010,BR3-ISx204,Galvûgalis,14.0,1,0,658.0,455.0,20.0,15.0,20.0,20.0,20.0,20.0,20.0,15.0,20.0,15.0,0,BR3-ISB204,BR3,0,black
12010,BR3-ISx302,Kojûgalis,12.0,1,0,378.0,1338.0,24.0,12.0,24.0,12.0,0.0,0.0,24.0,12.0,0.0,0.0,2,BR3-ISB302,BR3,0,black
12010,BR3-ISx303,Kojûgalis,12.0,1,0,378.0,1538.0,24.0,12.0,24.0,12.0,0.0,0.0,24.0,12.0,0.0,0.0,2,BR3-ISB303,BR3,0,black
12010,BR3-ISx102,Ðonas,11.0,1,1,2002.0,180.0,28.0,12.0,28.0,16.0,16.0,35.0,28.0,12.0,16.0,12.0,3,BR3-ISB102,BR3,0,black
12010,BR3-IKX202,Virðus,12.0,1,1,900.0,440.0,23.0,12.0,23.0,18.0,18.0,23.0,23.0,12.0,18.0,12.0,3,BR3-IKO202,BR3,0,oack
12010,BR3-ITX101-K,Kairinis ðonas,14.0,2,0,796.0,248.0,18.0,14.0,18.0,18.0,18.0,18.0,18.0,14.0,18.0,18.0,2,BR3-ITO101-K,BR3,0,oack
12010,BR3-ITX302,Dugnas,13.0,2,0,1037.0,295.0,21.0,14.0,21.0,21.0,21.0,21.0,21.0,14.0,21.0,14.0,3,BR3-ITO302,BR3,0,oack
12010,BR3-ITX301,Dugnas,14.0,2,0,686.0,295.0,24.0,18.0,22.0,27.0,25.0,32.0,22.0,18.0,27.0,18.0,3,BR3-ITO301,BR3,0,oack
12010,BR3-ITX104,Pertvara,13.0,2,0,1092.0,295.0,18.0,10.0,18.0,18.0,18.0,18.0,18.0,10.0,18.0,18.0,2,BR3-ITO104,BR3,0,oack
12010,BR3-ITX102,Pertvara,14.0,2,0,741.0,295.0,18.0,14.0,18.0,18.0,18.0,18.0,18.0,14.0,18.0,18.0,2,BR3-ITO102,BR3,0,oack
12010,BR3-ITX202,Virðus,13.0,2,1,1157.0,345.0,22.0,13.0,22.0,22.0,22.0,22.0,22.0,13.0,22.0,13.0,3,BR3-ITO202,BR3,0,oack
12010,BR3-ITX201,Virðus,12.0,2,1,806.0,345.0,18.0,12.0,18.0,18.0,18.0,18.0,18.0,12.0,18.0,12.0,3,BR3-ITO201,BR3,0,oack
12010,BR3-IRX901,Durys,18.0,1,1,460.0,320.0,11.0,14.0,11.0,18.0,12.0,18.0,19.0,12.0,18.0,12.0,2,BR3-IRO901,BR3,0,oack
12010,BR3-IKX203,Virðus,12.0,1,1,1718.0,440.0,27.0,12.0,27.0,18.0,18.0,27.0,27.0,12.0,18.0,12.0,3,BR3-IKO203,BR3,0,oack
12010,BR3-IKX204,Virðus,12.0,1,1,900.0,460.0,23.0,12.0,23.0,18.0,18.0,23.0,23.0,12.0,18.0,12.0,3,BR3-IKO204,BR3,0,oack
12010,BR2-IKX105,Pertvara,17.0,1,1,427.0,670.0,21.0,18.0,21.0,27.0,21.0,30.0,27.0,21.0,21.0,21.0,2,BR2-IKO105,BR2,0,oack
12010,BR2-IKX903,Maþas stalèiaus priekis,19.5,2,1,794.0,210.0,27.0,21.0,27.0,21.0,21.0,27.0,27.0,21.0,21.0,18.0,2,BR2-IKO903,BR2,0,oack
12010,BR2-IRX122,Universalus ðonas,14.0,1,1,566.0,258.0,22.0,20.0,22.0,21.0,21.0,21.0,22.0,21.0,21.0,21.0,2,BR2-IRO122,BR2,0,oack
12010,BR3-IRX313,Dugnas,14.0,1,1,240.0,305.0,15.0,15.0,18.0,18.0,18.0,18.0,18.0,15.0,18.0,15.0,3,BR3-IRO313,BR3,0,oack
12010,BR3-IRX215,Virðus,10.0,1,1,1200.0,730.0,15.0,10.0,18.0,18.0,18.0,18.0,18.0,10.0,18.0,10.0,4,BR3-IRO215,BR3,0,oack
12010,BR3-IRX706,Prilaikymo juosta,18.0,2,0,544.0,159.0,21.0,18.0,21.0,21.0,20.0,20.0,20.0,20.0,21.0,20.0,2,BR3-IRO706,BR3,0,oack
12010,BR3-IRX121,Pertvara,12.0,1,0,566.0,423.0,18.0,13.0,18.0,20.0,13.0,13.0,18.0,13.0,20.0,13.0,3,BR3-IRO121,BR3,0,oack
12010,BR2-IKX902,Stalèiaus priekis,19.5,1,1,794.0,206.0,27.0,21.0,27.0,21.0,21.0,30.0,27.0,21.0,21.0,21.0,2,BR2-IKO902,BR2,0,oack
12010,BR3-IRX121-A,Pertvara,12.0,1,0,566.0,423.0,15.0,13.0,18.0,20.0,13.0,13.0,18.0,13.0,20.0,13.0,3,BR3-IRO121-A,BR3,1,oack
12010,BR3-ITX105-K,Kairinis ðonas,14.0,1,1,970.0,247.0,21.0,14.0,21.0,21.0,21.0,3.0,21.0,14.0,21.0,14.0,3,BR3-ITO105-K,BR3,0,oack
12010,BR3-ITX105-D,Deðininis ðonas,14.0,1,1,970.0,247.0,21.0,14.0,21.0,21.0,21.0,3.0,21.0,14.0,21.0,14.0,3,BR3-ITO105-D,BR3,0,oack
12010,BR3-ITX303,Dugnas,11.0,1,0,408.5,1710.0,25.0,11.0,25.0,25.0,25.0,25.0,25.0,11.0,25.0,11.0,3,BR3-ITO303,BR3,0,oack
12010,BR3-ITX204,Virðus,9.0,1,1,1830.0,475.0,26.0,11.0,26.0,26.0,26.0,26.0,26.0,0.0,26.0,11.0,3,BR3-ITO204,BR3,0,oack
12010,BR3-ITX203,Virðus,11.0,2,1,1830.0,328.0,26.0,11.0,26.0,26.0,26.0,26.0,26.0,11.0,26.0,11.0,3,BR3-ITO203,BR3,0,oack
12010,BR2-IKX903-1,Maþas stalèiaus priekis dvigubos,18.0,1,1,794.0,206.0,27.0,21.0,27.0,21.0,21.0,27.0,27.0,21.0,21.0,18.0,2,BR2-IKO903-1,BR2,0,oack
12010,BR2-IKX701-A,Nugarëlë,12.0,1,0,800.0,334.0,23.0,12.0,23.0,18.0,18.0,23.0,23.0,12.0,18.0,12.0,3,BR2-IKO701-A,BR2,1,oack
12010,BR3-ITX101-D,Deðininis ðonas,14.0,2,0,796.0,248.0,18.0,14.0,18.0,18.0,18.0,18.0,18.0,14.0,18.0,18.0,2,BR3-ITO101-D,BR3,0,oack
12010,BR3-IKX103-D-A,Ðonas,17.0,1,1,374.0,1002.0,21.0,18.0,27.0,27.0,27.0,27.0,27.0,12.0,27.0,21.0,3,BR3-IKO103-D-A,BR3,1,oack
12010,BR3-ITX103-K,Kairinis ðonas,9.0,1,1,1147.0,248.0,18.0,10.0,18.0,18.0,18.0,18.0,18.0,10.0,18.0,18.0,2,BR3-ITO103-K,BR3,0,oack
12010,BR3-IRX120-D-A,Deðininis ðonas,12.0,1,0,566.0,423.0,18.0,13.0,18.0,20.0,20.0,13.0,18.0,13.0,20.0,13.0,3,BR3-IRO120-D-A,BR3,1,oack
12010,BR3-IRX120-K-A,Kairinis ðonas,12.0,1,0,566.0,423.0,18.0,13.0,18.0,20.0,13.0,15.0,18.0,13.0,20.0,13.0,4,BR3-IRO120-K-A,BR3,1,oack
12010,BR3-IRX214-A,Virðus,12.0,1,0,900.0,520.0,22.0,15.0,21.0,21.0,21.0,21.0,21.0,15.0,21.0,21.0,3,BR3-IRO214-A,BR3,1,oack
12010,BR2-IKX106-D,Ðonas,17.0,1,0,688.0,394.0,21.0,18.0,21.0,27.0,21.0,30.0,27.0,21.0,21.0,21.0,2,BR2-IKO106-D,BR2,0,oack
12010,BR2-IKX106-K,Ðonas,17.0,1,0,688.0,394.0,21.0,18.0,21.0,27.0,21.0,30.0,27.0,21.0,21.0,21.0,2,BR2-IKO106-K,BR2,0,oack
12010,BR2-IKX106-D-A,Ðonas,17.0,1,0,688.0,394.0,21.0,18.0,21.0,27.0,21.0,30.0,27.0,21.0,21.0,21.0,2,BR2-IKO106-D-A,BR2,1,oack
12010,BR2-IKX106-K-A,Ðonas,17.0,1,0,688.0,394.0,21.0,18.0,21.0,27.0,21.0,30.0,27.0,21.0,21.0,21.0,2,BR2-IKO106-K-A,BR2,1,oack
12010,BR3-IRX214,Virðus,12.0,1,0,900.0,520.0,22.0,15.0,21.0,21.0,21.0,21.0,21.0,15.0,21.0,21.0,3,BR3-IRO214,BR3,0,oack
12010,BR3-IKX103-K-A,Ðonas,17.0,1,1,374.0,1002.0,21.0,18.0,27.0,27.0,27.0,27.0,27.0,12.0,27.0,21.0,3,BR3-IKO103-K-A,BR3,1,oack
12010,BR3-IRX402,Lentyna,16.0,1,0,801.0,519.0,23.0,18.0,23.0,23.0,18.0,27.0,23.0,18.0,23.0,18.0,3,BR3-IRO402,BR3,0,oack
12010,BR3-IRX120-K,Kairinis ðonas,12.0,1,0,566.0,423.0,18.0,13.0,18.0,20.0,20.0,13.0,18.0,13.0,20.0,13.0,3,BR3-IRO120-K,BR3,0,oack
12010,BR3-IRX118-D,Deðininis ðonas,17.0,1,0,724.0,264.0,18.0,16.0,18.0,18.0,18.0,18.0,22.0,18.0,18.0,18.0,2,BR3-IRO118-D,BR3,0,oack
12010,BR3-IRX118-K,Kairinis ðonas,17.0,1,0,724.0,264.0,18.0,16.0,18.0,18.0,18.0,18.0,22.0,18.0,18.0,18.0,3,BR3-IRO118-K,BR3,0,oack
12010,BR3-IRX116-D,Deðininis ðonas,17.0,1,1,500.0,264.0,18.0,18.0,18.0,18.0,18.0,18.0,18.0,18.0,18.0,18.0,3,BR3-IRO116-D,BR3,0,oack
12010,BR3-IRX116-K,Kairinis ðonas,17.0,1,1,500.0,264.0,18.0,16.0,18.0,18.0,22.0,18.0,18.0,18.0,22.0,12.0,3,BR3-IRO116-K,BR3,0,oack
12010,BR3-IRX311,Dugnas,16.0,1,1,1080.0,312.0,26.0,20.0,26.0,17.0,18.0,18.0,27.0,17.0,21.0,18.0,2,BR3-IRO311,BR3,0,oack
12010,BR3-IRX213,Virðus,12.0,1,0,800.0,475.0,18.0,12.0,18.0,20.0,13.0,13.0,18.0,13.0,20.0,13.0,3,BR3-IRO213,BR3,0,oack
12010,BR3-IRX119,Pertvara,19.0,1,0,669.0,308.0,24.0,20.0,24.0,20.0,18.0,18.0,24.0,20.0,18.0,18.0,2,BR3-IRO119,BR3,0,oack
12010,BR2-IRX903,Durys,11.0,1,0,1697.0,396.0,26.0,11.0,26.0,26.0,12.0,18.0,26.0,12.0,26.0,12.0,3,BR2-IRO903,BR2,0,oack
12010,BR3-IRX902,Siauros dëþës fasadas,18.0,1,0,600.0,200.0,20.0,20.0,18.0,20.0,18.0,18.0,18.0,18.0,18.0,18.0,2,BR3-IRO902,BR3,0,oack
12010,BR3-IRX403,Lentyna,18.0,1,0,382.0,519.0,18.0,18.0,19.0,18.0,19.0,19.0,18.0,19.0,18.0,19.0,2,BR3-IRO403,BR3,0,oack
12010,BR3-IRX305,Dugnas,12.0,1,0,1200.0,505.0,26.0,20.0,26.0,23.0,18.0,22.0,26.0,15.0,23.0,18.0,3,BR3-IRO305,BR3,0,oack
12010,BR3-IRX205,Virðus,11.0,1,1,1310.0,571.0,26.0,20.0,26.0,18.0,18.0,18.0,22.0,12.0,18.0,12.0,3,BR3-IRO205,BR3,0,oack
12010,BR3-IRX907,Stalèiaus priekis,16.0,1,0,674.0,200.0,21.0,16.0,21.0,16.0,18.0,18.0,22.0,16.0,18.0,18.0,2,BR3-IRO907,BR3,0,oack
12010,BR3-IKX202-A,Virðus,12.0,1,1,900.0,440.0,23.0,12.0,23.0,18.0,18.0,23.0,23.0,12.0,18.0,12.0,3,BR3-IKO202-A,BR3,1,oack
12010,BR2-IKX103-D-A,Ðonas,17.0,1,1,374.0,1002.0,21.0,18.0,27.0,27.0,27.0,27.0,27.0,12.0,27.0,21.0,3,BR2-IKO103-D-A,BR2,1,oack
12010,BR2-IKX103-K-A,Ðonas,17.0,1,1,374.0,1002.0,21.0,18.0,27.0,27.0,27.0,27.0,27.0,12.0,27.0,21.0,3,BR2-IKO103-K-A,BR2,1,oack
12010,BR3-ITX103-D,Deðininis ðonas,9.0,1,1,1147.0,248.0,18.0,10.0,18.0,18.0,18.0,18.0,18.0,10.0,18.0,18.0,2,BR3-ITO103-D,BR3,0,oack
12010,BR3-IRX206,Virðus,12.0,1,1,506.0,475.0,11.0,14.0,11.0,18.0,18.0,20.0,20.0,12.0,18.0,20.0,3,BR3-IRO206,BR3,0,oack
12010,BR3-IRX114-D,Deðininis ðonas,8.0,1,1,806.0,780.0,18.0,8.0,18.0,18.0,9.0,9.0,18.0,9.0,18.0,9.0,5,BR3-IRO114-D,BR3,0,oack
12010,BR3-ITX108,Pertvara,18.0,2,0,408.5,465.0,18.0,18.0,18.0,18.0,20.0,35.0,18.0,18.0,18.0,18.0,2,BR3-ITO108,BR3,0,oack
12010,BR3-IRX408,Lentyna,20.0,2,0,679.0,285.0,25.0,20.0,25.0,21.0,21.0,21.0,25.0,21.0,21.0,21.0,2,BR3-IRO408,BR3,0,oack
12010,BR3-IRX115-D,Deðininis ðonas,13.0,1,1,952.0,231.0,22.0,15.0,22.0,22.0,22.0,22.0,22.0,15.0,22.0,22.0,3,BR3-IRO115-D,BR3,0,oack
12010,BR3-IRX115-K,Kairinis ðonas,13.0,1,1,952.0,231.0,22.0,15.0,22.0,22.0,22.0,22.0,22.0,15.0,22.0,22.0,3,BR3-IRO115-K,BR3,0,oack
12010,BR3-IRX212,Virðus,12.0,1,1,800.0,475.0,18.0,12.0,18.0,20.0,13.0,13.0,18.0,13.0,20.0,13.0,3,BR3-IRO212,BR3,0,oack
12010,BR3-IRX211,Virðus,16.0,1,0,800.0,326.0,20.0,18.0,20.0,18.0,18.0,18.0,20.0,18.0,18.0,18.0,2,BR3-IRO211,BR3,0,oack
12010,BR3-IRX912,Durys,17.0,1,0,684.0,336.0,21.0,16.0,21.0,18.0,18.0,18.0,21.0,18.0,18.0,18.0,2,BR3-IRO912,BR3,0,oack
12010,BR3-IRX117,Pertvara,18.0,1,0,445.0,308.0,27.0,16.0,27.0,18.0,18.0,18.0,27.0,16.0,18.0,18.0,3,BR3-IRO117,BR3,0,oack
12010,BR3-IRX114-K,Kairinis ðonas,8.0,1,1,806.0,780.0,18.0,8.0,18.0,18.0,9.0,9.0,18.0,9.0,18.0,9.0,5,BR3-IRO114-K,BR3,0,oack
12010,BR3-IRX120-D,Deðininis ðonas,12.0,1,0,566.0,423.0,18.0,13.0,18.0,20.0,13.0,15.0,18.0,13.0,20.0,13.0,4,BR3-IRO120-D,BR3,0,oack
12010,BR3-IRX310,Dugnas,17.0,1,1,680.0,412.0,18.0,14.0,18.0,21.0,18.0,18.0,18.0,14.0,21.0,14.0,4,BR3-IRO310,BR3,0,oack
12010,BR3-IRX210,Virðus,12.0,1,0,800.0,475.0,17.0,13.0,17.0,20.0,13.0,13.0,17.0,13.0,20.0,13.0,3,BR3-IRO210,BR3,0,oack
12010,BR3-IRX406,Lentyna,20.0,2,1,549.0,285.0,22.0,20.0,22.0,21.0,21.0,21.0,22.0,21.0,21.0,21.0,2,BR3-IRO406,BR3,0,oack
12010,BR3-IRX405,Lentyna,20.0,2,1,550.0,285.0,21.0,13.0,21.0,21.0,14.0,14.0,21.0,14.0,21.0,14.0,3,BR3-IRO405,BR3,0,oack
12010,BR3-IRX113-K,Kairinis ðonas,8.0,1,1,1775.5,231.0,20.0,9.0,20.0,18.0,18.0,18.0,20.0,9.0,18.0,9.0,4,BR3-IRO113-K,BR3,0,oack
12010,BR3-IRX113-D,Deðininis ðonas,8.0,1,1,1775.5,231.0,20.0,9.0,20.0,18.0,18.0,18.0,20.0,9.0,18.0,9.0,4,BR3-IRO113-D,BR3,0,oack
12010,BR3-IRX309,Dugnas,13.0,2,1,550.0,276.0,18.0,13.0,18.0,21.0,18.0,18.0,18.0,14.0,21.0,14.0,4,BR3-IRO309,BR3,0,oack
12010,BR3-IRX209,Virðus,12.0,1,0,670.0,328.0,18.0,18.0,18.0,18.0,18.0,18.0,18.0,18.0,18.0,18.0,3,BR3-IRO209,BR3,0,oack
12010,BR3-IRX407,Lentyna,17.0,2,0,679.0,408.0,25.0,21.0,25.0,32.0,21.0,21.0,25.0,21.0,32.0,21.0,3,BR3-IRO407,BR3,0,oack
12010,BR3-ISX301,Dugnas,18.0,1,0,364.0,329.0,18.0,18.0,19.0,18.0,19.0,19.0,18.0,19.0,18.0,19.0,2,BR3-ISO301,BR3,0,oack
12010,BR3-ISx903,Fasadas didelis,16.0,1,1,200.0,600.0,19.0,20.0,19.0,17.0,17.0,20.0,19.0,17.0,17.0,17.0,2,BR3-ISO903,BR3,0,oack
12010,BR3-ISX108-K,Kairinis ðonas,12.0,1,1,477.0,783.0,18.0,13.0,18.0,20.0,20.0,13.0,18.0,13.0,20.0,13.0,3,BR3-ISO108-K,BR3,0,oack
12010,BR3-ISX205,Virðus,10.0,1,1,603.0,1196.0,19.0,14.0,19.0,16.0,20.0,26.0,19.0,11.0,16.0,11.0,3,BR3-ISO205,BR3,0,oack
12010,BR3-ISX403,Lentyna,18.0,1,0,529.0,364.0,18.0,22.0,18.0,18.0,0.0,0.0,18.0,12.0,0.0,0.0,3,BR3-ISO403,BR3,0,oack
12010,BR3-ISX107,Pertvara,11.0,1,1,580.0,1879.0,18.0,22.0,18.0,18.0,0.0,0.0,18.0,12.0,0.0,0.0,3,BR3-ISO107,BR3,0,oack
12010,BR3-ISX106-K,Ðonas,11.0,1,1,580.0,1879.0,29.0,22.0,29.0,18.0,0.0,0.0,29.0,12.0,18.0,12.0,3,BR3-ISO106-K,BR3,0,oack
12010,BR3-ISX402,Lentyna,18.0,1,0,529.0,764.0,18.0,22.0,18.0,18.0,0.0,0.0,18.0,12.0,0.0,0.0,3,BR3-ISO402,BR3,0,oack
12010,BR3-ISX208,Virðus,10.0,1,1,500.0,816.0,22.0,11.0,22.0,20.0,0.0,0.0,22.0,13.0,16.0,11.0,3,BR3-ISO208,BR3,0,oack
12010,BR3-ISX207,Virðus,10.0,1,1,603.0,1196.0,22.0,11.0,22.0,20.0,0.0,0.0,22.0,13.0,16.0,11.0,3,BR3-ISO207,BR3,0,oack
12010,BR3-ISX109-K,Kairinis ðonas,12.0,1,1,477.0,1008.0,18.0,13.0,18.0,20.0,20.0,13.0,18.0,13.0,20.0,13.0,3,BR3-ISO109-K,BR3,0,oack
12010,BR3-ISX401,Lentyna,18.0,1,0,364.0,349.0,18.0,18.0,19.0,18.0,19.0,19.0,18.0,19.0,18.0,19.0,2,BR3-ISO401,BR3,0,oack
12010,BR3-ISX101-D,Deðininis ðonas,14.0,2,0,529.0,375.0,18.0,14.0,18.0,18.0,18.0,18.0,18.0,14.0,18.0,18.0,2,BR3-ISO101-D,BR3,0,oack
12010,BR3-ISX101-K,Kairinis ðonas,14.0,2,0,529.0,375.0,18.0,14.0,18.0,18.0,18.0,18.0,18.0,14.0,18.0,18.0,2,BR3-ISO101-K,BR3,0,oack
12010,BR3-ISx201,Virðus,16.0,1,0,416.0,403.0,17.0,17.0,17.0,17.0,17.0,17.0,17.0,17.0,17.0,17.0,2,BR3-ISO201,BR3,0,oack
12010,BR3-ISx703,Nugarëlë didelë,19.0,1,1,160.0,1288.0,19.0,15.0,28.0,19.0,0.0,0.0,28.0,19.0,0.0,0.0,2,BR3-ISO703,BR3,0,oack
12010,BR3-ISx702,Nugarëlë maþa,19.0,1,1,160.0,598.0,19.0,15.0,28.0,19.0,0.0,0.0,28.0,19.0,0.0,0.0,2,BR3-ISO702,BR3,0,oack
12010,BR3-ISx701,Nugarëlë didelë,19.0,1,0,160.0,1388.0,19.0,15.0,28.0,19.0,19.0,19.0,28.0,19.0,19.0,19.0,2,BR3-ISO701,BR3,0,oack
12010,BR3-ITX106-K,Kairinis ðonas,16.0,1,1,520.0,378.0,24.0,16.0,24.0,24.0,24.0,24.0,24.0,16.0,24.0,24.0,3,BR3-ITO106-K,BR3,0,oack
12010,BR3-ISX106-D,Ðonas,11.0,1,1,580.0,1879.0,29.0,22.0,29.0,18.0,0.0,0.0,29.0,12.0,18.0,12.0,3,BR3-ISO106-D,BR3,0,oack
12010,BR2-IKX103-D-A,Ðonas,17.0,1,1,374.0,1002.0,21.0,18.0,27.0,27.0,27.0,27.0,27.0,12.0,27.0,21.0,3,BR2-IKO103-D-A,BR2,1,oack
12010,BR3-ISX306,Dugnas,11.0,1,0,531.0,1144.0,20.0,12.0,20.0,18.0,0.0,0.0,18.0,12.0,0.0,0.0,3,BR3-ISO306,BR3,0,oack
12010,BR3-IRX903,Durys,11.0,1,0,1697.0,396.0,26.0,11.0,26.0,26.0,12.0,18.0,26.0,12.0,26.0,12.0,3,BR3-IRO903,BR3,0,oack
12010,BR3-IRX412-A,Lentyna,20.0,1,1,240.0,305.0,18.0,16.0,20.0,20.0,0.0,0.0,20.0,14.0,0.0,0.0,2,BR3-IRO412-A,BR3,1,oack
12010,BR3-IRX215-A,Virðus,10.0,1,1,1200.0,730.0,15.0,10.0,18.0,18.0,18.0,18.0,18.0,10.0,18.0,10.0,4,BR3-IRO215-A,BR3,1,oack
12010,BR3-IKX105,Pertvara,17.0,1,1,427.0,670.0,21.0,18.0,21.0,27.0,21.0,30.0,27.0,21.0,21.0,21.0,2,BR3-IKO105,BR3,0,oack
12010,BR2-IKX901,Stalèiaus priekis,19.5,1,1,794.0,206.0,27.0,21.0,27.0,21.0,21.0,30.0,27.0,21.0,21.0,21.0,2,BR2-IKO901,BR2,0,oack
12010,BR2-IKX101-K,Ðonas,17.0,1,0,688.0,374.0,21.0,18.0,21.0,27.0,21.0,30.0,27.0,21.0,21.0,21.0,2,BR2-IKO101-K,BR2,0,oack
12010,BR3-ISX108-D,Deðininis ðonas,12.0,1,1,477.0,783.0,18.0,13.0,18.0,20.0,20.0,13.0,18.0,13.0,20.0,13.0,3,BR3-ISO108-D,BR3,0,oack
12010,BR2-IKX103-K-A,Ðonas,17.0,1,1,374.0,1002.0,21.0,18.0,27.0,27.0,27.0,27.0,27.0,12.0,27.0,21.0,3,BR2-IKO103-K-A,BR2,1,oack
12010,BR3-ISx904,Fasadas didelis,19.0,1,1,200.0,1290.0,32.0,20.0,32.0,17.0,17.0,35.0,32.0,17.0,17.0,17.0,2,BR3-ISO904,BR3,0,oack
12010,BR3-ISX704,Nugarëlë,16.0,2,1,223.0,764.0,19.0,20.0,19.0,17.0,17.0,20.0,19.0,17.0,17.0,17.0,2,BR3-ISO704,BR3,0,oack
12010,BR3-ISX112,Pertvara,16.0,1,1,256.0,425.5,19.0,20.0,19.0,17.0,17.0,20.0,19.0,17.0,17.0,17.0,2,BR3-ISO112,BR3,0,oack
12010,BR3-ISX110,Pertvara,12.0,1,1,456.0,783.0,18.0,13.0,18.0,20.0,20.0,13.0,18.0,13.0,20.0,13.0,3,BR3-ISO110,BR3,0,oack
12010,BR3-ISX111-K,Kairinis ðonas,12.0,1,1,477.0,1233.0,18.0,13.0,18.0,20.0,20.0,13.0,18.0,13.0,20.0,13.0,3,BR3-ISO111-K,BR3,0,oack
12010,BR3-ISX111-D,Deðininis ðonas,12.0,1,1,477.0,1233.0,18.0,13.0,18.0,20.0,20.0,13.0,18.0,13.0,20.0,13.0,3,BR3-ISO111-D,BR3,0,oack
12010,BR3-ISX113-K,Kairinis ðonas,12.0,1,1,477.0,783.0,18.0,13.0,18.0,20.0,20.0,13.0,18.0,13.0,20.0,13.0,3,BR3-ISO113-K,BR3,0,oack
12010,BR3-ISX113-D,Deðininis ðonas,12.0,1,1,477.0,783.0,18.0,13.0,18.0,20.0,20.0,13.0,18.0,13.0,20.0,13.0,3,BR3-ISO113-D,BR3,0,oack
12010,BR3-ISX109-D,Deðininis ðonas,12.0,1,1,477.0,1008.0,18.0,13.0,18.0,20.0,20.0,13.0,18.0,13.0,20.0,13.0,3,BR3-ISO109-D,BR3,0,oack
12010,BR2-IKX101-D,Ðonas,17.0,1,0,688.0,374.0,21.0,18.0,21.0,27.0,21.0,30.0,27.0,21.0,21.0,21.0,2,BR2-IKO101-D,BR2,0,oack
12010,BR2-IKX903-A,Maþas stalèiaus priekis,19.5,2,1,794.0,210.0,27.0,21.0,27.0,21.0,21.0,27.0,27.0,21.0,21.0,18.0,2,BR2-IKO903-A,BR2,1,oack
12010,BR3-ISx902,Fasadas didelis,16.0,1,1,200.0,1390.0,32.0,20.0,32.0,17.0,17.0,35.0,32.0,17.0,17.0,17.0,2,BR3-ISO902,BR3,0,oack
12010,BR2-IKX301-A,Dugnas,12.0,1,1,800.0,369.0,23.0,12.0,23.0,18.0,18.0,23.0,23.0,12.0,18.0,12.0,3,BR2-IKO301-A,BR2,1,oack
12010,BR3-ITX403,Lentyna,20.0,2,0,275.0,335.0,20.0,10.0,20.0,20.0,20.0,20.0,20.0,10.0,20.0,20.0,3,BR3-ITO403,BR3,0,oack
12010,BR3-IRX313-A,Dugnas,14.0,1,1,240.0,305.0,15.0,15.0,18.0,18.0,18.0,18.0,18.0,15.0,18.0,15.0,3,BR3-IRO313-A,BR3,1,oack
12010,BR3-IRX122-A,Universalus ðonas,14.0,1,1,566.0,258.0,22.0,20.0,22.0,21.0,21.0,21.0,22.0,21.0,21.0,21.0,2,BR3-IRO122-A,BR3,1,oack
12010,BR3-IKX702-A,Nugarëlë,18.0,1,0,800.0,334.0,23.0,12.0,23.0,18.0,18.0,23.0,23.0,12.0,18.0,12.0,3,BR3-IKO702-A,BR3,1,oack
12010,BR3-IKX204-A,Virðus,12.0,1,1,900.0,460.0,23.0,12.0,23.0,18.0,18.0,23.0,23.0,12.0,18.0,12.0,3,BR3-IKO204-A,BR3,1,oack
12010,BR3-ITX107,Pertvara,14.0,2,0,970.0,278.0,20.0,14.0,20.0,20.0,0.0,0.0,20.0,14.0,0.0,0.0,3,BR3-ITO107,BR3,0,oack
12010,BR3-ITX402,Lentyna,20.0,2,0,335.0,278.0,20.0,10.0,20.0,20.0,20.0,20.0,20.0,10.0,20.0,20.0,3,BR3-ITO402,BR3,0,oack
12010,BR3-ISx305,Kojûgalis,12.0,1,0,378.0,1438.0,24.0,12.0,24.0,12.0,12.0,12.0,24.0,12.0,12.0,12.0,2,BR3-ISO305,BR3,0,oack
12010,BR2-IKX902-A,Stalèiaus priekis,19.5,1,1,794.0,206.0,27.0,21.0,27.0,21.0,21.0,30.0,27.0,21.0,21.0,21.0,2,BR2-IKO902-A,BR2,1,oack
12010,BR2-IKX902-1,Maþas stalèiaus priekis dvigubos,18.0,1,1,794.0,206.0,27.0,21.0,27.0,21.0,21.0,27.0,27.0,21.0,21.0,18.0,2,BR2-IKO902-1,BR2,0,oack
12010,BR3-IKX702-A,Nugarëlë,14.0,1,0,800.0,334.0,23.0,12.0,23.0,18.0,18.0,23.0,23.0,12.0,18.0,12.0,3,BR3-IKO702-A,BR3,1,oack
12010,BR2-IKX702-A,Nugarëlë,14.0,1,0,800.0,334.0,23.0,12.0,23.0,18.0,18.0,23.0,23.0,12.0,18.0,12.0,3,BR2-IKO702-A,BR2,1,oack
12010,BR3-IKX702,Nugarëlë,18.0,1,0,800.0,334.0,23.0,12.0,23.0,18.0,18.0,23.0,23.0,12.0,18.0,12.0,3,BR3-IKO702,BR3,0,oack
12010,BR3-ITX404,Lentyna,20.0,2,0,442.0,408.5,20.0,10.0,20.0,20.0,20.0,20.0,20.0,10.0,20.0,20.0,3,BR3-ITO404,BR3,0,oack
12010,BR3-ITX405,Lentyna,20.0,2,0,335.0,408.5,20.0,10.0,20.0,20.0,20.0,20.0,20.0,10.0,20.0,20.0,3,BR3-ITO405,BR3,0,oack
12010,BR3-ITX107,Pertvara,14.0,2,0,970.0,278.0,20.0,14.0,20.0,20.0,0.0,0.0,20.0,14.0,0.0,0.0,3,BR3-ITO107,BR3,0,oack
12010,BR3-IRX706-A,Prilaikymo juosta,18.0,2,0,544.0,159.0,21.0,18.0,21.0,21.0,20.0,20.0,20.0,20.0,21.0,20.0,2,BR3-IRO706-A,BR3,1,oack
12010,BR3-ISx604,Apatinë jungiamoji juosta,9.0,1,1,1354.0,180.0,18.0,9.0,18.0,9.0,9.0,9.0,18.0,9.0,9.0,9.0,2,BR3-ISO604,BR3,0,oack
12010,BR3-ITX703,Nugarëlë,15.0,1,0,970.0,475.0,22.0,15.0,22.0,22.0,22.0,22.0,22.0,15.0,22.0,22.0,3,BR3-ITO703,BR3,0,oack
12010,BR3-ISX209,Virðus,10.0,1,1,500.0,816.0,22.0,11.0,22.0,20.0,0.0,0.0,22.0,13.0,16.0,11.0,3,BR3-ISO209,BR3,0,oack
12010,BR3-ISX206,Virðus,10.0,1,1,500.0,816.0,15.0,11.0,15.0,16.0,0.0,0.0,15.0,11.0,16.0,11.0,3,BR3-ISO206,BR3,0,oack
12010,BR2-IKX301,Dugnas,12.0,2,0,800.0,369.0,24.0,20.0,24.0,24.0,0.0,0.0,24.0,20.0,0.0,0.0,4,BR2-IKO301,BR2,0,oack
12010,BR2-IKX701,Nugarëlë,12.0,2,0,800.0,334.0,24.0,20.0,24.0,24.0,0.0,0.0,24.0,20.0,0.0,0.0,4,BR2-IKO701,BR2,0,oack
12010,BR2-IKX702,Nugarëlë,12.0,2,0,800.0,334.0,24.0,20.0,24.0,24.0,0.0,0.0,24.0,20.0,0.0,0.0,4,BR2-IKO702,BR2,0,oack
12010,BR3-ISx304,Kojûgalis,12.0,1,0,378.0,1284.0,24.0,12.0,24.0,12.0,12.0,12.0,24.0,12.0,12.0,12.0,2,BR3-ISO304,BR3,0,oack
12010,BR2-IRX122-A,Universalus ðonas,14.0,1,1,566.0,258.0,22.0,20.0,22.0,21.0,21.0,21.0,22.0,21.0,21.0,21.0,2,BR2-IRO122-A,BR2,1,oack
12010,BR3-ISx103,Ðonas,11.0,1,1,1902.0,180.0,28.0,12.0,28.0,16.0,16.0,35.0,28.0,12.0,16.0,12.0,3,BR3-ISO103,BR3,0,oack
12010,BR3-ITX106-D,Deðininis ðonas,16.0,1,1,520.0,378.0,24.0,16.0,24.0,24.0,24.0,24.0,24.0,16.0,24.0,24.0,3,BR3-ITO106-D,BR3,0,oack
12010,BR3-ISx607,Apatinë jungiamoji juosta,9.0,1,1,1554.0,180.0,18.0,9.0,18.0,9.0,9.0,9.0,18.0,9.0,9.0,9.0,2,BR3-ISO607,BR3,0,oack
12010,BR3-ISx610,Apatinë jungiamoji juosta,9.0,1,1,1300.0,180.0,18.0,9.0,18.0,9.0,9.0,9.0,18.0,9.0,9.0,9.0,2,BR3-ISO610,BR3,0,oack
12010,BR3-ISx613,Apatinë jungiamoji juosta,9.0,1,1,1454.0,180.0,18.0,9.0,18.0,9.0,9.0,9.0,18.0,9.0,9.0,9.0,2,BR3-ISO613,BR3,0,oack
12010,BR3-ISx202,Galvûgalis,14.0,1,0,578.0,455.0,20.0,15.0,20.0,20.0,20.0,20.0,20.0,15.0,20.0,15.0,0,BR3-ISO202,BR3,0,oack
12010,BR3-ISx203,Galvûgalis,14.0,1,0,670.0,455.0,20.0,15.0,20.0,20.0,20.0,20.0,20.0,15.0,20.0,15.0,0,BR3-ISO203,BR3,0,oack
12010,BR3-ISx204,Galvûgalis,14.0,1,0,658.0,455.0,20.0,15.0,20.0,20.0,20.0,20.0,20.0,15.0,20.0,15.0,0,BR3-ISO204,BR3,0,oack
12010,BR3-ISx302,Kojûgalis,12.0,1,0,378.0,1338.0,24.0,12.0,24.0,12.0,0.0,0.0,24.0,12.0,0.0,0.0,2,BR3-ISO302,BR3,0,oack
12010,BR3-ISx303,Kojûgalis,12.0,1,0,378.0,1538.0,24.0,12.0,24.0,12.0,0.0,0.0,24.0,12.0,0.0,0.0,2,BR3-ISO303,BR3,0,oack
12010,BR3-ISx102,Ðonas,11.0,1,1,2002.0,180.0,28.0,12.0,28.0,16.0,16.0,35.0,28.0,12.0,16.0,12.0,3,BR3-ISO102,BR3,0,oack
12010,BR3-IKX202,Virðus,12.0,1,1,900.0,440.0,23.0,12.0,23.0,18.0,18.0,23.0,23.0,12.0,18.0,12.0,3,BR3-IKX202,BR3,0,none
12010,BR3-ITX101-K,Kairinis ðonas,14.0,2,0,796.0,248.0,18.0,14.0,18.0,18.0,18.0,18.0,18.0,14.0,18.0,18.0,2,BR3-ITX101-K,BR3,0,none
12010,BR3-ITX302,Dugnas,13.0,2,0,1037.0,295.0,21.0,14.0,21.0,21.0,21.0,21.0,21.0,14.0,21.0,14.0,3,BR3-ITX302,BR3,0,none
12010,BR3-ITX301,Dugnas,14.0,2,0,686.0,295.0,24.0,18.0,22.0,27.0,25.0,32.0,22.0,18.0,27.0,18.0,3,BR3-ITX301,BR3,0,none
12010,BR3-ITX104,Pertvara,13.0,2,0,1092.0,295.0,18.0,10.0,18.0,18.0,18.0,18.0,18.0,10.0,18.0,18.0,2,BR3-ITX104,BR3,0,none
12010,BR3-ITX102,Pertvara,14.0,2,0,741.0,295.0,18.0,14.0,18.0,18.0,18.0,18.0,18.0,14.0,18.0,18.0,2,BR3-ITX102,BR3,0,none
12010,BR3-ITX202,Virðus,13.0,2,1,1157.0,345.0,22.0,13.0,22.0,22.0,22.0,22.0,22.0,13.0,22.0,13.0,3,BR3-ITX202,BR3,0,none
12010,BR3-ITX201,Virðus,12.0,2,1,806.0,345.0,18.0,12.0,18.0,18.0,18.0,18.0,18.0,12.0,18.0,12.0,3,BR3-ITX201,BR3,0,none
12010,BR3-IRX901,Durys,18.0,1,1,460.0,320.0,11.0,14.0,11.0,18.0,12.0,18.0,19.0,12.0,18.0,12.0,2,BR3-IRX901,BR3,0,none
12010,BR3-IKX203,Virðus,12.0,1,1,1718.0,440.0,27.0,12.0,27.0,18.0,18.0,27.0,27.0,12.0,18.0,12.0,3,BR3-IKX203,BR3,0,none
12010,BR3-IKX204,Virðus,12.0,1,1,900.0,460.0,23.0,12.0,23.0,18.0,18.0,23.0,23.0,12.0,18.0,12.0,3,BR3-IKX204,BR3,0,none
12010,BR2-IKX105,Pertvara,17.0,1,1,427.0,670.0,21.0,18.0,21.0,27.0,21.0,30.0,27.0,21.0,21.0,21.0,2,BR2-IKX105,BR2,0,none
12010,BR2-IKX903,Maþas stalèiaus priekis,19.5,2,1,794.0,210.0,27.0,21.0,27.0,21.0,21.0,27.0,27.0,21.0,21.0,18.0,2,BR2-IKX903,BR2,0,none
12010,BR2-IRX122,Universalus ðonas,14.0,1,1,566.0,258.0,22.0,20.0,22.0,21.0,21.0,21.0,22.0,21.0,21.0,21.0,2,BR2-IRX122,BR2,0,none
12010,BR3-IRX313,Dugnas,14.0,1,1,240.0,305.0,15.0,15.0,18.0,18.0,18.0,18.0,18.0,15.0,18.0,15.0,3,BR3-IRX313,BR3,0,none
12010,BR3-IRX215,Virðus,10.0,1,1,1200.0,730.0,15.0,10.0,18.0,18.0,18.0,18.0,18.0,10.0,18.0,10.0,4,BR3-IRX215,BR3,0,none
12010,BR3-IRX706,Prilaikymo juosta,18.0,2,0,544.0,159.0,21.0,18.0,21.0,21.0,20.0,20.0,20.0,20.0,21.0,20.0,2,BR3-IRX706,BR3,0,none
12010,BR3-IRX121,Pertvara,12.0,1,0,566.0,423.0,18.0,13.0,18.0,20.0,13.0,13.0,18.0,13.0,20.0,13.0,3,BR3-IRX121,BR3,0,none
12010,BR2-IKX902,Stalèiaus priekis,19.5,1,1,794.0,206.0,27.0,21.0,27.0,21.0,21.0,30.0,27.0,21.0,21.0,21.0,2,BR2-IKX902,BR2,0,none
12010,BR3-IRX121-A,Pertvara,12.0,1,0,566.0,423.0,15.0,13.0,18.0,20.0,13.0,13.0,18.0,13.0,20.0,13.0,3,BR3-IRX121-A,BR3,1,none
12010,BR3-ITX105-K,Kairinis ðonas,14.0,1,1,970.0,247.0,21.0,14.0,21.0,21.0,21.0,3.0,21.0,14.0,21.0,14.0,3,BR3-ITX105-K,BR3,0,none
12010,BR3-ITX105-D,Deðininis ðonas,14.0,1,1,970.0,247.0,21.0,14.0,21.0,21.0,21.0,3.0,21.0,14.0,21.0,14.0,3,BR3-ITX105-D,BR3,0,none
12010,BR3-ITX303,Dugnas,11.0,1,0,408.5,1710.0,25.0,11.0,25.0,25.0,25.0,25.0,25.0,11.0,25.0,11.0,3,BR3-ITX303,BR3,0,none
12010,BR3-ITX204,Virðus,9.0,1,1,1830.0,475.0,26.0,11.0,26.0,26.0,26.0,26.0,26.0,0.0,26.0,11.0,3,BR3-ITX204,BR3,0,none
12010,BR3-ITX203,Virðus,11.0,2,1,1830.0,328.0,26.0,11.0,26.0,26.0,26.0,26.0,26.0,11.0,26.0,11.0,3,BR3-ITX203,BR3,0,none
12010,BR2-IKX903-1,Maþas stalèiaus priekis dvigubos,18.0,1,1,794.0,206.0,27.0,21.0,27.0,21.0,21.0,27.0,27.0,21.0,21.0,18.0,2,BR2-IKX903-1,BR2,0,none
12010,BR2-IKX701-A,Nugarëlë,12.0,1,0,800.0,334.0,23.0,12.0,23.0,18.0,18.0,23.0,23.0,12.0,18.0,12.0,3,BR2-IKX701-A,BR2,1,none
12010,BR3-ITX101-D,Deðininis ðonas,14.0,2,0,796.0,248.0,18.0,14.0,18.0,18.0,18.0,18.0,18.0,14.0,18.0,18.0,2,BR3-ITX101-D,BR3,0,none
12010,BR3-IKX103-D-A,Ðonas,17.0,1,1,374.0,1002.0,21.0,18.0,27.0,27.0,27.0,27.0,27.0,12.0,27.0,21.0,3,BR3-IKX103-D-A,BR3,1,none
12010,BR3-ITX103-K,Kairinis ðonas,9.0,1,1,1147.0,248.0,18.0,10.0,18.0,18.0,18.0,18.0,18.0,10.0,18.0,18.0,2,BR3-ITX103-K,BR3,0,none
12010,BR3-IRX120-D-A,Deðininis ðonas,12.0,1,0,566.0,423.0,18.0,13.0,18.0,20.0,20.0,13.0,18.0,13.0,20.0,13.0,3,BR3-IRX120-D-A,BR3,1,none
12010,BR3-IRX120-K-A,Kairinis ðonas,12.0,1,0,566.0,423.0,18.0,13.0,18.0,20.0,13.0,15.0,18.0,13.0,20.0,13.0,4,BR3-IRX120-K-A,BR3,1,none
12010,BR3-IRX214-A,Virðus,12.0,1,0,900.0,520.0,22.0,15.0,21.0,21.0,21.0,21.0,21.0,15.0,21.0,21.0,3,BR3-IRX214-A,BR3,1,none
12010,BR2-IKX106-D,Ðonas,17.0,1,0,688.0,394.0,21.0,18.0,21.0,27.0,21.0,30.0,27.0,21.0,21.0,21.0,2,BR2-IKX106-D,BR2,0,none
12010,BR2-IKX106-K,Ðonas,17.0,1,0,688.0,394.0,21.0,18.0,21.0,27.0,21.0,30.0,27.0,21.0,21.0,21.0,2,BR2-IKX106-K,BR2,0,none
12010,BR2-IKX106-D-A,Ðonas,17.0,1,0,688.0,394.0,21.0,18.0,21.0,27.0,21.0,30.0,27.0,21.0,21.0,21.0,2,BR2-IKX106-D-A,BR2,1,none
12010,BR2-IKX106-K-A,Ðonas,17.0,1,0,688.0,394.0,21.0,18.0,21.0,27.0,21.0,30.0,27.0,21.0,21.0,21.0,2,BR2-IKX106-K-A,BR2,1,none
12010,BR3-IRX214,Virðus,12.0,1,0,900.0,520.0,22.0,15.0,21.0,21.0,21.0,21.0,21.0,15.0,21.0,21.0,3,BR3-IRX214,BR3,0,none
12010,BR3-IKX103-K-A,Ðonas,17.0,1,1,374.0,1002.0,21.0,18.0,27.0,27.0,27.0,27.0,27.0,12.0,27.0,21.0,3,BR3-IKX103-K-A,BR3,1,none
12010,BR3-IRX402,Lentyna,16.0,1,0,801.0,519.0,23.0,18.0,23.0,23.0,18.0,27.0,23.0,18.0,23.0,18.0,3,BR3-IRX402,BR3,0,none
12010,BR3-IRX120-K,Kairinis ðonas,12.0,1,0,566.0,423.0,18.0,13.0,18.0,20.0,20.0,13.0,18.0,13.0,20.0,13.0,3,BR3-IRX120-K,BR3,0,none
12010,BR3-IRX118-D,Deðininis ðonas,17.0,1,0,724.0,264.0,18.0,16.0,18.0,18.0,18.0,18.0,22.0,18.0,18.0,18.0,2,BR3-IRX118-D,BR3,0,none
12010,BR3-IRX118-K,Kairinis ðonas,17.0,1,0,724.0,264.0,18.0,16.0,18.0,18.0,18.0,18.0,22.0,18.0,18.0,18.0,3,BR3-IRX118-K,BR3,0,none
12010,BR3-IRX116-D,Deðininis ðonas,17.0,1,1,500.0,264.0,18.0,18.0,18.0,18.0,18.0,18.0,18.0,18.0,18.0,18.0,3,BR3-IRX116-D,BR3,0,none
12010,BR3-IRX116-K,Kairinis ðonas,17.0,1,1,500.0,264.0,18.0,16.0,18.0,18.0,22.0,18.0,18.0,18.0,22.0,12.0,3,BR3-IRX116-K,BR3,0,none
12010,BR3-IRX311,Dugnas,16.0,1,1,1080.0,312.0,26.0,20.0,26.0,17.0,18.0,18.0,27.0,17.0,21.0,18.0,2,BR3-IRX311,BR3,0,none
12010,BR3-IRX213,Virðus,12.0,1,0,800.0,475.0,18.0,12.0,18.0,20.0,13.0,13.0,18.0,13.0,20.0,13.0,3,BR3-IRX213,BR3,0,none
12010,BR3-IRX119,Pertvara,19.0,1,0,669.0,308.0,24.0,20.0,24.0,20.0,18.0,18.0,24.0,20.0,18.0,18.0,2,BR3-IRX119,BR3,0,none
12010,BR2-IRX903,Durys,11.0,1,0,1697.0,396.0,26.0,11.0,26.0,26.0,12.0,18.0,26.0,12.0,26.0,12.0,3,BR2-IRX903,BR2,0,none
12010,BR3-IRX902,Siauros dëþës fasadas,18.0,1,0,600.0,200.0,20.0,20.0,18.0,20.0,18.0,18.0,18.0,18.0,18.0,18.0,2,BR3-IRX902,BR3,0,none
12010,BR3-IRX403,Lentyna,18.0,1,0,382.0,519.0,18.0,18.0,19.0,18.0,19.0,19.0,18.0,19.0,18.0,19.0,2,BR3-IRX403,BR3,0,none
12010,BR3-IRX305,Dugnas,12.0,1,0,1200.0,505.0,26.0,20.0,26.0,23.0,18.0,22.0,26.0,15.0,23.0,18.0,3,BR3-IRX305,BR3,0,none
12010,BR3-IRX205,Virðus,11.0,1,1,1310.0,571.0,26.0,20.0,26.0,18.0,18.0,18.0,22.0,12.0,18.0,12.0,3,BR3-IRX205,BR3,0,none
12010,BR3-IRX907,Stalèiaus priekis,16.0,1,0,674.0,200.0,21.0,16.0,21.0,16.0,18.0,18.0,22.0,16.0,18.0,18.0,2,BR3-IRX907,BR3,0,none
12010,BR3-IKX202-A,Virðus,12.0,1,1,900.0,440.0,23.0,12.0,23.0,18.0,18.0,23.0,23.0,12.0,18.0,12.0,3,BR3-IKX202-A,BR3,1,none
12010,BR2-IKX103-D-A,Ðonas,17.0,1,1,374.0,1002.0,21.0,18.0,27.0,27.0,27.0,27.0,27.0,12.0,27.0,21.0,3,BR2-IKX103-D-A,BR2,1,none
12010,BR2-IKX103-K-A,Ðonas,17.0,1,1,374.0,1002.0,21.0,18.0,27.0,27.0,27.0,27.0,27.0,12.0,27.0,21.0,3,BR2-IKX103-K-A,BR2,1,none
12010,BR3-ITX103-D,Deðininis ðonas,9.0,1,1,1147.0,248.0,18.0,10.0,18.0,18.0,18.0,18.0,18.0,10.0,18.0,18.0,2,BR3-ITX103-D,BR3,0,none
12010,BR3-IRX206,Virðus,12.0,1,1,506.0,475.0,11.0,14.0,11.0,18.0,18.0,20.0,20.0,12.0,18.0,20.0,3,BR3-IRX206,BR3,0,none
12010,BR3-IRX114-D,Deðininis ðonas,8.0,1,1,806.0,780.0,18.0,8.0,18.0,18.0,9.0,9.0,18.0,9.0,18.0,9.0,5,BR3-IRX114-D,BR3,0,none
12010,BR3-ITX108,Pertvara,18.0,2,0,408.5,465.0,18.0,18.0,18.0,18.0,20.0,35.0,18.0,18.0,18.0,18.0,2,BR3-ITX108,BR3,0,none
12010,BR3-IRX408,Lentyna,20.0,2,0,679.0,285.0,25.0,20.0,25.0,21.0,21.0,21.0,25.0,21.0,21.0,21.0,2,BR3-IRX408,BR3,0,none
12010,BR3-IRX115-D,Deðininis ðonas,13.0,1,1,952.0,231.0,22.0,15.0,22.0,22.0,22.0,22.0,22.0,15.0,22.0,22.0,3,BR3-IRX115-D,BR3,0,none
12010,BR3-IRX115-K,Kairinis ðonas,13.0,1,1,952.0,231.0,22.0,15.0,22.0,22.0,22.0,22.0,22.0,15.0,22.0,22.0,3,BR3-IRX115-K,BR3,0,none
12010,BR3-IRX212,Virðus,12.0,1,1,800.0,475.0,18.0,12.0,18.0,20.0,13.0,13.0,18.0,13.0,20.0,13.0,3,BR3-IRX212,BR3,0,none
12010,BR3-IRX211,Virðus,16.0,1,0,800.0,326.0,20.0,18.0,20.0,18.0,18.0,18.0,20.0,18.0,18.0,18.0,2,BR3-IRX211,BR3,0,none
12010,BR3-IRX912,Durys,17.0,1,0,684.0,336.0,21.0,16.0,21.0,18.0,18.0,18.0,21.0,18.0,18.0,18.0,2,BR3-IRX912,BR3,0,none
12010,BR3-IRX117,Pertvara,18.0,1,0,445.0,308.0,27.0,16.0,27.0,18.0,18.0,18.0,27.0,16.0,18.0,18.0,3,BR3-IRX117,BR3,0,none
12010,BR3-IRX114-K,Kairinis ðonas,8.0,1,1,806.0,780.0,18.0,8.0,18.0,18.0,9.0,9.0,18.0,9.0,18.0,9.0,5,BR3-IRX114-K,BR3,0,none
12010,BR3-IRX120-D,Deðininis ðonas,12.0,1,0,566.0,423.0,18.0,13.0,18.0,20.0,13.0,15.0,18.0,13.0,20.0,13.0,4,BR3-IRX120-D,BR3,0,none
12010,BR3-IRX310,Dugnas,17.0,1,1,680.0,412.0,18.0,14.0,18.0,21.0,18.0,18.0,18.0,14.0,21.0,14.0,4,BR3-IRX310,BR3,0,none
12010,BR3-IRX210,Virðus,12.0,1,0,800.0,475.0,17.0,13.0,17.0,20.0,13.0,13.0,17.0,13.0,20.0,13.0,3,BR3-IRX210,BR3,0,none
12010,BR3-IRX406,Lentyna,20.0,2,1,549.0,285.0,22.0,20.0,22.0,21.0,21.0,21.0,22.0,21.0,21.0,21.0,2,BR3-IRX406,BR3,0,none
12010,BR3-IRX405,Lentyna,20.0,2,1,550.0,285.0,21.0,13.0,21.0,21.0,14.0,14.0,21.0,14.0,21.0,14.0,3,BR3-IRX405,BR3,0,none
12010,BR3-IRX113-K,Kairinis ðonas,8.0,1,1,1775.5,231.0,20.0,9.0,20.0,18.0,18.0,18.0,20.0,9.0,18.0,9.0,4,BR3-IRX113-K,BR3,0,none
12010,BR3-IRX113-D,Deðininis ðonas,8.0,1,1,1775.5,231.0,20.0,9.0,20.0,18.0,18.0,18.0,20.0,9.0,18.0,9.0,4,BR3-IRX113-D,BR3,0,none
12010,BR3-IRX309,Dugnas,13.0,2,1,550.0,276.0,18.0,13.0,18.0,21.0,18.0,18.0,18.0,14.0,21.0,14.0,4,BR3-IRX309,BR3,0,none
12010,BR3-IRX209,Virðus,12.0,1,0,670.0,328.0,18.0,18.0,18.0,18.0,18.0,18.0,18.0,18.0,18.0,18.0,3,BR3-IRX209,BR3,0,none
12010,BR3-IRX407,Lentyna,17.0,2,0,679.0,408.0,25.0,21.0,25.0,32.0,21.0,21.0,25.0,21.0,32.0,21.0,3,BR3-IRX407,BR3,0,none
12010,BR3-ISX301,Dugnas,18.0,1,0,364.0,329.0,18.0,18.0,19.0,18.0,19.0,19.0,18.0,19.0,18.0,19.0,2,BR3-ISX301,BR3,0,none
12010,BR3-ISx903,Fasadas didelis,16.0,1,1,200.0,600.0,19.0,20.0,19.0,17.0,17.0,20.0,19.0,17.0,17.0,17.0,2,BR3-ISX903,BR3,0,none
12010,BR3-ISX108-K,Kairinis ðonas,12.0,1,1,477.0,783.0,18.0,13.0,18.0,20.0,20.0,13.0,18.0,13.0,20.0,13.0,3,BR3-ISX108-K,BR3,0,none
12010,BR3-ISX205,Virðus,10.0,1,1,603.0,1196.0,19.0,14.0,19.0,16.0,20.0,26.0,19.0,11.0,16.0,11.0,3,BR3-ISX205,BR3,0,none
12010,BR3-ISX403,Lentyna,18.0,1,0,529.0,364.0,18.0,22.0,18.0,18.0,0.0,0.0,18.0,12.0,0.0,0.0,3,BR3-ISX403,BR3,0,none
12010,BR3-ISX107,Pertvara,11.0,1,1,580.0,1879.0,18.0,22.0,18.0,18.0,0.0,0.0,18.0,12.0,0.0,0.0,3,BR3-ISX107,BR3,0,none
12010,BR3-ISX106-K,Ðonas,11.0,1,1,580.0,1879.0,29.0,22.0,29.0,18.0,0.0,0.0,29.0,12.0,18.0,12.0,3,BR3-ISX106-K,BR3,0,none
12010,BR3-ISX402,Lentyna,18.0,1,0,529.0,764.0,18.0,22.0,18.0,18.0,0.0,0.0,18.0,12.0,0.0,0.0,3,BR3-ISX402,BR3,0,none
12010,BR3-ISX208,Virðus,10.0,1,1,500.0,816.0,22.0,11.0,22.0,20.0,0.0,0.0,22.0,13.0,16.0,11.0,3,BR3-ISX208,BR3,0,none
12010,BR3-ISX207,Virðus,10.0,1,1,603.0,1196.0,22.0,11.0,22.0,20.0,0.0,0.0,22.0,13.0,16.0,11.0,3,BR3-ISX207,BR3,0,none
12010,BR3-ISX109-K,Kairinis ðonas,12.0,1,1,477.0,1008.0,18.0,13.0,18.0,20.0,20.0,13.0,18.0,13.0,20.0,13.0,3,BR3-ISX109-K,BR3,0,none
12010,BR3-ISX401,Lentyna,18.0,1,0,364.0,349.0,18.0,18.0,19.0,18.0,19.0,19.0,18.0,19.0,18.0,19.0,2,BR3-ISX401,BR3,0,none
12010,BR3-ISX101-D,Deðininis ðonas,14.0,2,0,529.0,375.0,18.0,14.0,18.0,18.0,18.0,18.0,18.0,14.0,18.0,18.0,2,BR3-ISX101-D,BR3,0,none
12010,BR3-ISX101-K,Kairinis ðonas,14.0,2,0,529.0,375.0,18.0,14.0,18.0,18.0,18.0,18.0,18.0,14.0,18.0,18.0,2,BR3-ISX101-K,BR3,0,none
12010,BR3-ISx201,Virðus,16.0,1,0,416.0,403.0,17.0,17.0,17.0,17.0,17.0,17.0,17.0,17.0,17.0,17.0,2,BR3-ISX201,BR3,0,none
12010,BR3-ISx703,Nugarëlë didelë,19.0,1,1,160.0,1288.0,19.0,15.0,28.0,19.0,0.0,0.0,28.0,19.0,0.0,0.0,2,BR3-ISX703,BR3,0,none
12010,BR3-ISx702,Nugarëlë maþa,19.0,1,1,160.0,598.0,19.0,15.0,28.0,19.0,0.0,0.0,28.0,19.0,0.0,0.0,2,BR3-ISX702,BR3,0,none
12010,BR3-ISx701,Nugarëlë didelë,19.0,1,0,160.0,1388.0,19.0,15.0,28.0,19.0,19.0,19.0,28.0,19.0,19.0,19.0,2,BR3-ISX701,BR3,0,none
12010,BR3-ITX106-K,Kairinis ðonas,16.0,1,1,520.0,378.0,24.0,16.0,24.0,24.0,24.0,24.0,24.0,16.0,24.0,24.0,3,BR3-ITX106-K,BR3,0,none
12010,BR3-ISX106-D,Ðonas,11.0,1,1,580.0,1879.0,29.0,22.0,29.0,18.0,0.0,0.0,29.0,12.0,18.0,12.0,3,BR3-ISX106-D,BR3,0,none
12010,BR2-IKX103-D-A,Ðonas,17.0,1,1,374.0,1002.0,21.0,18.0,27.0,27.0,27.0,27.0,27.0,12.0,27.0,21.0,3,BR2-IKX103-D-A,BR2,1,none
12010,BR3-ISX306,Dugnas,11.0,1,0,531.0,1144.0,20.0,12.0,20.0,18.0,0.0,0.0,18.0,12.0,0.0,0.0,3,BR3-ISX306,BR3,0,none
12010,BR3-IRX903,Durys,11.0,1,0,1697.0,396.0,26.0,11.0,26.0,26.0,12.0,18.0,26.0,12.0,26.0,12.0,3,BR3-IRX903,BR3,0,none
12010,BR3-IRX412-A,Lentyna,20.0,1,1,240.0,305.0,18.0,16.0,20.0,20.0,0.0,0.0,20.0,14.0,0.0,0.0,2,BR3-IRX412-A,BR3,1,none
12010,BR3-IRX215-A,Virðus,10.0,1,1,1200.0,730.0,15.0,10.0,18.0,18.0,18.0,18.0,18.0,10.0,18.0,10.0,4,BR3-IRX215-A,BR3,1,none
12010,BR3-IKX105,Pertvara,17.0,1,1,427.0,670.0,21.0,18.0,21.0,27.0,21.0,30.0,27.0,21.0,21.0,21.0,2,BR3-IKX105,BR3,0,none
12010,BR2-IKX901,Stalèiaus priekis,19.5,1,1,794.0,206.0,27.0,21.0,27.0,21.0,21.0,30.0,27.0,21.0,21.0,21.0,2,BR2-IKX901,BR2,0,none
12010,BR2-IKX101-K,Ðonas,17.0,1,0,688.0,374.0,21.0,18.0,21.0,27.0,21.0,30.0,27.0,21.0,21.0,21.0,2,BR2-IKX101-K,BR2,0,none
12010,BR3-ISX108-D,Deðininis ðonas,12.0,1,1,477.0,783.0,18.0,13.0,18.0,20.0,20.0,13.0,18.0,13.0,20.0,13.0,3,BR3-ISX108-D,BR3,0,none
12010,BR2-IKX103-K-A,Ðonas,17.0,1,1,374.0,1002.0,21.0,18.0,27.0,27.0,27.0,27.0,27.0,12.0,27.0,21.0,3,BR2-IKX103-K-A,BR2,1,none
12010,BR3-ISx904,Fasadas didelis,19.0,1,1,200.0,1290.0,32.0,20.0,32.0,17.0,17.0,35.0,32.0,17.0,17.0,17.0,2,BR3-ISX904,BR3,0,none
12010,BR3-ISX704,Nugarëlë,16.0,2,1,223.0,764.0,19.0,20.0,19.0,17.0,17.0,20.0,19.0,17.0,17.0,17.0,2,BR3-ISX704,BR3,0,none
12010,BR3-ISX112,Pertvara,16.0,1,1,256.0,425.5,19.0,20.0,19.0,17.0,17.0,20.0,19.0,17.0,17.0,17.0,2,BR3-ISX112,BR3,0,none
12010,BR3-ISX110,Pertvara,12.0,1,1,456.0,783.0,18.0,13.0,18.0,20.0,20.0,13.0,18.0,13.0,20.0,13.0,3,BR3-ISX110,BR3,0,none
12010,BR3-ISX111-K,Kairinis ðonas,12.0,1,1,477.0,1233.0,18.0,13.0,18.0,20.0,20.0,13.0,18.0,13.0,20.0,13.0,3,BR3-ISX111-K,BR3,0,none
12010,BR3-ISX111-D,Deðininis ðonas,12.0,1,1,477.0,1233.0,18.0,13.0,18.0,20.0,20.0,13.0,18.0,13.0,20.0,13.0,3,BR3-ISX111-D,BR3,0,none
12010,BR3-ISX113-K,Kairinis ðonas,12.0,1,1,477.0,783.0,18.0,13.0,18.0,20.0,20.0,13.0,18.0,13.0,20.0,13.0,3,BR3-ISX113-K,BR3,0,none
12010,BR3-ISX113-D,Deðininis ðonas,12.0,1,1,477.0,783.0,18.0,13.0,18.0,20.0,20.0,13.0,18.0,13.0,20.0,13.0,3,BR3-ISX113-D,BR3,0,none
12010,BR3-ISX109-D,Deðininis ðonas,12.0,1,1,477.0,1008.0,18.0,13.0,18.0,20.0,20.0,13.0,18.0,13.0,20.0,13.0,3,BR3-ISX109-D,BR3,0,none
12010,BR2-IKX101-D,Ðonas,17.0,1,0,688.0,374.0,21.0,18.0,21.0,27.0,21.0,30.0,27.0,21.0,21.0,21.0,2,BR2-IKX101-D,BR2,0,none
12010,BR2-IKX903-A,Maþas stalèiaus priekis,19.5,2,1,794.0,210.0,27.0,21.0,27.0,21.0,21.0,27.0,27.0,21.0,21.0,18.0,2,BR2-IKX903-A,BR2,1,none
12010,BR3-ISx902,Fasadas didelis,16.0,1,1,200.0,1390.0,32.0,20.0,32.0,17.0,17.0,35.0,32.0,17.0,17.0,17.0,2,BR3-ISX902,BR3,0,none
12010,BR2-IKX301-A,Dugnas,12.0,1,1,800.0,369.0,23.0,12.0,23.0,18.0,18.0,23.0,23.0,12.0,18.0,12.0,3,BR2-IKX301-A,BR2,1,none
12010,BR3-ITX403,Lentyna,20.0,2,0,275.0,335.0,20.0,10.0,20.0,20.0,20.0,20.0,20.0,10.0,20.0,20.0,3,BR3-ITX403,BR3,0,none
12010,BR3-IRX313-A,Dugnas,14.0,1,1,240.0,305.0,15.0,15.0,18.0,18.0,18.0,18.0,18.0,15.0,18.0,15.0,3,BR3-IRX313-A,BR3,1,none
12010,BR3-IRX122-A,Universalus ðonas,14.0,1,1,566.0,258.0,22.0,20.0,22.0,21.0,21.0,21.0,22.0,21.0,21.0,21.0,2,BR3-IRX122-A,BR3,1,none
12010,BR3-IKX702-A,Nugarëlë,18.0,1,0,800.0,334.0,23.0,12.0,23.0,18.0,18.0,23.0,23.0,12.0,18.0,12.0,3,BR3-IKX702-A,BR3,1,none
12010,BR3-IKX204-A,Virðus,12.0,1,1,900.0,460.0,23.0,12.0,23.0,18.0,18.0,23.0,23.0,12.0,18.0,12.0,3,BR3-IKX204-A,BR3,1,none
12010,BR3-ITX107,Pertvara,14.0,2,0,970.0,278.0,20.0,14.0,20.0,20.0,0.0,0.0,20.0,14.0,0.0,0.0,3,BR3-ITX107,BR3,0,none
12010,BR3-ITX402,Lentyna,20.0,2,0,335.0,278.0,20.0,10.0,20.0,20.0,20.0,20.0,20.0,10.0,20.0,20.0,3,BR3-ITX402,BR3,0,none
12010,BR3-ISx305,Kojûgalis,12.0,1,0,378.0,1438.0,24.0,12.0,24.0,12.0,12.0,12.0,24.0,12.0,12.0,12.0,2,BR3-ISX305,BR3,0,none
12010,BR2-IKX902-A,Stalèiaus priekis,19.5,1,1,794.0,206.0,27.0,21.0,27.0,21.0,21.0,30.0,27.0,21.0,21.0,21.0,2,BR2-IKX902-A,BR2,1,none
12010,BR2-IKX902-1,Maþas stalèiaus priekis dvigubos,18.0,1,1,794.0,206.0,27.0,21.0,27.0,21.0,21.0,27.0,27.0,21.0,21.0,18.0,2,BR2-IKX902-1,BR2,0,none
12010,BR3-IKX702-A,Nugarëlë,14.0,1,0,800.0,334.0,23.0,12.0,23.0,18.0,18.0,23.0,23.0,12.0,18.0,12.0,3,BR3-IKX702-A,BR3,1,none
12010,BR2-IKX702-A,Nugarëlë,14.0,1,0,800.0,334.0,23.0,12.0,23.0,18.0,18.0,23.0,23.0,12.0,18.0,12.0,3,BR2-IKX702-A,BR2,1,none
12010,BR3-IKX702,Nugarëlë,18.0,1,0,800.0,334.0,23.0,12.0,23.0,18.0,18.0,23.0,23.0,12.0,18.0,12.0,3,BR3-IKX702,BR3,0,none
12010,BR3-ITX404,Lentyna,20.0,2,0,442.0,408.5,20.0,10.0,20.0,20.0,20.0,20.0,20.0,10.0,20.0,20.0,3,BR3-ITX404,BR3,0,none
12010,BR3-ITX405,Lentyna,20.0,2,0,335.0,408.5,20.0,10.0,20.0,20.0,20.0,20.0,20.0,10.0,20.0,20.0,3,BR3-ITX405,BR3,0,none
12010,BR3-ITX107,Pertvara,14.0,2,0,970.0,278.0,20.0,14.0,20.0,20.0,0.0,0.0,20.0,14.0,0.0,0.0,3,BR3-ITX107,BR3,0,none
12010,BR3-IRX706-A,Prilaikymo juosta,18.0,2,0,544.0,159.0,21.0,18.0,21.0,21.0,20.0,20.0,20.0,20.0,21.0,20.0,2,BR3-IRX706-A,BR3,1,none
12010,BR3-ISx604,Apatinë jungiamoji juosta,9.0,1,1,1354.0,180.0,18.0,9.0,18.0,9.0,9.0,9.0,18.0,9.0,9.0,9.0,2,BR3-ISX604,BR3,0,none
12010,BR3-ITX703,Nugarëlë,15.0,1,0,970.0,475.0,22.0,15.0,22.0,22.0,22.0,22.0,22.0,15.0,22.0,22.0,3,BR3-ITX703,BR3,0,none
12010,BR3-ISX209,Virðus,10.0,1,1,500.0,816.0,22.0,11.0,22.0,20.0,0.0,0.0,22.0,13.0,16.0,11.0,3,BR3-ISX209,BR3,0,none
12010,BR3-ISX206,Virðus,10.0,1,1,500.0,816.0,15.0,11.0,15.0,16.0,0.0,0.0,15.0,11.0,16.0,11.0,3,BR3-ISX206,BR3,0,none
12010,BR2-IKX301,Dugnas,12.0,2,0,800.0,369.0,24.0,20.0,24.0,24.0,0.0,0.0,24.0,20.0,0.0,0.0,4,BR2-IKX301,BR2,0,none
12010,BR2-IKX701,Nugarëlë,12.0,2,0,800.0,334.0,24.0,20.0,24.0,24.0,0.0,0.0,24.0,20.0,0.0,0.0,4,BR2-IKX701,BR2,0,none
12010,BR2-IKX702,Nugarëlë,12.0,2,0,800.0,334.0,24.0,20.0,24.0,24.0,0.0,0.0,24.0,20.0,0.0,0.0,4,BR2-IKX702,BR2,0,none
12010,BR3-ISx304,Kojûgalis,12.0,1,0,378.0,1284.0,24.0,12.0,24.0,12.0,12.0,12.0,24.0,12.0,12.0,12.0,2,BR3-ISX304,BR3,0,none
12010,BR2-IRX122-A,Universalus ðonas,14.0,1,1,566.0,258.0,22.0,20.0,22.0,21.0,21.0,21.0,22.0,21.0,21.0,21.0,2,BR2-IRX122-A,BR2,1,none
12010,BR3-ISx103,Ðonas,11.0,1,1,1902.0,180.0,28.0,12.0,28.0,16.0,16.0,35.0,28.0,12.0,16.0,12.0,3,BR3-ISX103,BR3,0,none
12010,BR3-ITX106-D,Deðininis ðonas,16.0,1,1,520.0,378.0,24.0,16.0,24.0,24.0,24.0,24.0,24.0,16.0,24.0,24.0,3,BR3-ITX106-D,BR3,0,none
12010,BR3-ISx607,Apatinë jungiamoji juosta,9.0,1,1,1554.0,180.0,18.0,9.0,18.0,9.0,9.0,9.0,18.0,9.0,9.0,9.0,2,BR3-ISX607,BR3,0,none
12010,BR3-ISx610,Apatinë jungiamoji juosta,9.0,1,1,1300.0,180.0,18.0,9.0,18.0,9.0,9.0,9.0,18.0,9.0,9.0,9.0,2,BR3-ISX610,BR3,0,none
12010,BR3-ISx613,Apatinë jungiamoji juosta,9.0,1,1,1454.0,180.0,18.0,9.0,18.0,9.0,9.0,9.0,18.0,9.0,9.0,9.0,2,BR3-ISX613,BR3,0,none
12010,BR3-ISx202,Galvûgalis,14.0,1,0,578.0,455.0,20.0,15.0,20.0,20.0,20.0,20.0,20.0,15.0,20.0,15.0,0,BR3-ISX202,BR3,0,none
12010,BR3-ISx203,Galvûgalis,14.0,1,0,670.0,455.0,20.0,15.0,20.0,20.0,20.0,20.0,20.0,15.0,20.0,15.0,0,BR3-ISX203,BR3,0,none
12010,BR3-ISx204,Galvûgalis,14.0,1,0,658.0,455.0,20.0,15.0,20.0,20.0,20.0,20.0,20.0,15.0,20.0,15.0,0,BR3-ISX204,BR3,0,none
12010,BR3-ISx302,Kojûgalis,12.0,1,0,378.0,1338.0,24.0,12.0,24.0,12.0,0.0,0.0,24.0,12.0,0.0,0.0,2,BR3-ISX302,BR3,0,none
12010,BR3-ISx303,Kojûgalis,12.0,1,0,378.0,1538.0,24.0,12.0,24.0,12.0,0.0,0.0,24.0,12.0,0.0,0.0,2,BR3-ISX303,BR3,0,none
12010,BR3-ISx102,Ðonas,11.0,1,1,2002.0,180.0,28.0,12.0,28.0,16.0,16.0,35.0,28.0,12.0,16.0,12.0,3,BR3-ISX102,BR3,0,none
12010,BR3-IKX202,Virðus,12.0,1,1,900.0,440.0,23.0,12.0,23.0,18.0,18.0,23.0,23.0,12.0,18.0,12.0,3,BR3-IKC202,BR3,0,chary
12010,BR3-ITX101-K,Kairinis ðonas,14.0,2,0,796.0,248.0,18.0,14.0,18.0,18.0,18.0,18.0,18.0,14.0,18.0,18.0,2,BR3-ITC101-K,BR3,0,chary
12010,BR3-ITX302,Dugnas,13.0,2,0,1037.0,295.0,21.0,14.0,21.0,21.0,21.0,21.0,21.0,14.0,21.0,14.0,3,BR3-ITC302,BR3,0,chary
12010,BR3-ITX301,Dugnas,14.0,2,0,686.0,295.0,24.0,18.0,22.0,27.0,25.0,32.0,22.0,18.0,27.0,18.0,3,BR3-ITC301,BR3,0,chary
12010,BR3-ITX104,Pertvara,13.0,2,0,1092.0,295.0,18.0,10.0,18.0,18.0,18.0,18.0,18.0,10.0,18.0,18.0,2,BR3-ITC104,BR3,0,chary
12010,BR3-ITX102,Pertvara,14.0,2,0,741.0,295.0,18.0,14.0,18.0,18.0,18.0,18.0,18.0,14.0,18.0,18.0,2,BR3-ITC102,BR3,0,chary
12010,BR3-ITX202,Virðus,13.0,2,1,1157.0,345.0,22.0,13.0,22.0,22.0,22.0,22.0,22.0,13.0,22.0,13.0,3,BR3-ITC202,BR3,0,chary
12010,BR3-ITX201,Virðus,12.0,2,1,806.0,345.0,18.0,12.0,18.0,18.0,18.0,18.0,18.0,12.0,18.0,12.0,3,BR3-ITC201,BR3,0,chary
12010,BR3-IRX901,Durys,18.0,1,1,460.0,320.0,11.0,14.0,11.0,18.0,12.0,18.0,19.0,12.0,18.0,12.0,2,BR3-IRC901,BR3,0,chary
12010,BR3-IKX203,Virðus,12.0,1,1,1718.0,440.0,27.0,12.0,27.0,18.0,18.0,27.0,27.0,12.0,18.0,12.0,3,BR3-IKC203,BR3,0,chary
12010,BR3-IKX204,Virðus,12.0,1,1,900.0,460.0,23.0,12.0,23.0,18.0,18.0,23.0,23.0,12.0,18.0,12.0,3,BR3-IKC204,BR3,0,chary
12010,BR2-IKX105,Pertvara,17.0,1,1,427.0,670.0,21.0,18.0,21.0,27.0,21.0,30.0,27.0,21.0,21.0,21.0,2,BR2-IKC105,BR2,0,chary
12010,BR2-IKX903,Maþas stalèiaus priekis,19.5,2,1,794.0,210.0,27.0,21.0,27.0,21.0,21.0,27.0,27.0,21.0,21.0,18.0,2,BR2-IKC903,BR2,0,chary
12010,BR2-IRX122,Universalus ðonas,14.0,1,1,566.0,258.0,22.0,20.0,22.0,21.0,21.0,21.0,22.0,21.0,21.0,21.0,2,BR2-IRC122,BR2,0,chary
12010,BR3-IRX313,Dugnas,14.0,1,1,240.0,305.0,15.0,15.0,18.0,18.0,18.0,18.0,18.0,15.0,18.0,15.0,3,BR3-IRC313,BR3,0,chary
12010,BR3-IRX215,Virðus,10.0,1,1,1200.0,730.0,15.0,10.0,18.0,18.0,18.0,18.0,18.0,10.0,18.0,10.0,4,BR3-IRC215,BR3,0,chary
12010,BR3-IRX706,Prilaikymo juosta,18.0,2,0,544.0,159.0,21.0,18.0,21.0,21.0,20.0,20.0,20.0,20.0,21.0,20.0,2,BR3-IRC706,BR3,0,chary
12010,BR3-IRX121,Pertvara,12.0,1,0,566.0,423.0,18.0,13.0,18.0,20.0,13.0,13.0,18.0,13.0,20.0,13.0,3,BR3-IRC121,BR3,0,chary
12010,BR2-IKX902,Stalèiaus priekis,19.5,1,1,794.0,206.0,27.0,21.0,27.0,21.0,21.0,30.0,27.0,21.0,21.0,21.0,2,BR2-IKC902,BR2,0,chary
12010,BR3-IRX121-A,Pertvara,12.0,1,0,566.0,423.0,15.0,13.0,18.0,20.0,13.0,13.0,18.0,13.0,20.0,13.0,3,BR3-IRC121-A,BR3,1,chary
12010,BR3-ITX105-K,Kairinis ðonas,14.0,1,1,970.0,247.0,21.0,14.0,21.0,21.0,21.0,3.0,21.0,14.0,21.0,14.0,3,BR3-ITC105-K,BR3,0,chary
12010,BR3-ITX105-D,Deðininis ðonas,14.0,1,1,970.0,247.0,21.0,14.0,21.0,21.0,21.0,3.0,21.0,14.0,21.0,14.0,3,BR3-ITC105-D,BR3,0,chary
12010,BR3-ITX303,Dugnas,11.0,1,0,408.5,1710.0,25.0,11.0,25.0,25.0,25.0,25.0,25.0,11.0,25.0,11.0,3,BR3-ITC303,BR3,0,chary
12010,BR3-ITX204,Virðus,9.0,1,1,1830.0,475.0,26.0,11.0,26.0,26.0,26.0,26.0,26.0,0.0,26.0,11.0,3,BR3-ITC204,BR3,0,chary
12010,BR3-ITX203,Virðus,11.0,2,1,1830.0,328.0,26.0,11.0,26.0,26.0,26.0,26.0,26.0,11.0,26.0,11.0,3,BR3-ITC203,BR3,0,chary
12010,BR2-IKX903-1,Maþas stalèiaus priekis dvigubos,18.0,1,1,794.0,206.0,27.0,21.0,27.0,21.0,21.0,27.0,27.0,21.0,21.0,18.0,2,BR2-IKC903-1,BR2,0,chary
12010,BR2-IKX701-A,Nugarëlë,12.0,1,0,800.0,334.0,23.0,12.0,23.0,18.0,18.0,23.0,23.0,12.0,18.0,12.0,3,BR2-IKC701-A,BR2,1,chary
12010,BR3-ITX101-D,Deðininis ðonas,14.0,2,0,796.0,248.0,18.0,14.0,18.0,18.0,18.0,18.0,18.0,14.0,18.0,18.0,2,BR3-ITC101-D,BR3,0,chary
12010,BR3-IKX103-D-A,Ðonas,17.0,1,1,374.0,1002.0,21.0,18.0,27.0,27.0,27.0,27.0,27.0,12.0,27.0,21.0,3,BR3-IKC103-D-A,BR3,1,chary
12010,BR3-ITX103-K,Kairinis ðonas,9.0,1,1,1147.0,248.0,18.0,10.0,18.0,18.0,18.0,18.0,18.0,10.0,18.0,18.0,2,BR3-ITC103-K,BR3,0,chary
12010,BR3-IRX120-D-A,Deðininis ðonas,12.0,1,0,566.0,423.0,18.0,13.0,18.0,20.0,20.0,13.0,18.0,13.0,20.0,13.0,3,BR3-IRC120-D-A,BR3,1,chary
12010,BR3-IRX120-K-A,Kairinis ðonas,12.0,1,0,566.0,423.0,18.0,13.0,18.0,20.0,13.0,15.0,18.0,13.0,20.0,13.0,4,BR3-IRC120-K-A,BR3,1,chary
12010,BR3-IRX214-A,Virðus,12.0,1,0,900.0,520.0,22.0,15.0,21.0,21.0,21.0,21.0,21.0,15.0,21.0,21.0,3,BR3-IRC214-A,BR3,1,chary
12010,BR2-IKX106-D,Ðonas,17.0,1,0,688.0,394.0,21.0,18.0,21.0,27.0,21.0,30.0,27.0,21.0,21.0,21.0,2,BR2-IKC106-D,BR2,0,chary
12010,BR2-IKX106-K,Ðonas,17.0,1,0,688.0,394.0,21.0,18.0,21.0,27.0,21.0,30.0,27.0,21.0,21.0,21.0,2,BR2-IKC106-K,BR2,0,chary
12010,BR2-IKX106-D-A,Ðonas,17.0,1,0,688.0,394.0,21.0,18.0,21.0,27.0,21.0,30.0,27.0,21.0,21.0,21.0,2,BR2-IKC106-D-A,BR2,1,chary
12010,BR2-IKX106-K-A,Ðonas,17.0,1,0,688.0,394.0,21.0,18.0,21.0,27.0,21.0,30.0,27.0,21.0,21.0,21.0,2,BR2-IKC106-K-A,BR2,1,chary
12010,BR3-IRX214,Virðus,12.0,1,0,900.0,520.0,22.0,15.0,21.0,21.0,21.0,21.0,21.0,15.0,21.0,21.0,3,BR3-IRC214,BR3,0,chary
12010,BR3-IKX103-K-A,Ðonas,17.0,1,1,374.0,1002.0,21.0,18.0,27.0,27.0,27.0,27.0,27.0,12.0,27.0,21.0,3,BR3-IKC103-K-A,BR3,1,chary
12010,BR3-IRX402,Lentyna,16.0,1,0,801.0,519.0,23.0,18.0,23.0,23.0,18.0,27.0,23.0,18.0,23.0,18.0,3,BR3-IRC402,BR3,0,chary
12010,BR3-IRX120-K,Kairinis ðonas,12.0,1,0,566.0,423.0,18.0,13.0,18.0,20.0,20.0,13.0,18.0,13.0,20.0,13.0,3,BR3-IRC120-K,BR3,0,chary
12010,BR3-IRX118-D,Deðininis ðonas,17.0,1,0,724.0,264.0,18.0,16.0,18.0,18.0,18.0,18.0,22.0,18.0,18.0,18.0,2,BR3-IRC118-D,BR3,0,chary
12010,BR3-IRX118-K,Kairinis ðonas,17.0,1,0,724.0,264.0,18.0,16.0,18.0,18.0,18.0,18.0,22.0,18.0,18.0,18.0,3,BR3-IRC118-K,BR3,0,chary
12010,BR3-IRX116-D,Deðininis ðonas,17.0,1,1,500.0,264.0,18.0,18.0,18.0,18.0,18.0,18.0,18.0,18.0,18.0,18.0,3,BR3-IRC116-D,BR3,0,chary
12010,BR3-IRX116-K,Kairinis ðonas,17.0,1,1,500.0,264.0,18.0,16.0,18.0,18.0,22.0,18.0,18.0,18.0,22.0,12.0,3,BR3-IRC116-K,BR3,0,chary
12010,BR3-IRX311,Dugnas,16.0,1,1,1080.0,312.0,26.0,20.0,26.0,17.0,18.0,18.0,27.0,17.0,21.0,18.0,2,BR3-IRC311,BR3,0,chary
12010,BR3-IRX213,Virðus,12.0,1,0,800.0,475.0,18.0,12.0,18.0,20.0,13.0,13.0,18.0,13.0,20.0,13.0,3,BR3-IRC213,BR3,0,chary
12010,BR3-IRX119,Pertvara,19.0,1,0,669.0,308.0,24.0,20.0,24.0,20.0,18.0,18.0,24.0,20.0,18.0,18.0,2,BR3-IRC119,BR3,0,chary
12010,BR2-IRX903,Durys,11.0,1,0,1697.0,396.0,26.0,11.0,26.0,26.0,12.0,18.0,26.0,12.0,26.0,12.0,3,BR2-IRC903,BR2,0,chary
12010,BR3-IRX902,Siauros dëþës fasadas,18.0,1,0,600.0,200.0,20.0,20.0,18.0,20.0,18.0,18.0,18.0,18.0,18.0,18.0,2,BR3-IRC902,BR3,0,chary
12010,BR3-IRX403,Lentyna,18.0,1,0,382.0,519.0,18.0,18.0,19.0,18.0,19.0,19.0,18.0,19.0,18.0,19.0,2,BR3-IRC403,BR3,0,chary
12010,BR3-IRX305,Dugnas,12.0,1,0,1200.0,505.0,26.0,20.0,26.0,23.0,18.0,22.0,26.0,15.0,23.0,18.0,3,BR3-IRC305,BR3,0,chary
12010,BR3-IRX205,Virðus,11.0,1,1,1310.0,571.0,26.0,20.0,26.0,18.0,18.0,18.0,22.0,12.0,18.0,12.0,3,BR3-IRC205,BR3,0,chary
12010,BR3-IRX907,Stalèiaus priekis,16.0,1,0,674.0,200.0,21.0,16.0,21.0,16.0,18.0,18.0,22.0,16.0,18.0,18.0,2,BR3-IRC907,BR3,0,chary
12010,BR3-IKX202-A,Virðus,12.0,1,1,900.0,440.0,23.0,12.0,23.0,18.0,18.0,23.0,23.0,12.0,18.0,12.0,3,BR3-IKC202-A,BR3,1,chary
12010,BR2-IKX103-D-A,Ðonas,17.0,1,1,374.0,1002.0,21.0,18.0,27.0,27.0,27.0,27.0,27.0,12.0,27.0,21.0,3,BR2-IKC103-D-A,BR2,1,chary
12010,BR2-IKX103-K-A,Ðonas,17.0,1,1,374.0,1002.0,21.0,18.0,27.0,27.0,27.0,27.0,27.0,12.0,27.0,21.0,3,BR2-IKC103-K-A,BR2,1,chary
12010,BR3-ITX103-D,Deðininis ðonas,9.0,1,1,1147.0,248.0,18.0,10.0,18.0,18.0,18.0,18.0,18.0,10.0,18.0,18.0,2,BR3-ITC103-D,BR3,0,chary
12010,BR3-IRX206,Virðus,12.0,1,1,506.0,475.0,11.0,14.0,11.0,18.0,18.0,20.0,20.0,12.0,18.0,20.0,3,BR3-IRC206,BR3,0,chary
12010,BR3-IRX114-D,Deðininis ðonas,8.0,1,1,806.0,780.0,18.0,8.0,18.0,18.0,9.0,9.0,18.0,9.0,18.0,9.0,5,BR3-IRC114-D,BR3,0,chary
12010,BR3-ITX108,Pertvara,18.0,2,0,408.5,465.0,18.0,18.0,18.0,18.0,20.0,35.0,18.0,18.0,18.0,18.0,2,BR3-ITC108,BR3,0,chary
12010,BR3-IRX408,Lentyna,20.0,2,0,679.0,285.0,25.0,20.0,25.0,21.0,21.0,21.0,25.0,21.0,21.0,21.0,2,BR3-IRC408,BR3,0,chary
12010,BR3-IRX115-D,Deðininis ðonas,13.0,1,1,952.0,231.0,22.0,15.0,22.0,22.0,22.0,22.0,22.0,15.0,22.0,22.0,3,BR3-IRC115-D,BR3,0,chary
12010,BR3-IRX115-K,Kairinis ðonas,13.0,1,1,952.0,231.0,22.0,15.0,22.0,22.0,22.0,22.0,22.0,15.0,22.0,22.0,3,BR3-IRC115-K,BR3,0,chary
12010,BR3-IRX212,Virðus,12.0,1,1,800.0,475.0,18.0,12.0,18.0,20.0,13.0,13.0,18.0,13.0,20.0,13.0,3,BR3-IRC212,BR3,0,chary
12010,BR3-IRX211,Virðus,16.0,1,0,800.0,326.0,20.0,18.0,20.0,18.0,18.0,18.0,20.0,18.0,18.0,18.0,2,BR3-IRC211,BR3,0,chary
12010,BR3-IRX912,Durys,17.0,1,0,684.0,336.0,21.0,16.0,21.0,18.0,18.0,18.0,21.0,18.0,18.0,18.0,2,BR3-IRC912,BR3,0,chary
12010,BR3-IRX117,Pertvara,18.0,1,0,445.0,308.0,27.0,16.0,27.0,18.0,18.0,18.0,27.0,16.0,18.0,18.0,3,BR3-IRC117,BR3,0,chary
12010,BR3-IRX114-K,Kairinis ðonas,8.0,1,1,806.0,780.0,18.0,8.0,18.0,18.0,9.0,9.0,18.0,9.0,18.0,9.0,5,BR3-IRC114-K,BR3,0,chary
12010,BR3-IRX120-D,Deðininis ðonas,12.0,1,0,566.0,423.0,18.0,13.0,18.0,20.0,13.0,15.0,18.0,13.0,20.0,13.0,4,BR3-IRC120-D,BR3,0,chary
12010,BR3-IRX310,Dugnas,17.0,1,1,680.0,412.0,18.0,14.0,18.0,21.0,18.0,18.0,18.0,14.0,21.0,14.0,4,BR3-IRC310,BR3,0,chary
12010,BR3-IRX210,Virðus,12.0,1,0,800.0,475.0,17.0,13.0,17.0,20.0,13.0,13.0,17.0,13.0,20.0,13.0,3,BR3-IRC210,BR3,0,chary
12010,BR3-IRX406,Lentyna,20.0,2,1,549.0,285.0,22.0,20.0,22.0,21.0,21.0,21.0,22.0,21.0,21.0,21.0,2,BR3-IRC406,BR3,0,chary
12010,BR3-IRX405,Lentyna,20.0,2,1,550.0,285.0,21.0,13.0,21.0,21.0,14.0,14.0,21.0,14.0,21.0,14.0,3,BR3-IRC405,BR3,0,chary
12010,BR3-IRX113-K,Kairinis ðonas,8.0,1,1,1775.5,231.0,20.0,9.0,20.0,18.0,18.0,18.0,20.0,9.0,18.0,9.0,4,BR3-IRC113-K,BR3,0,chary
12010,BR3-IRX113-D,Deðininis ðonas,8.0,1,1,1775.5,231.0,20.0,9.0,20.0,18.0,18.0,18.0,20.0,9.0,18.0,9.0,4,BR3-IRC113-D,BR3,0,chary
12010,BR3-IRX309,Dugnas,13.0,2,1,550.0,276.0,18.0,13.0,18.0,21.0,18.0,18.0,18.0,14.0,21.0,14.0,4,BR3-IRC309,BR3,0,chary
12010,BR3-IRX209,Virðus,12.0,1,0,670.0,328.0,18.0,18.0,18.0,18.0,18.0,18.0,18.0,18.0,18.0,18.0,3,BR3-IRC209,BR3,0,chary
12010,BR3-IRX407,Lentyna,17.0,2,0,679.0,408.0,25.0,21.0,25.0,32.0,21.0,21.0,25.0,21.0,32.0,21.0,3,BR3-IRC407,BR3,0,chary
12010,BR3-ISX301,Dugnas,18.0,1,0,364.0,329.0,18.0,18.0,19.0,18.0,19.0,19.0,18.0,19.0,18.0,19.0,2,BR3-ISC301,BR3,0,chary
12010,BR3-ISx903,Fasadas didelis,16.0,1,1,200.0,600.0,19.0,20.0,19.0,17.0,17.0,20.0,19.0,17.0,17.0,17.0,2,BR3-ISC903,BR3,0,chary
12010,BR3-ISX108-K,Kairinis ðonas,12.0,1,1,477.0,783.0,18.0,13.0,18.0,20.0,20.0,13.0,18.0,13.0,20.0,13.0,3,BR3-ISC108-K,BR3,0,chary
12010,BR3-ISX205,Virðus,10.0,1,1,603.0,1196.0,19.0,14.0,19.0,16.0,20.0,26.0,19.0,11.0,16.0,11.0,3,BR3-ISC205,BR3,0,chary
12010,BR3-ISX403,Lentyna,18.0,1,0,529.0,364.0,18.0,22.0,18.0,18.0,0.0,0.0,18.0,12.0,0.0,0.0,3,BR3-ISC403,BR3,0,chary
12010,BR3-ISX107,Pertvara,11.0,1,1,580.0,1879.0,18.0,22.0,18.0,18.0,0.0,0.0,18.0,12.0,0.0,0.0,3,BR3-ISC107,BR3,0,chary
12010,BR3-ISX106-K,Ðonas,11.0,1,1,580.0,1879.0,29.0,22.0,29.0,18.0,0.0,0.0,29.0,12.0,18.0,12.0,3,BR3-ISC106-K,BR3,0,chary
12010,BR3-ISX402,Lentyna,18.0,1,0,529.0,764.0,18.0,22.0,18.0,18.0,0.0,0.0,18.0,12.0,0.0,0.0,3,BR3-ISC402,BR3,0,chary
12010,BR3-ISX208,Virðus,10.0,1,1,500.0,816.0,22.0,11.0,22.0,20.0,0.0,0.0,22.0,13.0,16.0,11.0,3,BR3-ISC208,BR3,0,chary
12010,BR3-ISX207,Virðus,10.0,1,1,603.0,1196.0,22.0,11.0,22.0,20.0,0.0,0.0,22.0,13.0,16.0,11.0,3,BR3-ISC207,BR3,0,chary
12010,BR3-ISX109-K,Kairinis ðonas,12.0,1,1,477.0,1008.0,18.0,13.0,18.0,20.0,20.0,13.0,18.0,13.0,20.0,13.0,3,BR3-ISC109-K,BR3,0,chary
12010,BR3-ISX401,Lentyna,18.0,1,0,364.0,349.0,18.0,18.0,19.0,18.0,19.0,19.0,18.0,19.0,18.0,19.0,2,BR3-ISC401,BR3,0,chary
12010,BR3-ISX101-D,Deðininis ðonas,14.0,2,0,529.0,375.0,18.0,14.0,18.0,18.0,18.0,18.0,18.0,14.0,18.0,18.0,2,BR3-ISC101-D,BR3,0,chary
12010,BR3-ISX101-K,Kairinis ðonas,14.0,2,0,529.0,375.0,18.0,14.0,18.0,18.0,18.0,18.0,18.0,14.0,18.0,18.0,2,BR3-ISC101-K,BR3,0,chary
12010,BR3-ISx201,Virðus,16.0,1,0,416.0,403.0,17.0,17.0,17.0,17.0,17.0,17.0,17.0,17.0,17.0,17.0,2,BR3-ISC201,BR3,0,chary
12010,BR3-ISx703,Nugarëlë didelë,19.0,1,1,160.0,1288.0,19.0,15.0,28.0,19.0,0.0,0.0,28.0,19.0,0.0,0.0,2,BR3-ISC703,BR3,0,chary
12010,BR3-ISx702,Nugarëlë maþa,19.0,1,1,160.0,598.0,19.0,15.0,28.0,19.0,0.0,0.0,28.0,19.0,0.0,0.0,2,BR3-ISC702,BR3,0,chary
12010,BR3-ISx701,Nugarëlë didelë,19.0,1,0,160.0,1388.0,19.0,15.0,28.0,19.0,19.0,19.0,28.0,19.0,19.0,19.0,2,BR3-ISC701,BR3,0,chary
12010,BR3-ITX106-K,Kairinis ðonas,16.0,1,1,520.0,378.0,24.0,16.0,24.0,24.0,24.0,24.0,24.0,16.0,24.0,24.0,3,BR3-ITC106-K,BR3,0,chary
12010,BR3-ISX106-D,Ðonas,11.0,1,1,580.0,1879.0,29.0,22.0,29.0,18.0,0.0,0.0,29.0,12.0,18.0,12.0,3,BR3-ISC106-D,BR3,0,chary
12010,BR2-IKX103-D-A,Ðonas,17.0,1,1,374.0,1002.0,21.0,18.0,27.0,27.0,27.0,27.0,27.0,12.0,27.0,21.0,3,BR2-IKC103-D-A,BR2,1,chary
12010,BR3-ISX306,Dugnas,11.0,1,0,531.0,1144.0,20.0,12.0,20.0,18.0,0.0,0.0,18.0,12.0,0.0,0.0,3,BR3-ISC306,BR3,0,chary
12010,BR3-IRX903,Durys,11.0,1,0,1697.0,396.0,26.0,11.0,26.0,26.0,12.0,18.0,26.0,12.0,26.0,12.0,3,BR3-IRC903,BR3,0,chary
12010,BR3-IRX412-A,Lentyna,20.0,1,1,240.0,305.0,18.0,16.0,20.0,20.0,0.0,0.0,20.0,14.0,0.0,0.0,2,BR3-IRC412-A,BR3,1,chary
12010,BR3-IRX215-A,Virðus,10.0,1,1,1200.0,730.0,15.0,10.0,18.0,18.0,18.0,18.0,18.0,10.0,18.0,10.0,4,BR3-IRC215-A,BR3,1,chary
12010,BR3-IKX105,Pertvara,17.0,1,1,427.0,670.0,21.0,18.0,21.0,27.0,21.0,30.0,27.0,21.0,21.0,21.0,2,BR3-IKC105,BR3,0,chary
12010,BR2-IKX901,Stalèiaus priekis,19.5,1,1,794.0,206.0,27.0,21.0,27.0,21.0,21.0,30.0,27.0,21.0,21.0,21.0,2,BR2-IKC901,BR2,0,chary
12010,BR2-IKX101-K,Ðonas,17.0,1,0,688.0,374.0,21.0,18.0,21.0,27.0,21.0,30.0,27.0,21.0,21.0,21.0,2,BR2-IKC101-K,BR2,0,chary
12010,BR3-ISX108-D,Deðininis ðonas,12.0,1,1,477.0,783.0,18.0,13.0,18.0,20.0,20.0,13.0,18.0,13.0,20.0,13.0,3,BR3-ISC108-D,BR3,0,chary
12010,BR2-IKX103-K-A,Ðonas,17.0,1,1,374.0,1002.0,21.0,18.0,27.0,27.0,27.0,27.0,27.0,12.0,27.0,21.0,3,BR2-IKC103-K-A,BR2,1,chary
12010,BR3-ISx904,Fasadas didelis,19.0,1,1,200.0,1290.0,32.0,20.0,32.0,17.0,17.0,35.0,32.0,17.0,17.0,17.0,2,BR3-ISC904,BR3,0,chary
12010,BR3-ISX704,Nugarëlë,16.0,2,1,223.0,764.0,19.0,20.0,19.0,17.0,17.0,20.0,19.0,17.0,17.0,17.0,2,BR3-ISC704,BR3,0,chary
12010,BR3-ISX112,Pertvara,16.0,1,1,256.0,425.5,19.0,20.0,19.0,17.0,17.0,20.0,19.0,17.0,17.0,17.0,2,BR3-ISC112,BR3,0,chary
12010,BR3-ISX110,Pertvara,12.0,1,1,456.0,783.0,18.0,13.0,18.0,20.0,20.0,13.0,18.0,13.0,20.0,13.0,3,BR3-ISC110,BR3,0,chary
12010,BR3-ISX111-K,Kairinis ðonas,12.0,1,1,477.0,1233.0,18.0,13.0,18.0,20.0,20.0,13.0,18.0,13.0,20.0,13.0,3,BR3-ISC111-K,BR3,0,chary
12010,BR3-ISX111-D,Deðininis ðonas,12.0,1,1,477.0,1233.0,18.0,13.0,18.0,20.0,20.0,13.0,18.0,13.0,20.0,13.0,3,BR3-ISC111-D,BR3,0,chary
12010,BR3-ISX113-K,Kairinis ðonas,12.0,1,1,477.0,783.0,18.0,13.0,18.0,20.0,20.0,13.0,18.0,13.0,20.0,13.0,3,BR3-ISC113-K,BR3,0,chary
12010,BR3-ISX113-D,Deðininis ðonas,12.0,1,1,477.0,783.0,18.0,13.0,18.0,20.0,20.0,13.0,18.0,13.0,20.0,13.0,3,BR3-ISC113-D,BR3,0,chary
12010,BR3-ISX109-D,Deðininis ðonas,12.0,1,1,477.0,1008.0,18.0,13.0,18.0,20.0,20.0,13.0,18.0,13.0,20.0,13.0,3,BR3-ISC109-D,BR3,0,chary
12010,BR2-IKX101-D,Ðonas,17.0,1,0,688.0,374.0,21.0,18.0,21.0,27.0,21.0,30.0,27.0,21.0,21.0,21.0,2,BR2-IKC101-D,BR2,0,chary
12010,BR2-IKX903-A,Maþas stalèiaus priekis,19.5,2,1,794.0,210.0,27.0,21.0,27.0,21.0,21.0,27.0,27.0,21.0,21.0,18.0,2,BR2-IKC903-A,BR2,1,chary
12010,BR3-ISx902,Fasadas didelis,16.0,1,1,200.0,1390.0,32.0,20.0,32.0,17.0,17.0,35.0,32.0,17.0,17.0,17.0,2,BR3-ISC902,BR3,0,chary
12010,BR2-IKX301-A,Dugnas,12.0,1,1,800.0,369.0,23.0,12.0,23.0,18.0,18.0,23.0,23.0,12.0,18.0,12.0,3,BR2-IKC301-A,BR2,1,chary
12010,BR3-ITX403,Lentyna,20.0,2,0,275.0,335.0,20.0,10.0,20.0,20.0,20.0,20.0,20.0,10.0,20.0,20.0,3,BR3-ITC403,BR3,0,chary
12010,BR3-IRX313-A,Dugnas,14.0,1,1,240.0,305.0,15.0,15.0,18.0,18.0,18.0,18.0,18.0,15.0,18.0,15.0,3,BR3-IRC313-A,BR3,1,chary
12010,BR3-IRX122-A,Universalus ðonas,14.0,1,1,566.0,258.0,22.0,20.0,22.0,21.0,21.0,21.0,22.0,21.0,21.0,21.0,2,BR3-IRC122-A,BR3,1,chary
12010,BR3-IKX702-A,Nugarëlë,18.0,1,0,800.0,334.0,23.0,12.0,23.0,18.0,18.0,23.0,23.0,12.0,18.0,12.0,3,BR3-IKC702-A,BR3,1,chary
12010,BR3-IKX204-A,Virðus,12.0,1,1,900.0,460.0,23.0,12.0,23.0,18.0,18.0,23.0,23.0,12.0,18.0,12.0,3,BR3-IKC204-A,BR3,1,chary
12010,BR3-ITX107,Pertvara,14.0,2,0,970.0,278.0,20.0,14.0,20.0,20.0,0.0,0.0,20.0,14.0,0.0,0.0,3,BR3-ITC107,BR3,0,chary
12010,BR3-ITX402,Lentyna,20.0,2,0,335.0,278.0,20.0,10.0,20.0,20.0,20.0,20.0,20.0,10.0,20.0,20.0,3,BR3-ITC402,BR3,0,chary
12010,BR3-ISx305,Kojûgalis,12.0,1,0,378.0,1438.0,24.0,12.0,24.0,12.0,12.0,12.0,24.0,12.0,12.0,12.0,2,BR3-ISC305,BR3,0,chary
12010,BR2-IKX902-A,Stalèiaus priekis,19.5,1,1,794.0,206.0,27.0,21.0,27.0,21.0,21.0,30.0,27.0,21.0,21.0,21.0,2,BR2-IKC902-A,BR2,1,chary
12010,BR2-IKX902-1,Maþas stalèiaus priekis dvigubos,18.0,1,1,794.0,206.0,27.0,21.0,27.0,21.0,21.0,27.0,27.0,21.0,21.0,18.0,2,BR2-IKC902-1,BR2,0,chary
12010,BR3-IKX702-A,Nugarëlë,14.0,1,0,800.0,334.0,23.0,12.0,23.0,18.0,18.0,23.0,23.0,12.0,18.0,12.0,3,BR3-IKC702-A,BR3,1,chary
12010,BR2-IKX702-A,Nugarëlë,14.0,1,0,800.0,334.0,23.0,12.0,23.0,18.0,18.0,23.0,23.0,12.0,18.0,12.0,3,BR2-IKC702-A,BR2,1,chary
12010,BR3-IKX702,Nugarëlë,18.0,1,0,800.0,334.0,23.0,12.0,23.0,18.0,18.0,23.0,23.0,12.0,18.0,12.0,3,BR3-IKC702,BR3,0,chary
12010,BR3-ITX404,Lentyna,20.0,2,0,442.0,408.5,20.0,10.0,20.0,20.0,20.0,20.0,20.0,10.0,20.0,20.0,3,BR3-ITC404,BR3,0,chary
12010,BR3-ITX405,Lentyna,20.0,2,0,335.0,408.5,20.0,10.0,20.0,20.0,20.0,20.0,20.0,10.0,20.0,20.0,3,BR3-ITC405,BR3,0,chary
12010,BR3-ITX107,Pertvara,14.0,2,0,970.0,278.0,20.0,14.0,20.0,20.0,0.0,0.0,20.0,14.0,0.0,0.0,3,BR3-ITC107,BR3,0,chary
12010,BR3-IRX706-A,Prilaikymo juosta,18.0,2,0,544.0,159.0,21.0,18.0,21.0,21.0,20.0,20.0,20.0,20.0,21.0,20.0,2,BR3-IRC706-A,BR3,1,chary
12010,BR3-ISx604,Apatinë jungiamoji juosta,9.0,1,1,1354.0,180.0,18.0,9.0,18.0,9.0,9.0,9.0,18.0,9.0,9.0,9.0,2,BR3-ISC604,BR3,0,chary
12010,BR3-ITX703,Nugarëlë,15.0,1,0,970.0,475.0,22.0,15.0,22.0,22.0,22.0,22.0,22.0,15.0,22.0,22.0,3,BR3-ITC703,BR3,0,chary
12010,BR3-ISX209,Virðus,10.0,1,1,500.0,816.0,22.0,11.0,22.0,20.0,0.0,0.0,22.0,13.0,16.0,11.0,3,BR3-ISC209,BR3,0,chary
12010,BR3-ISX206,Virðus,10.0,1,1,500.0,816.0,15.0,11.0,15.0,16.0,0.0,0.0,15.0,11.0,16.0,11.0,3,BR3-ISC206,BR3,0,chary
12010,BR2-IKX301,Dugnas,12.0,2,0,800.0,369.0,24.0,20.0,24.0,24.0,0.0,0.0,24.0,20.0,0.0,0.0,4,BR2-IKC301,BR2,0,chary
12010,BR2-IKX701,Nugarëlë,12.0,2,0,800.0,334.0,24.0,20.0,24.0,24.0,0.0,0.0,24.0,20.0,0.0,0.0,4,BR2-IKC701,BR2,0,chary
12010,BR2-IKX702,Nugarëlë,12.0,2,0,800.0,334.0,24.0,20.0,24.0,24.0,0.0,0.0,24.0,20.0,0.0,0.0,4,BR2-IKC702,BR2,0,chary
12010,BR3-ISx304,Kojûgalis,12.0,1,0,378.0,1284.0,24.0,12.0,24.0,12.0,12.0,12.0,24.0,12.0,12.0,12.0,2,BR3-ISC304,BR3,0,chary
12010,BR2-IRX122-A,Universalus ðonas,14.0,1,1,566.0,258.0,22.0,20.0,22.0,21.0,21.0,21.0,22.0,21.0,21.0,21.0,2,BR2-IRC122-A,BR2,1,chary
12010,BR3-ISx103,Ðonas,11.0,1,1,1902.0,180.0,28.0,12.0,28.0,16.0,16.0,35.0,28.0,12.0,16.0,12.0,3,BR3-ISC103,BR3,0,chary
12010,BR3-ITX106-D,Deðininis ðonas,16.0,1,1,520.0,378.0,24.0,16.0,24.0,24.0,24.0,24.0,24.0,16.0,24.0,24.0,3,BR3-ITC106-D,BR3,0,chary
12010,BR3-ISx607,Apatinë jungiamoji juosta,9.0,1,1,1554.0,180.0,18.0,9.0,18.0,9.0,9.0,9.0,18.0,9.0,9.0,9.0,2,BR3-ISC607,BR3,0,chary
12010,BR3-ISx610,Apatinë jungiamoji juosta,9.0,1,1,1300.0,180.0,18.0,9.0,18.0,9.0,9.0,9.0,18.0,9.0,9.0,9.0,2,BR3-ISC610,BR3,0,chary
12010,BR3-ISx613,Apatinë jungiamoji juosta,9.0,1,1,1454.0,180.0,18.0,9.0,18.0,9.0,9.0,9.0,18.0,9.0,9.0,9.0,2,BR3-ISC613,BR3,0,chary
12010,BR3-ISx202,Galvûgalis,14.0,1,0,578.0,455.0,20.0,15.0,20.0,20.0,20.0,20.0,20.0,15.0,20.0,15.0,0,BR3-ISC202,BR3,0,chary
12010,BR3-ISx203,Galvûgalis,14.0,1,0,670.0,455.0,20.0,15.0,20.0,20.0,20.0,20.0,20.0,15.0,20.0,15.0,0,BR3-ISC203,BR3,0,chary
12010,BR3-ISx204,Galvûgalis,14.0,1,0,658.0,455.0,20.0,15.0,20.0,20.0,20.0,20.0,20.0,15.0,20.0,15.0,0,BR3-ISC204,BR3,0,chary
12010,BR3-ISx302,Kojûgalis,12.0,1,0,378.0,1338.0,24.0,12.0,24.0,12.0,0.0,0.0,24.0,12.0,0.0,0.0,2,BR3-ISC302,BR3,0,chary
12010,BR3-ISx303,Kojûgalis,12.0,1,0,378.0,1538.0,24.0,12.0,24.0,12.0,0.0,0.0,24.0,12.0,0.0,0.0,2,BR3-ISC303,BR3,0,chary
12010,BR3-ISx102,Ðonas,11.0,1,1,2002.0,180.0,28.0,12.0,28.0,16.0,16.0,35.0,28.0,12.0,16.0,12.0,3,BR3-ISC102,BR3,0,chary
